16.902083333333334,63.40208333333333,-3742.0
16.902083333333334,63.50208333333333,-3755.0
16.902083333333334,63.60208333333333,-3729.0
16.902083333333334,63.702083333333334,-3717.0
16.902083333333334,63.802083333333336,-3701.0
16.902083333333334,63.90208333333333,-3695.0
16.902083333333334,64.00208333333333,-3686.0
16.902083333333334,64.10208333333333,-3671.0
16.902083333333334,64.20208333333333,-3662.0
16.902083333333334,64.30208333333333,-3645.0
16.902083333333334,64.40208333333334,-3633.0
16.902083333333334,64.50208333333333,-3621.0
16.902083333333334,64.60208333333333,-3623.0
16.902083333333334,64.70208333333333,-3619.0
16.902083333333334,64.80208333333333,-3615.0
16.902083333333334,64.90208333333334,-3619.0
16.902083333333334,65.00208333333333,-3595.0
16.902083333333334,65.10208333333333,-3577.3484
16.902083333333334,65.20208333333333,-3611.3508
16.902083333333334,65.30208333333333,-3601.0
16.902083333333334,65.40208333333334,-3569.0
16.902083333333334,65.50208333333333,-3558.0
16.902083333333334,65.60208333333333,-3520.0
16.902083333333334,65.70208333333333,-3559.0
16.902083333333334,65.80208333333333,-3580.0
16.902083333333334,65.90208333333334,-3606.0
16.902083333333334,66.00208333333333,-3636.0
16.902083333333334,66.10208333333333,-3631.0
16.902083333333334,66.20208333333333,-3631.0
16.902083333333334,66.30208333333333,-3672.0
16.902083333333334,66.40208333333334,-3708.0
16.902083333333334,66.50208333333333,-3704.0
16.902083333333334,66.60208333333333,-3678.0
16.902083333333334,66.70208333333333,-3617.0
16.902083333333334,66.80208333333333,-3617.0
16.902083333333334,66.90208333333334,-3596.0
16.902083333333334,67.00208333333333,-3718.0
16.902083333333334,67.10208333333333,-3714.0
16.902083333333334,67.20208333333333,-3506.0
16.902083333333334,67.30208333333333,-3206.0
16.902083333333334,67.40208333333334,-3207.0
16.902083333333334,67.50208333333333,-3238.0
16.902083333333334,67.60208333333333,-3247.0
16.902083333333334,67.70208333333333,-3427.0
16.902083333333334,67.80208333333333,-3519.0
16.902083333333334,67.90208333333334,-3621.0
16.902083333333334,68.00208333333333,-3594.0
16.902083333333334,68.10208333333333,-3557.8826
16.902083333333334,68.20208333333333,-3595.7612
16.902083333333334,68.30208333333333,-3608.3887
16.902083333333334,68.40208333333334,-3645.0
16.902083333333334,68.50208333333333,-3586.0
16.902083333333334,68.60208333333333,-3597.0
16.902083333333334,68.70208333333333,-3640.0
16.902083333333334,68.80208333333333,-3589.0
16.902083333333334,68.90208333333334,-3587.0
16.902083333333334,69.00208333333333,-3533.0
16.902083333333334,69.10208333333333,-3592.0
16.902083333333334,69.20208333333333,-3609.0
16.902083333333334,69.30208333333333,-3597.4482
16.902083333333334,69.40208333333334,-3593.0
16.902083333333334,69.50208333333333,-3592.0
16.902083333333334,69.60208333333333,-3563.0
16.902083333333334,69.70208333333333,-3587.0
16.902083333333334,69.80208333333333,-3513.0
16.902083333333334,69.90208333333334,-3542.0
16.902083333333334,70.00208333333333,-3533.0
16.902083333333334,70.10208333333333,-3499.0
16.902083333333334,70.20208333333333,-3385.0
16.902083333333334,70.30208333333333,-3415.0
16.902083333333334,70.40208333333334,-3277.0
16.902083333333334,70.50208333333333,-3205.0
16.902083333333334,70.60208333333333,-3108.0
16.902083333333334,70.70208333333333,-3016.0
16.902083333333334,70.80208333333333,-2888.0
16.902083333333334,70.90208333333334,-2650.0
16.902083333333334,71.00208333333333,-2546.0
16.902083333333334,71.10208333333333,-2315.0
16.902083333333334,71.20208333333333,-2167.0
16.902083333333334,71.30208333333333,-2079.0
16.902083333333334,71.40208333333334,-1789.0
16.902083333333334,71.50208333333333,-1738.0
16.902083333333334,71.60208333333333,-1747.0
16.902083333333334,71.70208333333333,-1469.0
16.902083333333334,71.80208333333333,-1196.0
16.902083333333334,71.90208333333334,-633.0
16.902083333333334,72.00208333333333,-311.0
16.902083333333334,72.10208333333333,-142.0
16.902083333333334,72.20208333333333,-96.0
16.902083333333334,72.30208333333333,-98.0
16.902083333333334,72.40208333333334,-79.0
16.902083333333334,72.50208333333333,-80.0
16.902083333333334,72.60208333333333,-75.0
16.902083333333334,72.70208333333333,-37.0
16.902083333333334,72.80208333333333,-65.0
16.902083333333334,72.90208333333334,-61.0
16.902083333333334,73.00208333333333,-51.0
16.902083333333334,73.10208333333333,-38.0
16.902083333333334,73.20208333333333,-25.0
17.00208333333333,63.40208333333333,-3733.0
17.00208333333333,63.50208333333333,-3767.0
17.00208333333333,63.60208333333333,-3722.0
17.00208333333333,63.702083333333334,-3701.0
17.00208333333333,63.802083333333336,-3691.0
17.00208333333333,63.90208333333333,-3681.0
17.00208333333333,64.00208333333333,-3671.0
17.00208333333333,64.10208333333333,-3661.0
17.00208333333333,64.20208333333333,-3651.0
17.00208333333333,64.30208333333333,-3623.0
17.00208333333333,64.40208333333334,-3618.0
17.00208333333333,64.50208333333333,-3607.0
17.00208333333333,64.60208333333333,-3609.0
17.00208333333333,64.70208333333333,-3616.0
17.00208333333333,64.80208333333333,-3589.0
17.00208333333333,64.90208333333334,-3587.0
17.00208333333333,65.00208333333333,-3581.0
17.00208333333333,65.10208333333333,-3585.0
17.00208333333333,65.20208333333333,-3575.4636
17.00208333333333,65.30208333333333,-3584.0
17.00208333333333,65.40208333333334,-3594.0
17.00208333333333,65.50208333333333,-3566.0
17.00208333333333,65.60208333333333,-3501.0
17.00208333333333,65.70208333333333,-3557.0
17.00208333333333,65.80208333333333,-3578.0
17.00208333333333,65.90208333333334,-3590.0
17.00208333333333,66.00208333333333,-3599.0
17.00208333333333,66.10208333333333,-3594.0
17.00208333333333,66.20208333333333,-3611.0
17.00208333333333,66.30208333333333,-3661.0
17.00208333333333,66.40208333333334,-3674.0
17.00208333333333,66.50208333333333,-3683.0
17.00208333333333,66.60208333333333,-3659.0
17.00208333333333,66.70208333333333,-3630.0
17.00208333333333,66.80208333333333,-3604.0
17.00208333333333,66.90208333333334,-3586.0
17.00208333333333,67.00208333333333,-3622.0
17.00208333333333,67.10208333333333,-3592.0
17.00208333333333,67.20208333333333,-3474.0
17.00208333333333,67.30208333333333,-3294.0
17.00208333333333,67.40208333333334,-3200.0
17.00208333333333,67.50208333333333,-3251.0
17.00208333333333,67.60208333333333,-3392.0
17.00208333333333,67.70208333333333,-3517.0
17.00208333333333,67.80208333333333,-3452.0
17.00208333333333,67.90208333333334,-3642.0
17.00208333333333,68.00208333333333,-3526.0
17.00208333333333,68.10208333333333,-3573.0
17.00208333333333,68.20208333333333,-3545.0
17.00208333333333,68.30208333333333,-3606.1418
17.00208333333333,68.40208333333334,-3592.4973
17.00208333333333,68.50208333333333,-3591.0
17.00208333333333,68.60208333333333,-3574.0
17.00208333333333,68.70208333333333,-3514.0
17.00208333333333,68.80208333333333,-3573.0
17.00208333333333,68.90208333333334,-3571.0
17.00208333333333,69.00208333333333,-2756.0
17.00208333333333,69.10208333333333,-3504.5583
17.00208333333333,69.20208333333333,-3586.8801
17.00208333333333,69.30208333333333,-3602.0
17.00208333333333,69.40208333333334,-3567.0
17.00208333333333,69.50208333333333,-3537.0
17.00208333333333,69.60208333333333,-3502.0
17.00208333333333,69.70208333333333,-3553.0
17.00208333333333,69.80208333333333,-3501.0
17.00208333333333,69.90208333333334,-3546.0
17.00208333333333,70.00208333333333,-3491.0
17.00208333333333,70.10208333333333,-3416.0
17.00208333333333,70.20208333333333,-3457.0
17.00208333333333,70.30208333333333,-3312.0
17.00208333333333,70.40208333333334,-3266.0
17.00208333333333,70.50208333333333,-3160.0
17.00208333333333,70.60208333333333,-3036.0
17.00208333333333,70.70208333333333,-2947.0
17.00208333333333,70.80208333333333,-2808.0
17.00208333333333,70.90208333333334,-2589.0
17.00208333333333,71.00208333333333,-2405.0
17.00208333333333,71.10208333333333,-2039.0
17.00208333333333,71.20208333333333,-2088.0
17.00208333333333,71.30208333333333,-2072.0
17.00208333333333,71.40208333333334,-1744.0
17.00208333333333,71.50208333333333,-1308.0
17.00208333333333,71.60208333333333,-1512.0
17.00208333333333,71.70208333333333,-1583.0
17.00208333333333,71.80208333333333,-998.0
17.00208333333333,71.90208333333334,-626.0
17.00208333333333,72.00208333333333,-174.0
17.00208333333333,72.10208333333333,-101.0
17.00208333333333,72.20208333333333,-96.0
17.00208333333333,72.30208333333333,-97.0
17.00208333333333,72.40208333333334,-85.0
17.00208333333333,72.50208333333333,-82.0
17.00208333333333,72.60208333333333,-71.0
17.00208333333333,72.70208333333333,-72.0
17.00208333333333,72.80208333333333,-60.0
17.00208333333333,72.90208333333334,-60.0
17.00208333333333,73.00208333333333,-50.0
17.00208333333333,73.10208333333333,-36.0
17.00208333333333,73.20208333333333,-21.0
17.102083333333333,63.40208333333333,-3737.0
17.102083333333333,63.50208333333333,-3740.0
17.102083333333333,63.60208333333333,-3706.0
17.102083333333333,63.702083333333334,-3680.0
17.102083333333333,63.802083333333336,-3669.0
17.102083333333333,63.90208333333333,-3660.0
17.102083333333333,64.00208333333333,-3656.0
17.102083333333333,64.10208333333333,-3651.0
17.102083333333333,64.20208333333333,-3628.0
17.102083333333333,64.30208333333333,-3628.0
17.102083333333333,64.40208333333334,-3615.0
17.102083333333333,64.50208333333333,-3599.0
17.102083333333333,64.60208333333333,-3598.0
17.102083333333333,64.70208333333333,-3595.0
17.102083333333333,64.80208333333333,-3577.0
17.102083333333333,64.90208333333334,-3543.0
17.102083333333333,65.00208333333333,-3553.0
17.102083333333333,65.10208333333333,-3547.0
17.102083333333333,65.20208333333333,-3559.8132
17.102083333333333,65.30208333333333,-3610.2822
17.102083333333333,65.40208333333334,-3594.0
17.102083333333333,65.50208333333333,-3539.0
17.102083333333333,65.60208333333333,-3525.0
17.102083333333333,65.70208333333333,-3485.0
17.102083333333333,65.80208333333333,-3562.0
17.102083333333333,65.90208333333334,-3569.0
17.102083333333333,66.00208333333333,-3528.0
17.102083333333333,66.10208333333333,-3556.0
17.102083333333333,66.20208333333333,-3591.0
17.102083333333333,66.30208333333333,-3617.0
17.102083333333333,66.40208333333334,-3647.0
17.102083333333333,66.50208333333333,-3656.0
17.102083333333333,66.60208333333333,-3671.0
17.102083333333333,66.70208333333333,-3668.0
17.102083333333333,66.80208333333333,-3592.0
17.102083333333333,66.90208333333334,-3591.0
17.102083333333333,67.00208333333333,-3493.0
17.102083333333333,67.10208333333333,-3546.0
17.102083333333333,67.20208333333333,-3566.0
17.102083333333333,67.30208333333333,-3484.0
17.102083333333333,67.40208333333334,-3206.0
17.102083333333333,67.50208333333333,-3370.0
17.102083333333333,67.60208333333333,-3452.0
17.102083333333333,67.70208333333333,-3522.0
17.102083333333333,67.80208333333333,-3307.0
17.102083333333333,67.90208333333334,-3537.0
17.102083333333333,68.00208333333333,-3541.0
17.102083333333333,68.10208333333333,-3568.0
17.102083333333333,68.20208333333333,-3487.0
17.102083333333333,68.30208333333333,-3593.0
17.102083333333333,68.40208333333334,-3594.0
17.102083333333333,68.50208333333333,-3569.9763
17.102083333333333,68.60208333333333,-3565.409
17.102083333333333,68.70208333333333,-3536.0
17.102083333333333,68.80208333333333,-3616.0
17.102083333333333,68.90208333333334,-3420.0
17.102083333333333,69.00208333333333,-2533.549
17.102083333333333,69.10208333333333,-3048.2678
17.102083333333333,69.20208333333333,-3600.0
17.102083333333333,69.30208333333333,-3553.0
17.102083333333333,69.40208333333334,-3495.0
17.102083333333333,69.50208333333333,-3468.0
17.102083333333333,69.60208333333333,-3443.0
17.102083333333333,69.70208333333333,-3446.0
17.102083333333333,69.80208333333333,-3456.0
17.102083333333333,69.90208333333334,-3445.0
17.102083333333333,70.00208333333333,-3444.0
17.102083333333333,70.10208333333333,-3415.0
17.102083333333333,70.20208333333333,-3372.0
17.102083333333333,70.30208333333333,-3331.0
17.102083333333333,70.40208333333334,-3276.0
17.102083333333333,70.50208333333333,-3173.0
17.102083333333333,70.60208333333333,-2895.0
17.102083333333333,70.70208333333333,-2486.0
17.102083333333333,70.80208333333333,-2412.0
17.102083333333333,70.90208333333334,-2372.0
17.102083333333333,71.00208333333333,-2240.0
17.102083333333333,71.10208333333333,-1980.0
17.102083333333333,71.20208333333333,-2002.0
17.102083333333333,71.30208333333333,-1878.0
17.102083333333333,71.40208333333334,-1642.0
17.102083333333333,71.50208333333333,-971.0
17.102083333333333,71.60208333333333,-1325.0
17.102083333333333,71.70208333333333,-1219.0
17.102083333333333,71.80208333333333,-686.0
17.102083333333333,71.90208333333334,-312.0
17.102083333333333,72.00208333333333,-89.0
17.102083333333333,72.10208333333333,-92.0
17.102083333333333,72.20208333333333,-100.0
17.102083333333333,72.30208333333333,-91.0
17.102083333333333,72.40208333333334,-63.0
17.102083333333333,72.50208333333333,-83.0
17.102083333333333,72.60208333333333,-71.0
17.102083333333333,72.70208333333333,-70.0
17.102083333333333,72.80208333333333,-63.0
17.102083333333333,72.90208333333334,-59.0
17.102083333333333,73.00208333333333,-47.0
17.102083333333333,73.10208333333333,-34.0
17.102083333333333,73.20208333333333,-20.0
17.202083333333334,63.40208333333333,-3738.0
17.202083333333334,63.50208333333333,-3710.0
17.202083333333334,63.60208333333333,-3697.0
17.202083333333334,63.702083333333334,-3668.0
17.202083333333334,63.802083333333336,-3651.0
17.202083333333334,63.90208333333333,-3638.0
17.202083333333334,64.00208333333333,-3646.0
17.202083333333334,64.10208333333333,-3638.0
17.202083333333334,64.20208333333333,-3625.0
17.202083333333334,64.30208333333333,-3625.0
17.202083333333334,64.40208333333334,-3600.0
17.202083333333334,64.50208333333333,-3589.0
17.202083333333334,64.60208333333333,-3574.0
17.202083333333334,64.70208333333333,-3567.0
17.202083333333334,64.80208333333333,-3563.0
17.202083333333334,64.90208333333334,-3549.0
17.202083333333334,65.00208333333333,-3538.0
17.202083333333334,65.10208333333333,-3523.0
17.202083333333334,65.20208333333333,-3529.0
17.202083333333334,65.30208333333333,-3568.0718
17.202083333333334,65.40208333333334,-3615.0
17.202083333333334,65.50208333333333,-3566.0
17.202083333333334,65.60208333333333,-3524.0
17.202083333333334,65.70208333333333,-3465.0
17.202083333333334,65.80208333333333,-3508.0
17.202083333333334,65.90208333333334,-3550.0
17.202083333333334,66.00208333333333,-3529.0
17.202083333333334,66.10208333333333,-3543.0
17.202083333333334,66.20208333333333,-3569.0
17.202083333333334,66.30208333333333,-3588.0
17.202083333333334,66.40208333333334,-3622.0
17.202083333333334,66.50208333333333,-3632.0
17.202083333333334,66.60208333333333,-3602.0
17.202083333333334,66.70208333333333,-3496.0
17.202083333333334,66.80208333333333,-3419.0
17.202083333333334,66.90208333333334,-3530.0
17.202083333333334,67.00208333333333,-3496.0
17.202083333333334,67.10208333333333,-3523.0
17.202083333333334,67.20208333333333,-3563.0
17.202083333333334,67.30208333333333,-3119.0
17.202083333333334,67.40208333333334,-2966.0
17.202083333333334,67.50208333333333,-3174.0
17.202083333333334,67.60208333333333,-3425.0
17.202083333333334,67.70208333333333,-3475.0
17.202083333333334,67.80208333333333,-3542.0
17.202083333333334,67.90208333333334,-3495.0
17.202083333333334,68.00208333333333,-3533.0
17.202083333333334,68.10208333333333,-3585.0
17.202083333333334,68.20208333333333,-3554.0
17.202083333333334,68.30208333333333,-3510.0
17.202083333333334,68.40208333333334,-3530.0
17.202083333333334,68.50208333333333,-3563.0
17.202083333333334,68.60208333333333,-3567.0
17.202083333333334,68.70208333333333,-3564.4163
17.202083333333334,68.80208333333333,-3565.1514
17.202083333333334,68.90208333333334,-3560.3916
17.202083333333334,69.00208333333333,-2511.0
17.202083333333334,69.10208333333333,-3272.0
17.202083333333334,69.20208333333333,-3557.0
17.202083333333334,69.30208333333333,-3556.0
17.202083333333334,69.40208333333334,-3454.0
17.202083333333334,69.50208333333333,-3411.0
17.202083333333334,69.60208333333333,-3361.0
17.202083333333334,69.70208333333333,-3506.0
17.202083333333334,69.80208333333333,-3461.0
17.202083333333334,69.90208333333334,-3468.0
17.202083333333334,70.00208333333333,-3413.0
17.202083333333334,70.10208333333333,-3328.0
17.202083333333334,70.20208333333333,-3315.0
17.202083333333334,70.30208333333333,-3247.0
17.202083333333334,70.40208333333334,-3169.0
17.202083333333334,70.50208333333333,-3143.0
17.202083333333334,70.60208333333333,-2792.0
17.202083333333334,70.70208333333333,-2747.0
17.202083333333334,70.80208333333333,-2475.0
17.202083333333334,70.90208333333334,-2222.0
17.202083333333334,71.00208333333333,-2048.0
17.202083333333334,71.10208333333333,-1981.0
17.202083333333334,71.20208333333333,-1900.0
17.202083333333334,71.30208333333333,-1766.0
17.202083333333334,71.40208333333334,-1562.0
17.202083333333334,71.50208333333333,-1244.0
17.202083333333334,71.60208333333333,-947.0
17.202083333333334,71.70208333333333,-683.0
17.202083333333334,71.80208333333333,-371.0
17.202083333333334,71.90208333333334,-101.0
17.202083333333334,72.00208333333333,-91.0
17.202083333333334,72.10208333333333,-105.0
17.202083333333334,72.20208333333333,-102.0
17.202083333333334,72.30208333333333,-87.0
17.202083333333334,72.40208333333334,-90.0
17.202083333333334,72.50208333333333,-80.0
17.202083333333334,72.60208333333333,-73.0
17.202083333333334,72.70208333333333,-70.0
17.202083333333334,72.80208333333333,-61.0
17.202083333333334,72.90208333333334,-55.0
17.202083333333334,73.00208333333333,-43.0
17.202083333333334,73.10208333333333,-30.0
17.202083333333334,73.20208333333333,-16.0
17.302083333333332,63.40208333333333,-3717.0
17.302083333333332,63.50208333333333,-3713.0
17.302083333333332,63.60208333333333,-3681.0
17.302083333333332,63.702083333333334,-3648.0
17.302083333333332,63.802083333333336,-3652.0
17.302083333333332,63.90208333333333,-3647.0
17.302083333333332,64.00208333333333,-3627.0
17.302083333333332,64.10208333333333,-3613.0
17.302083333333332,64.20208333333333,-3608.0
17.302083333333332,64.30208333333333,-3589.0
17.302083333333332,64.40208333333334,-3585.0
17.302083333333332,64.50208333333333,-3591.0
17.302083333333332,64.60208333333333,-3568.0
17.302083333333332,64.70208333333333,-3551.0
17.302083333333332,64.80208333333333,-3537.0
17.302083333333332,64.90208333333334,-3528.0
17.302083333333332,65.00208333333333,-3525.0
17.302083333333332,65.10208333333333,-3510.0
17.302083333333332,65.20208333333333,-3489.0
17.302083333333332,65.30208333333333,-3499.2336
17.302083333333332,65.40208333333334,-3549.6646
17.302083333333332,65.50208333333333,-3551.0
17.302083333333332,65.60208333333333,-3561.0
17.302083333333332,65.70208333333333,-3478.0
17.302083333333332,65.80208333333333,-3469.0
17.302083333333332,65.90208333333334,-3497.0
17.302083333333332,66.00208333333333,-3511.0
17.302083333333332,66.10208333333333,-3531.0
17.302083333333332,66.20208333333333,-3556.0
17.302083333333332,66.30208333333333,-3556.0
17.302083333333332,66.40208333333334,-3574.0
17.302083333333332,66.50208333333333,-3581.0
17.302083333333332,66.60208333333333,-3601.0
17.302083333333332,66.70208333333333,-3558.0
17.302083333333332,66.80208333333333,-3539.0
17.302083333333332,66.90208333333334,-3583.0
17.302083333333332,67.00208333333333,-3485.0
17.302083333333332,67.10208333333333,-3542.0
17.302083333333332,67.20208333333333,-2955.0
17.302083333333332,67.30208333333333,-2569.0
17.302083333333332,67.40208333333334,-2788.0
17.302083333333332,67.50208333333333,-2981.0
17.302083333333332,67.60208333333333,-3279.0
17.302083333333332,67.70208333333333,-3485.0
17.302083333333332,67.80208333333333,-3458.0
17.302083333333332,67.90208333333334,-3486.0
17.302083333333332,68.00208333333333,-3502.0
17.302083333333332,68.10208333333333,-3536.0
17.302083333333332,68.20208333333333,-3511.0
17.302083333333332,68.30208333333333,-3417.0
17.302083333333332,68.40208333333334,-3554.0
17.302083333333332,68.50208333333333,-3637.0
17.302083333333332,68.60208333333333,-3554.0
17.302083333333332,68.70208333333333,-3569.0
17.302083333333332,68.80208333333333,-3557.569
17.302083333333332,68.90208333333334,-3550.7002
17.302083333333332,69.00208333333333,-3419.0
17.302083333333332,69.10208333333333,-3512.0
17.302083333333332,69.20208333333333,-3494.0
17.302083333333332,69.30208333333333,-3502.0
17.302083333333332,69.40208333333334,-3429.0
17.302083333333332,69.50208333333333,-3390.0
17.302083333333332,69.60208333333333,-3450.0
17.302083333333332,69.70208333333333,-3455.0
17.302083333333332,69.80208333333333,-3476.0
17.302083333333332,69.90208333333334,-3396.0
17.302083333333332,70.00208333333333,-3373.0
17.302083333333332,70.10208333333333,-3368.0
17.302083333333332,70.20208333333333,-3303.0
17.302083333333332,70.30208333333333,-3192.0
17.302083333333332,70.40208333333334,-3037.0
17.302083333333332,70.50208333333333,-2975.0
17.302083333333332,70.60208333333333,-2887.0
17.302083333333332,70.70208333333333,-2851.0
17.302083333333332,70.80208333333333,-2463.0
17.302083333333332,70.90208333333334,-2129.0
17.302083333333332,71.00208333333333,-1741.0
17.302083333333332,71.10208333333333,-1616.0
17.302083333333332,71.20208333333333,-1524.0
17.302083333333332,71.30208333333333,-1525.0
17.302083333333332,71.40208333333334,-1300.0
17.302083333333332,71.50208333333333,-925.0
17.302083333333332,71.60208333333333,-565.0
17.302083333333332,71.70208333333333,-175.0
17.302083333333332,71.80208333333333,-62.0
17.302083333333332,71.90208333333334,-95.0
17.302083333333332,72.00208333333333,-97.0
17.302083333333332,72.10208333333333,-91.0
17.302083333333332,72.20208333333333,-63.0
17.302083333333332,72.30208333333333,-89.0
17.302083333333332,72.40208333333334,-90.0
17.302083333333332,72.50208333333333,-83.0
17.302083333333332,72.60208333333333,-67.0
17.302083333333332,72.70208333333333,-69.0
17.302083333333332,72.80208333333333,-60.0
17.302083333333332,72.90208333333334,-50.0
17.302083333333332,73.00208333333333,-38.0
17.302083333333332,73.10208333333333,-25.0
17.302083333333332,73.20208333333333,5.063426
17.402083333333334,63.40208333333333,-3719.0
17.402083333333334,63.50208333333333,-3707.0
17.402083333333334,63.60208333333333,-3688.0
17.402083333333334,63.702083333333334,-3662.0
17.402083333333334,63.802083333333336,-3675.0
17.402083333333334,63.90208333333333,-3666.0
17.402083333333334,64.00208333333333,-3629.0
17.402083333333334,64.10208333333333,-3611.0
17.402083333333334,64.20208333333333,-3600.0
17.402083333333334,64.30208333333333,-3598.0
17.402083333333334,64.40208333333334,-3586.0
17.402083333333334,64.50208333333333,-3574.0
17.402083333333334,64.60208333333333,-3553.0
17.402083333333334,64.70208333333333,-3535.0
17.402083333333334,64.80208333333333,-3528.0
17.402083333333334,64.90208333333334,-3519.0
17.402083333333334,65.00208333333333,-3509.0
17.402083333333334,65.10208333333333,-3496.0
17.402083333333334,65.20208333333333,-3489.0
17.402083333333334,65.30208333333333,-3483.0
17.402083333333334,65.40208333333334,-3460.4673
17.402083333333334,65.50208333333333,-3497.5032
17.402083333333334,65.60208333333333,-3518.0
17.402083333333334,65.70208333333333,-3465.0
17.402083333333334,65.80208333333333,-3428.0
17.402083333333334,65.90208333333334,-3461.0
17.402083333333334,66.00208333333333,-3485.0
17.402083333333334,66.10208333333333,-3498.0
17.402083333333334,66.20208333333333,-3510.0
17.402083333333334,66.30208333333333,-3525.0
17.402083333333334,66.40208333333334,-3565.0
17.402083333333334,66.50208333333333,-3569.0
17.402083333333334,66.60208333333333,-3506.0
17.402083333333334,66.70208333333333,-3511.0
17.402083333333334,66.80208333333333,-3542.0
17.402083333333334,66.90208333333334,-3519.0
17.402083333333334,67.00208333333333,-3520.0
17.402083333333334,67.10208333333333,-3515.0
17.402083333333334,67.20208333333333,-2927.0
17.402083333333334,67.30208333333333,-2748.0
17.402083333333334,67.40208333333334,-2995.0
17.402083333333334,67.50208333333333,-3199.0
17.402083333333334,67.60208333333333,-3279.0
17.402083333333334,67.70208333333333,-3537.0
17.402083333333334,67.80208333333333,-3418.0
17.402083333333334,67.90208333333334,-3516.0
17.402083333333334,68.00208333333333,-3514.0
17.402083333333334,68.10208333333333,-3514.0
17.402083333333334,68.20208333333333,-3507.0
17.402083333333334,68.30208333333333,-3460.0
17.402083333333334,68.40208333333334,-3532.0
17.402083333333334,68.50208333333333,-3549.0
17.402083333333334,68.60208333333333,-3540.0
17.402083333333334,68.70208333333333,-3543.5188
17.402083333333334,68.80208333333333,-3554.0
17.402083333333334,68.90208333333334,-3567.0
17.402083333333334,69.00208333333333,-3530.247
17.402083333333334,69.10208333333333,-3510.4897
17.402083333333334,69.20208333333333,-3492.7598
17.402083333333334,69.30208333333333,-3470.0
17.402083333333334,69.40208333333334,-3472.0
17.402083333333334,69.50208333333333,-3419.0
17.402083333333334,69.60208333333333,-3347.0
17.402083333333334,69.70208333333333,-3366.0
17.402083333333334,69.80208333333333,-3464.0
17.402083333333334,69.90208333333334,-3345.0
17.402083333333334,70.00208333333333,-3262.0
17.402083333333334,70.10208333333333,-3316.0
17.402083333333334,70.20208333333333,-3226.0
17.402083333333334,70.30208333333333,-3138.0
17.402083333333334,70.40208333333334,-3057.0
17.402083333333334,70.50208333333333,-2938.0
17.402083333333334,70.60208333333333,-2619.0
17.402083333333334,70.70208333333333,-2528.0
17.402083333333334,70.80208333333333,-2246.0
17.402083333333334,70.90208333333334,-2078.0
17.402083333333334,71.00208333333333,-1731.0
17.402083333333334,71.10208333333333,-1387.0
17.402083333333334,71.20208333333333,-981.0
17.402083333333334,71.30208333333333,-1011.0
17.402083333333334,71.40208333333334,-661.0
17.402083333333334,71.50208333333333,-271.0
17.402083333333334,71.60208333333333,-108.0
17.402083333333334,71.70208333333333,-87.0
17.402083333333334,71.80208333333333,-85.0
17.402083333333334,71.90208333333334,-85.0
17.402083333333334,72.00208333333333,-91.0
17.402083333333334,72.10208333333333,-98.0
17.402083333333334,72.20208333333333,-105.0
17.402083333333334,72.30208333333333,-95.0
17.402083333333334,72.40208333333334,-86.0
17.402083333333334,72.50208333333333,-84.0
17.402083333333334,72.60208333333333,-69.0
17.402083333333334,72.70208333333333,-64.0
17.402083333333334,72.80208333333333,-50.0
17.402083333333334,72.90208333333334,-40.0
17.402083333333334,73.00208333333333,-31.0
17.402083333333334,73.10208333333333,-20.0
17.402083333333334,73.20208333333333,103.57898
17.50208333333333,63.40208333333333,-3701.0
17.50208333333333,63.50208333333333,-3696.0
17.50208333333333,63.60208333333333,-3654.0
17.50208333333333,63.702083333333334,-3668.0
17.50208333333333,63.802083333333336,-3649.0
17.50208333333333,63.90208333333333,-3633.0
17.50208333333333,64.00208333333333,-3646.0
17.50208333333333,64.10208333333333,-3608.0
17.50208333333333,64.20208333333333,-3592.0
17.50208333333333,64.30208333333333,-3600.0
17.50208333333333,64.40208333333334,-3595.0
17.50208333333333,64.50208333333333,-3556.0
17.50208333333333,64.60208333333333,-3538.0
17.50208333333333,64.70208333333333,-3530.0
17.50208333333333,64.80208333333333,-3511.0
17.50208333333333,64.90208333333334,-3513.0
17.50208333333333,65.00208333333333,-3499.0
17.50208333333333,65.10208333333333,-3499.0
17.50208333333333,65.20208333333333,-3483.0
17.50208333333333,65.30208333333333,-3461.0
17.50208333333333,65.40208333333334,-3446.0
17.50208333333333,65.50208333333333,-3468.159
17.50208333333333,65.60208333333333,-3481.0
17.50208333333333,65.70208333333333,-3475.0
17.50208333333333,65.80208333333333,-3394.0
17.50208333333333,65.90208333333334,-3447.0
17.50208333333333,66.00208333333333,-3452.0
17.50208333333333,66.10208333333333,-3480.0
17.50208333333333,66.20208333333333,-3507.0
17.50208333333333,66.30208333333333,-3546.0
17.50208333333333,66.40208333333334,-3556.0
17.50208333333333,66.50208333333333,-3532.0
17.50208333333333,66.60208333333333,-3486.0
17.50208333333333,66.70208333333333,-3505.0
17.50208333333333,66.80208333333333,-3519.0
17.50208333333333,66.90208333333334,-3489.0
17.50208333333333,67.00208333333333,-3513.0
17.50208333333333,67.10208333333333,-3548.0
17.50208333333333,67.20208333333333,-3193.0
17.50208333333333,67.30208333333333,-3020.0
17.50208333333333,67.40208333333334,-3071.0
17.50208333333333,67.50208333333333,-3404.0
17.50208333333333,67.60208333333333,-3547.0
17.50208333333333,67.70208333333333,-3511.0
17.50208333333333,67.80208333333333,-3400.0
17.50208333333333,67.90208333333334,-3501.0
17.50208333333333,68.00208333333333,-3484.0
17.50208333333333,68.10208333333333,-3502.0
17.50208333333333,68.20208333333333,-3465.0
17.50208333333333,68.30208333333333,-3529.0
17.50208333333333,68.40208333333334,-3510.0
17.50208333333333,68.50208333333333,-3522.0
17.50208333333333,68.60208333333333,-3527.1228
17.50208333333333,68.70208333333333,-3538.0
17.50208333333333,68.80208333333333,-3518.0
17.50208333333333,68.90208333333334,-3507.0
17.50208333333333,69.00208333333333,-3490.0
17.50208333333333,69.10208333333333,-3504.0
17.50208333333333,69.20208333333333,-3488.0972
17.50208333333333,69.30208333333333,-3466.5286
17.50208333333333,69.40208333333334,-3437.4397
17.50208333333333,69.50208333333333,-3400.0
17.50208333333333,69.60208333333333,-3364.0
17.50208333333333,69.70208333333333,-3313.0
17.50208333333333,69.80208333333333,-3290.0
17.50208333333333,69.90208333333334,-3277.0
17.50208333333333,70.00208333333333,-3278.0
17.50208333333333,70.10208333333333,-3221.0
17.50208333333333,70.20208333333333,-3092.0
17.50208333333333,70.30208333333333,-3119.0
17.50208333333333,70.40208333333334,-2999.0
17.50208333333333,70.50208333333333,-2807.0
17.50208333333333,70.60208333333333,-2479.0
17.50208333333333,70.70208333333333,-2332.0
17.50208333333333,70.80208333333333,-2105.0
17.50208333333333,70.90208333333334,-1763.0
17.50208333333333,71.00208333333333,-1485.0
17.50208333333333,71.10208333333333,-1120.0
17.50208333333333,71.20208333333333,-742.0
17.50208333333333,71.30208333333333,-313.0
17.50208333333333,71.40208333333334,-114.0
17.50208333333333,71.50208333333333,-121.0
17.50208333333333,71.60208333333333,-107.0
17.50208333333333,71.70208333333333,-38.0
17.50208333333333,71.80208333333333,-83.0
17.50208333333333,71.90208333333334,-89.0
17.50208333333333,72.00208333333333,-87.0
17.50208333333333,72.10208333333333,-100.0
17.50208333333333,72.20208333333333,-100.0
17.50208333333333,72.30208333333333,-90.0
17.50208333333333,72.40208333333334,-85.0
17.50208333333333,72.50208333333333,-78.0
17.50208333333333,72.60208333333333,-61.0
17.50208333333333,72.70208333333333,-49.0
17.50208333333333,72.80208333333333,-39.0
17.50208333333333,72.90208333333334,-32.0
17.50208333333333,73.00208333333333,-27.0
17.50208333333333,73.10208333333333,-16.0
17.50208333333333,73.20208333333333,100.72227
17.602083333333333,63.40208333333333,-3689.0
17.602083333333333,63.50208333333333,-3682.0
17.602083333333333,63.60208333333333,-3678.0
17.602083333333333,63.702083333333334,-3664.0
17.602083333333333,63.802083333333336,-3638.0
17.602083333333333,63.90208333333333,-3625.0
17.602083333333333,64.00208333333333,-3603.0
17.602083333333333,64.10208333333333,-3598.0
17.602083333333333,64.20208333333333,-3574.0
17.602083333333333,64.30208333333333,-3587.0
17.602083333333333,64.40208333333334,-3561.0
17.602083333333333,64.50208333333333,-3549.0
17.602083333333333,64.60208333333333,-3535.0
17.602083333333333,64.70208333333333,-3523.0
17.602083333333333,64.80208333333333,-3505.0
17.602083333333333,64.90208333333334,-3500.0
17.602083333333333,65.00208333333333,-3476.0
17.602083333333333,65.10208333333333,-3480.0
17.602083333333333,65.20208333333333,-3476.0
17.602083333333333,65.30208333333333,-3451.0
17.602083333333333,65.40208333333334,-3456.0
17.602083333333333,65.50208333333333,-3446.7468
17.602083333333333,65.60208333333333,-3406.3484
17.602083333333333,65.70208333333333,-3447.0
17.602083333333333,65.80208333333333,-3403.0
17.602083333333333,65.90208333333334,-3420.0
17.602083333333333,66.00208333333333,-3429.0
17.602083333333333,66.10208333333333,-3456.0
17.602083333333333,66.20208333333333,-3459.0
17.602083333333333,66.30208333333333,-3532.0
17.602083333333333,66.40208333333334,-3551.0
17.602083333333333,66.50208333333333,-3497.0
17.602083333333333,66.60208333333333,-3483.0
17.602083333333333,66.70208333333333,-3461.0
17.602083333333333,66.80208333333333,-3467.0
17.602083333333333,66.90208333333334,-3411.0
17.602083333333333,67.00208333333333,-3401.0
17.602083333333333,67.10208333333333,-3470.0
17.602083333333333,67.20208333333333,-3445.0
17.602083333333333,67.30208333333333,-3086.0
17.602083333333333,67.40208333333334,-3195.0
17.602083333333333,67.50208333333333,-3480.0
17.602083333333333,67.60208333333333,-3541.0
17.602083333333333,67.70208333333333,-3476.0
17.602083333333333,67.80208333333333,-3450.0
17.602083333333333,67.90208333333334,-3499.0
17.602083333333333,68.00208333333333,-3497.0
17.602083333333333,68.10208333333333,-3490.0
17.602083333333333,68.20208333333333,-3467.0
17.602083333333333,68.30208333333333,-3504.0
17.602083333333333,68.40208333333334,-3504.1208
17.602083333333333,68.50208333333333,-3508.6199
17.602083333333333,68.60208333333333,-3504.0
17.602083333333333,68.70208333333333,-3498.0
17.602083333333333,68.80208333333333,-3498.0
17.602083333333333,68.90208333333334,-3447.0
17.602083333333333,69.00208333333333,-3468.0
17.602083333333333,69.10208333333333,-3484.0
17.602083333333333,69.20208333333333,-3458.5728
17.602083333333333,69.30208333333333,-3443.1194
17.602083333333333,69.40208333333334,-3412.8684
17.602083333333333,69.50208333333333,-3372.0
17.602083333333333,69.60208333333333,-3335.0
17.602083333333333,69.70208333333333,-3278.0
17.602083333333333,69.80208333333333,-3162.0
17.602083333333333,69.90208333333334,-3328.0
17.602083333333333,70.00208333333333,-3218.0
17.602083333333333,70.10208333333333,-3077.0
17.602083333333333,70.20208333333333,-3067.0
17.602083333333333,70.30208333333333,-3006.0
17.602083333333333,70.40208333333334,-2879.0
17.602083333333333,70.50208333333333,-2683.0
17.602083333333333,70.60208333333333,-2297.0
17.602083333333333,70.70208333333333,-2077.0
17.602083333333333,70.80208333333333,-1532.0
17.602083333333333,70.90208333333334,-1000.0
17.602083333333333,71.00208333333333,-984.0
17.602083333333333,71.10208333333333,-550.0
17.602083333333333,71.20208333333333,-98.0
17.602083333333333,71.30208333333333,-115.0
17.602083333333333,71.40208333333334,-135.0
17.602083333333333,71.50208333333333,-125.0
17.602083333333333,71.60208333333333,-90.0
17.602083333333333,71.70208333333333,-70.0
17.602083333333333,71.80208333333333,-80.0
17.602083333333333,71.90208333333334,-94.0
17.602083333333333,72.00208333333333,-90.0
17.602083333333333,72.10208333333333,-103.0
17.602083333333333,72.20208333333333,-62.0
17.602083333333333,72.30208333333333,-77.0
17.602083333333333,72.40208333333334,-67.0
17.602083333333333,72.50208333333333,-53.0
17.602083333333333,72.60208333333333,-43.0
17.602083333333333,72.70208333333333,-44.0
17.602083333333333,72.80208333333333,-35.0
17.602083333333333,72.90208333333334,-30.0
17.602083333333333,73.00208333333333,-22.0
17.602083333333333,73.10208333333333,-10.0
17.602083333333333,73.20208333333333,82.06613
17.702083333333334,63.40208333333333,-3675.0
17.702083333333334,63.50208333333333,-3667.0
17.702083333333334,63.60208333333333,-3665.0
17.702083333333334,63.702083333333334,-3651.0
17.702083333333334,63.802083333333336,-3636.0
17.702083333333334,63.90208333333333,-3617.0
17.702083333333334,64.00208333333333,-3605.0
17.702083333333334,64.10208333333333,-3572.0
17.702083333333334,64.20208333333333,-3578.0
17.702083333333334,64.30208333333333,-3567.0
17.702083333333334,64.40208333333334,-3547.0
17.702083333333334,64.50208333333333,-3535.0
17.702083333333334,64.60208333333333,-3544.0
17.702083333333334,64.70208333333333,-3553.0
17.702083333333334,64.80208333333333,-3515.0
17.702083333333334,64.90208333333334,-3498.0
17.702083333333334,65.00208333333333,-3464.0
17.702083333333334,65.10208333333333,-3468.0
17.702083333333334,65.20208333333333,-3469.0
17.702083333333334,65.30208333333333,-3484.0
17.702083333333334,65.40208333333334,-3439.0
17.702083333333334,65.50208333333333,-3457.0
17.702083333333334,65.60208333333333,-3377.6138
17.702083333333334,65.70208333333333,-3428.0
17.702083333333334,65.80208333333333,-3423.0
17.702083333333334,65.90208333333334,-3396.0
17.702083333333334,66.00208333333333,-3351.0
17.702083333333334,66.10208333333333,-3413.0
17.702083333333334,66.20208333333333,-3487.0
17.702083333333334,66.30208333333333,-3509.0
17.702083333333334,66.40208333333334,-3469.0
17.702083333333334,66.50208333333333,-3479.0
17.702083333333334,66.60208333333333,-3510.0
17.702083333333334,66.70208333333333,-3509.0
17.702083333333334,66.80208333333333,-3424.0
17.702083333333334,66.90208333333334,-3237.0
17.702083333333334,67.00208333333333,-3040.0
17.702083333333334,67.10208333333333,-3337.0
17.702083333333334,67.20208333333333,-3329.0
17.702083333333334,67.30208333333333,-3109.0
17.702083333333334,67.40208333333334,-3440.0
17.702083333333334,67.50208333333333,-3475.0
17.702083333333334,67.60208333333333,-3482.0
17.702083333333334,67.70208333333333,-3434.0
17.702083333333334,67.80208333333333,-3436.0
17.702083333333334,67.90208333333334,-3476.0
17.702083333333334,68.00208333333333,-3464.0
17.702083333333334,68.10208333333333,-3478.0
17.702083333333334,68.20208333333333,-3490.0
17.702083333333334,68.30208333333333,-3485.5134
17.702083333333334,68.40208333333334,-3497.082
17.702083333333334,68.50208333333333,-3514.0
17.702083333333334,68.60208333333333,-3481.0
17.702083333333334,68.70208333333333,-3481.0
17.702083333333334,68.80208333333333,-3485.0
17.702083333333334,68.90208333333334,-3468.7175
17.702083333333334,69.00208333333333,-3446.2805
17.702083333333334,69.10208333333333,-3423.462
17.702083333333334,69.20208333333333,-3405.638
17.702083333333334,69.30208333333333,-3396.0
17.702083333333334,69.40208333333334,-3384.0
17.702083333333334,69.50208333333333,-3339.0
17.702083333333334,69.60208333333333,-3333.0
17.702083333333334,69.70208333333333,-3230.0
17.702083333333334,69.80208333333333,-3101.0
17.702083333333334,69.90208333333334,-3134.0
17.702083333333334,70.00208333333333,-3075.0
17.702083333333334,70.10208333333333,-3033.0
17.702083333333334,70.20208333333333,-2989.0
17.702083333333334,70.30208333333333,-2943.0
17.702083333333334,70.40208333333334,-2660.0
17.702083333333334,70.50208333333333,-2358.0
17.702083333333334,70.60208333333333,-2332.0
17.702083333333334,70.70208333333333,-1857.0
17.702083333333334,70.80208333333333,-1353.0
17.702083333333334,70.90208333333334,-867.0
17.702083333333334,71.00208333333333,-200.0
17.702083333333334,71.10208333333333,-108.0
17.702083333333334,71.20208333333333,-67.0
17.702083333333334,71.30208333333333,-50.0
17.702083333333334,71.40208333333334,-106.0
17.702083333333334,71.50208333333333,-130.0
17.702083333333334,71.60208333333333,-68.0
17.702083333333334,71.70208333333333,-86.0
17.702083333333334,71.80208333333333,-89.0
17.702083333333334,71.90208333333334,-74.0
17.702083333333334,72.00208333333333,-99.0
17.702083333333334,72.10208333333333,-86.0
17.702083333333334,72.20208333333333,-85.0
17.702083333333334,72.30208333333333,-66.0
17.702083333333334,72.40208333333334,-53.0
17.702083333333334,72.50208333333333,-46.0
17.702083333333334,72.60208333333333,-39.0
17.702083333333334,72.70208333333333,-36.0
17.702083333333334,72.80208333333333,-32.0
17.702083333333334,72.90208333333334,-27.0
17.702083333333334,73.00208333333333,-18.0
17.702083333333334,73.10208333333333,-8.0
17.702083333333334,73.20208333333333,210.42604
17.802083333333332,63.40208333333333,-3650.0
17.802083333333332,63.50208333333333,-3636.0
17.802083333333332,63.60208333333333,-3648.0
17.802083333333332,63.702083333333334,-3639.0
17.802083333333332,63.802083333333336,-3621.0
17.802083333333332,63.90208333333333,-3614.0
17.802083333333332,64.00208333333333,-3598.0
17.802083333333332,64.10208333333333,-3551.0
17.802083333333332,64.20208333333333,-3571.0
17.802083333333332,64.30208333333333,-3559.0
17.802083333333332,64.40208333333334,-3536.0
17.802083333333332,64.50208333333333,-3527.0
17.802083333333332,64.60208333333333,-3514.0
17.802083333333332,64.70208333333333,-3500.0
17.802083333333332,64.80208333333333,-3474.0
17.802083333333332,64.90208333333334,-3486.0
17.802083333333332,65.00208333333333,-3458.0
17.802083333333332,65.10208333333333,-3449.0
17.802083333333332,65.20208333333333,-3473.0
17.802083333333332,65.30208333333333,-3475.0
17.802083333333332,65.40208333333334,-3465.0
17.802083333333332,65.50208333333333,-3479.0
17.802083333333332,65.60208333333333,-3437.0
17.802083333333332,65.70208333333333,-3364.9692
17.802083333333332,65.80208333333333,-3414.0
17.802083333333332,65.90208333333334,-3397.0
17.802083333333332,66.00208333333333,-3313.0
17.802083333333332,66.10208333333333,-3380.0
17.802083333333332,66.20208333333333,-3468.0
17.802083333333332,66.30208333333333,-3464.0
17.802083333333332,66.40208333333334,-3401.0
17.802083333333332,66.50208333333333,-3356.0
17.802083333333332,66.60208333333333,-3380.0
17.802083333333332,66.70208333333333,-3364.0
17.802083333333332,66.80208333333333,-3376.0
17.802083333333332,66.90208333333334,-3285.0
17.802083333333332,67.00208333333333,-2784.0
17.802083333333332,67.10208333333333,-3174.0
17.802083333333332,67.20208333333333,-3340.0
17.802083333333332,67.30208333333333,-3383.0
17.802083333333332,67.40208333333334,-3443.0
17.802083333333332,67.50208333333333,-3433.0
17.802083333333332,67.60208333333333,-3442.0
17.802083333333332,67.70208333333333,-3480.0
17.802083333333332,67.80208333333333,-3420.0
17.802083333333332,67.90208333333334,-3426.0
17.802083333333332,68.00208333333333,-3458.0
17.802083333333332,68.10208333333333,-3472.0
17.802083333333332,68.20208333333333,-3472.2773
17.802083333333332,68.30208333333333,-3483.9172
17.802083333333332,68.40208333333334,-3482.0
17.802083333333332,68.50208333333333,-3487.0
17.802083333333332,68.60208333333333,-3476.6409
17.802083333333332,68.70208333333333,-3463.0122
17.802083333333332,68.80208333333333,-3450.2065
17.802083333333332,68.90208333333334,-3437.0
17.802083333333332,69.00208333333333,-3450.0
17.802083333333332,69.10208333333333,-3451.0
17.802083333333332,69.20208333333333,-3401.0
17.802083333333332,69.30208333333333,-3365.0
17.802083333333332,69.40208333333334,-3303.0
17.802083333333332,69.50208333333333,-3284.0
17.802083333333332,69.60208333333333,-3276.0
17.802083333333332,69.70208333333333,-3069.0
17.802083333333332,69.80208333333333,-3058.0
17.802083333333332,69.90208333333334,-2879.0
17.802083333333332,70.00208333333333,-2962.0
17.802083333333332,70.10208333333333,-2902.0
17.802083333333332,70.20208333333333,-2788.0
17.802083333333332,70.30208333333333,-2806.0
17.802083333333332,70.40208333333334,-2534.0
17.802083333333332,70.50208333333333,-2106.0
17.802083333333332,70.60208333333333,-1908.0
17.802083333333332,70.70208333333333,-1164.0
17.802083333333332,70.80208333333333,-1000.0
17.802083333333332,70.90208333333334,-160.0
17.802083333333332,71.00208333333333,-86.0
17.802083333333332,71.10208333333333,-91.0
17.802083333333332,71.20208333333333,-91.0
17.802083333333332,71.30208333333333,-76.0
17.802083333333332,71.40208333333334,-91.0
17.802083333333332,71.50208333333333,-108.0
17.802083333333332,71.60208333333333,-92.0
17.802083333333332,71.70208333333333,-86.0
17.802083333333332,71.80208333333333,-94.0
17.802083333333332,71.90208333333334,-87.0
17.802083333333332,72.00208333333333,-96.0
17.802083333333332,72.10208333333333,-82.0
17.802083333333332,72.20208333333333,-68.0
17.802083333333332,72.30208333333333,-66.0
17.802083333333332,72.40208333333334,-50.0
17.802083333333332,72.50208333333333,-44.0
17.802083333333332,72.60208333333333,-34.0
17.802083333333332,72.70208333333333,-37.0
17.802083333333332,72.80208333333333,-31.0
17.802083333333332,72.90208333333334,-23.0
17.802083333333332,73.00208333333333,-14.0
17.802083333333332,73.10208333333333,15.0
17.802083333333332,73.20208333333333,32.7608
17.902083333333334,63.40208333333333,-3658.0
17.902083333333334,63.50208333333333,-3641.0
17.902083333333334,63.60208333333333,-3610.0
17.902083333333334,63.702083333333334,-3608.0
17.902083333333334,63.802083333333336,-3587.0
17.902083333333334,63.90208333333333,-3596.0
17.902083333333334,64.00208333333333,-3593.0
17.902083333333334,64.10208333333333,-3550.0
17.902083333333334,64.20208333333333,-3565.0
17.902083333333334,64.30208333333333,-3558.0
17.902083333333334,64.40208333333334,-3535.0
17.902083333333334,64.50208333333333,-3519.0
17.902083333333334,64.60208333333333,-3499.0
17.902083333333334,64.70208333333333,-3487.0
17.902083333333334,64.80208333333333,-3468.0
17.902083333333334,64.90208333333334,-3465.0
17.902083333333334,65.00208333333333,-3452.0
17.902083333333334,65.10208333333333,-3435.0
17.902083333333334,65.20208333333333,-3461.0
17.902083333333334,65.30208333333333,-3470.0
17.902083333333334,65.40208333333334,-3477.0
17.902083333333334,65.50208333333333,-3462.0
17.902083333333334,65.60208333333333,-3424.0
17.902083333333334,65.70208333333333,-3377.8992
17.902083333333334,65.80208333333333,-3360.5051
17.902083333333334,65.90208333333334,-3363.0
17.902083333333334,66.00208333333333,-3312.0
17.902083333333334,66.10208333333333,-3372.0
17.902083333333334,66.20208333333333,-3424.0
17.902083333333334,66.30208333333333,-3398.0
17.902083333333334,66.40208333333334,-3224.0
17.902083333333334,66.50208333333333,-3153.0
17.902083333333334,66.60208333333333,-3143.0
17.902083333333334,66.70208333333333,-3292.0
17.902083333333334,66.80208333333333,-3390.0
17.902083333333334,66.90208333333334,-3364.0
17.902083333333334,67.00208333333333,-3409.0
17.902083333333334,67.10208333333333,-3183.0
17.902083333333334,67.20208333333333,-3439.0
17.902083333333334,67.30208333333333,-3462.0
17.902083333333334,67.40208333333334,-3409.0
17.902083333333334,67.50208333333333,-3379.0
17.902083333333334,67.60208333333333,-3399.0
17.902083333333334,67.70208333333333,-3444.0
17.902083333333334,67.80208333333333,-3413.0
17.902083333333334,67.90208333333334,-3398.0
17.902083333333334,68.00208333333333,-3456.0
17.902083333333334,68.10208333333333,-3462.779
17.902083333333334,68.20208333333333,-3467.555
17.902083333333334,68.30208333333333,-3464.9404
17.902083333333334,68.40208333333334,-3463.186
17.902083333333334,68.50208333333333,-3457.3438
17.902083333333334,68.60208333333333,-3456.0
17.902083333333334,68.70208333333333,-3442.0
17.902083333333334,68.80208333333333,-3453.0
17.902083333333334,68.90208333333334,-3436.0
17.902083333333334,69.00208333333333,-3394.0
17.902083333333334,69.10208333333333,-3386.0
17.902083333333334,69.20208333333333,-3357.0
17.902083333333334,69.30208333333333,-3328.0
17.902083333333334,69.40208333333334,-3249.0
17.902083333333334,69.50208333333333,-3242.0
17.902083333333334,69.60208333333333,-3214.0
17.902083333333334,69.70208333333333,-3042.0
17.902083333333334,69.80208333333333,-2927.0
17.902083333333334,69.90208333333334,-2804.0
17.902083333333334,70.00208333333333,-2890.0
17.902083333333334,70.10208333333333,-2720.0
17.902083333333334,70.20208333333333,-2624.0
17.902083333333334,70.30208333333333,-2577.0
17.902083333333334,70.40208333333334,-2279.0
17.902083333333334,70.50208333333333,-1725.0
17.902083333333334,70.60208333333333,-1562.0
17.902083333333334,70.70208333333333,-1066.0
17.902083333333334,70.80208333333333,-225.0
17.902083333333334,70.90208333333334,-112.0
17.902083333333334,71.00208333333333,-58.0
17.902083333333334,71.10208333333333,-119.0
17.902083333333334,71.20208333333333,-81.0
17.902083333333334,71.30208333333333,-92.0
17.902083333333334,71.40208333333334,-87.0
17.902083333333334,71.50208333333333,-76.0
17.902083333333334,71.60208333333333,-95.0
17.902083333333334,71.70208333333333,-98.0
17.902083333333334,71.80208333333333,-116.0
17.902083333333334,71.90208333333334,-94.0
17.902083333333334,72.00208333333333,-88.0
17.902083333333334,72.10208333333333,-89.0
17.902083333333334,72.20208333333333,-75.0
17.902083333333334,72.30208333333333,-50.0
17.902083333333334,72.40208333333334,-49.0
17.902083333333334,72.50208333333333,-44.0
17.902083333333334,72.60208333333333,-40.0
17.902083333333334,72.70208333333333,-39.0
17.902083333333334,72.80208333333333,-30.0
17.902083333333334,72.90208333333334,-20.0
17.902083333333334,73.00208333333333,-10.0
17.902083333333334,73.10208333333333,199.86404
17.902083333333334,73.20208333333333,173.18845
18.00208333333333,63.40208333333333,-3634.0
18.00208333333333,63.50208333333333,-3627.0
18.00208333333333,63.60208333333333,-3610.0
18.00208333333333,63.702083333333334,-3602.0
18.00208333333333,63.802083333333336,-3596.0
18.00208333333333,63.90208333333333,-3579.0
18.00208333333333,64.00208333333333,-3578.0
18.00208333333333,64.10208333333333,-3557.0
18.00208333333333,64.20208333333333,-3525.0
18.00208333333333,64.30208333333333,-3540.0
18.00208333333333,64.40208333333334,-3524.0
18.00208333333333,64.50208333333333,-3507.0
18.00208333333333,64.60208333333333,-3489.0
18.00208333333333,64.70208333333333,-3477.0
18.00208333333333,64.80208333333333,-3454.0
18.00208333333333,64.90208333333334,-3437.0
18.00208333333333,65.00208333333333,-3412.0
18.00208333333333,65.10208333333333,-3431.0
18.00208333333333,65.20208333333333,-3440.0
18.00208333333333,65.30208333333333,-3433.0
18.00208333333333,65.40208333333334,-3452.0
18.00208333333333,65.50208333333333,-3428.0
18.00208333333333,65.60208333333333,-3415.0
18.00208333333333,65.70208333333333,-3381.0
18.00208333333333,65.80208333333333,-3317.0938
18.00208333333333,65.90208333333334,-3361.0
18.00208333333333,66.00208333333333,-3259.0
18.00208333333333,66.10208333333333,-3329.0
18.00208333333333,66.20208333333333,-3385.0
18.00208333333333,66.30208333333333,-3408.0
18.00208333333333,66.40208333333334,-3061.0
18.00208333333333,66.50208333333333,-3096.0
18.00208333333333,66.60208333333333,-3157.0
18.00208333333333,66.70208333333333,-3173.0
18.00208333333333,66.80208333333333,-3445.0
18.00208333333333,66.90208333333334,-3448.0
18.00208333333333,67.00208333333333,-3280.0
18.00208333333333,67.10208333333333,-3448.0
18.00208333333333,67.20208333333333,-3442.0
18.00208333333333,67.30208333333333,-3440.0
18.00208333333333,67.40208333333334,-3433.0
18.00208333333333,67.50208333333333,-3388.0
18.00208333333333,67.60208333333333,-3446.0
18.00208333333333,67.70208333333333,-3393.0
18.00208333333333,67.80208333333333,-3428.0
18.00208333333333,67.90208333333334,-3382.0
18.00208333333333,68.00208333333333,-3480.0
18.00208333333333,68.10208333333333,-3448.7407
18.00208333333333,68.20208333333333,-3443.0
18.00208333333333,68.30208333333333,-3449.0
18.00208333333333,68.40208333333334,-3460.0
18.00208333333333,68.50208333333333,-3442.0
18.00208333333333,68.60208333333333,-3458.0
18.00208333333333,68.70208333333333,-3395.0
18.00208333333333,68.80208333333333,-3395.0
18.00208333333333,68.90208333333334,-3391.0
18.00208333333333,69.00208333333333,-3383.0
18.00208333333333,69.10208333333333,-3398.0
18.00208333333333,69.20208333333333,-3307.0
18.00208333333333,69.30208333333333,-3325.0
18.00208333333333,69.40208333333334,-3238.0
18.00208333333333,69.50208333333333,-3133.0
18.00208333333333,69.60208333333333,-3118.0
18.00208333333333,69.70208333333333,-3050.0
18.00208333333333,69.80208333333333,-2878.0
18.00208333333333,69.90208333333334,-2692.0
18.00208333333333,70.00208333333333,-2677.0
18.00208333333333,70.10208333333333,-2582.0
18.00208333333333,70.20208333333333,-2426.0
18.00208333333333,70.30208333333333,-2386.0
18.00208333333333,70.40208333333334,-2169.0
18.00208333333333,70.50208333333333,-1390.0
18.00208333333333,70.60208333333333,-839.0
18.00208333333333,70.70208333333333,-523.0
18.00208333333333,70.80208333333333,-102.0
18.00208333333333,70.90208333333334,-118.0
18.00208333333333,71.00208333333333,-87.0
18.00208333333333,71.10208333333333,-94.0
18.00208333333333,71.20208333333333,-80.0
18.00208333333333,71.30208333333333,-103.0
18.00208333333333,71.40208333333334,-106.0
18.00208333333333,71.50208333333333,-91.0
18.00208333333333,71.60208333333333,-100.0
18.00208333333333,71.70208333333333,-105.0
18.00208333333333,71.80208333333333,-99.0
18.00208333333333,71.90208333333334,-105.0
18.00208333333333,72.00208333333333,-97.0
18.00208333333333,72.10208333333333,-91.0
18.00208333333333,72.20208333333333,-74.0
18.00208333333333,72.30208333333333,-55.0
18.00208333333333,72.40208333333334,-44.0
18.00208333333333,72.50208333333333,-37.0
18.00208333333333,72.60208333333333,-40.0
18.00208333333333,72.70208333333333,-36.0
18.00208333333333,72.80208333333333,-28.0
18.00208333333333,72.90208333333334,-17.0
18.00208333333333,73.00208333333333,-5.0
18.00208333333333,73.10208333333333,36.14151
18.00208333333333,73.20208333333333,249.84053
18.102083333333333,63.40208333333333,-3620.0
18.102083333333333,63.50208333333333,-3615.0
18.102083333333333,63.60208333333333,-3607.0
18.102083333333333,63.702083333333334,-3590.0
18.102083333333333,63.802083333333336,-3586.0
18.102083333333333,63.90208333333333,-3572.0
18.102083333333333,64.00208333333333,-3574.0
18.102083333333333,64.10208333333333,-3530.0
18.102083333333333,64.20208333333333,-3541.0
18.102083333333333,64.30208333333333,-3537.0
18.102083333333333,64.40208333333334,-3521.0
18.102083333333333,64.50208333333333,-3502.0
18.102083333333333,64.60208333333333,-3483.0
18.102083333333333,64.70208333333333,-3462.0
18.102083333333333,64.80208333333333,-3440.0
18.102083333333333,64.90208333333334,-3438.0
18.102083333333333,65.00208333333333,-3411.0
18.102083333333333,65.10208333333333,-3424.0
18.102083333333333,65.20208333333333,-3394.0
18.102083333333333,65.30208333333333,-3378.0
18.102083333333333,65.40208333333334,-3379.0
18.102083333333333,65.50208333333333,-3411.0
18.102083333333333,65.60208333333333,-3422.0
18.102083333333333,65.70208333333333,-3351.0
18.102083333333333,65.80208333333333,-3294.9785
18.102083333333333,65.90208333333334,-3337.4258
18.102083333333333,66.00208333333333,-3281.0
18.102083333333333,66.10208333333333,-3261.0
18.102083333333333,66.20208333333333,-3331.0
18.102083333333333,66.30208333333333,-3409.0
18.102083333333333,66.40208333333334,-3114.0
18.102083333333333,66.50208333333333,-3190.0
18.102083333333333,66.60208333333333,-3337.0
18.102083333333333,66.70208333333333,-3342.0
18.102083333333333,66.80208333333333,-3458.0
18.102083333333333,66.90208333333334,-3433.0
18.102083333333333,67.00208333333333,-3445.0
18.102083333333333,67.10208333333333,-3432.0
18.102083333333333,67.20208333333333,-3434.0
18.102083333333333,67.30208333333333,-3417.0
18.102083333333333,67.40208333333334,-3428.0
18.102083333333333,67.50208333333333,-3432.0
18.102083333333333,67.60208333333333,-3392.0
18.102083333333333,67.70208333333333,-3364.0
18.102083333333333,67.80208333333333,-3402.0
18.102083333333333,67.90208333333334,-3393.0
18.102083333333333,68.00208333333333,-3410.0
18.102083333333333,68.10208333333333,-3408.0
18.102083333333333,68.20208333333333,-3459.0
18.102083333333333,68.30208333333333,-3434.0
18.102083333333333,68.40208333333334,-3432.0
18.102083333333333,68.50208333333333,-3435.0
18.102083333333333,68.60208333333333,-3452.0
18.102083333333333,68.70208333333333,-3456.0
18.102083333333333,68.80208333333333,-3423.0
18.102083333333333,68.90208333333334,-3391.0
18.102083333333333,69.00208333333333,-3370.0
18.102083333333333,69.10208333333333,-3355.0
18.102083333333333,69.20208333333333,-3300.0
18.102083333333333,69.30208333333333,-3294.0
18.102083333333333,69.40208333333334,-3196.0
18.102083333333333,69.50208333333333,-3112.0
18.102083333333333,69.60208333333333,-3061.0
18.102083333333333,69.70208333333333,-3012.0
18.102083333333333,69.80208333333333,-2868.0
18.102083333333333,69.90208333333334,-2647.0
18.102083333333333,70.00208333333333,-2440.0
18.102083333333333,70.10208333333333,-2470.0
18.102083333333333,70.20208333333333,-2355.0
18.102083333333333,70.30208333333333,-1956.0
18.102083333333333,70.40208333333334,-1559.0
18.102083333333333,70.50208333333333,-1133.0
18.102083333333333,70.60208333333333,-531.0
18.102083333333333,70.70208333333333,-214.0
18.102083333333333,70.80208333333333,-79.0
18.102083333333333,70.90208333333334,-128.0
18.102083333333333,71.00208333333333,-52.0
18.102083333333333,71.10208333333333,-88.0
18.102083333333333,71.20208333333333,-79.0
18.102083333333333,71.30208333333333,-92.0
18.102083333333333,71.40208333333334,-84.0
18.102083333333333,71.50208333333333,-87.0
18.102083333333333,71.60208333333333,-91.0
18.102083333333333,71.70208333333333,-94.0
18.102083333333333,71.80208333333333,-100.0
18.102083333333333,71.90208333333334,-96.0
18.102083333333333,72.00208333333333,-83.0
18.102083333333333,72.10208333333333,-100.0
18.102083333333333,72.20208333333333,-68.0
18.102083333333333,72.30208333333333,-53.0
18.102083333333333,72.40208333333334,-35.0
18.102083333333333,72.50208333333333,-43.0
18.102083333333333,72.60208333333333,-42.0
18.102083333333333,72.70208333333333,-36.0
18.102083333333333,72.80208333333333,-27.0
18.102083333333333,72.90208333333334,-13.0
18.102083333333333,73.00208333333333,172.32475
18.102083333333333,73.10208333333333,237.03996
18.102083333333333,73.20208333333333,254.18729
18.202083333333334,63.40208333333333,-3614.0
18.202083333333334,63.50208333333333,-3603.0
18.202083333333334,63.60208333333333,-3595.0
18.202083333333334,63.702083333333334,-3585.0
18.202083333333334,63.802083333333336,-3574.0
18.202083333333334,63.90208333333333,-3573.0
18.202083333333334,64.00208333333333,-3550.0
18.202083333333334,64.10208333333333,-3522.0
18.202083333333334,64.20208333333333,-3525.0
18.202083333333334,64.30208333333333,-3541.0
18.202083333333334,64.40208333333334,-3523.0
18.202083333333334,64.50208333333333,-3494.0
18.202083333333334,64.60208333333333,-3473.0
18.202083333333334,64.70208333333333,-3442.0
18.202083333333334,64.80208333333333,-3443.0
18.202083333333334,64.90208333333334,-3426.0
18.202083333333334,65.00208333333333,-3433.0
18.202083333333334,65.10208333333333,-3429.0
18.202083333333334,65.20208333333333,-3370.0
18.202083333333334,65.30208333333333,-3370.0
18.202083333333334,65.40208333333334,-3344.0
18.202083333333334,65.50208333333333,-3349.0
18.202083333333334,65.60208333333333,-3287.0
18.202083333333334,65.70208333333333,-3275.0
18.202083333333334,65.80208333333333,-3277.0
18.202083333333334,65.90208333333334,-3267.478
18.202083333333334,66.00208333333333,-3319.0
18.202083333333334,66.10208333333333,-3216.0
18.202083333333334,66.20208333333333,-3223.0
18.202083333333334,66.30208333333333,-3244.0
18.202083333333334,66.40208333333334,-3238.0
18.202083333333334,66.50208333333333,-3308.0
18.202083333333334,66.60208333333333,-3357.0
18.202083333333334,66.70208333333333,-3395.0
18.202083333333334,66.80208333333333,-3411.0
18.202083333333334,66.90208333333334,-3411.0
18.202083333333334,67.00208333333333,-3436.0
18.202083333333334,67.10208333333333,-3416.0
18.202083333333334,67.20208333333333,-3423.0
18.202083333333334,67.30208333333333,-3419.0
18.202083333333334,67.40208333333334,-3342.0
18.202083333333334,67.50208333333333,-3384.0
18.202083333333334,67.60208333333333,-3414.0
18.202083333333334,67.70208333333333,-3344.0
18.202083333333334,67.80208333333333,-3370.0
18.202083333333334,67.90208333333334,-3381.0
18.202083333333334,68.00208333333333,-3380.0
18.202083333333334,68.10208333333333,-3410.0
18.202083333333334,68.20208333333333,-3427.0
18.202083333333334,68.30208333333333,-3421.0
18.202083333333334,68.40208333333334,-3454.0
18.202083333333334,68.50208333333333,-3428.0
18.202083333333334,68.60208333333333,-3415.0
18.202083333333334,68.70208333333333,-3394.0
18.202083333333334,68.80208333333333,-3371.0
18.202083333333334,68.90208333333334,-3395.0
18.202083333333334,69.00208333333333,-3378.0
18.202083333333334,69.10208333333333,-3317.0
18.202083333333334,69.20208333333333,-3358.0
18.202083333333334,69.30208333333333,-3318.0
18.202083333333334,69.40208333333334,-3270.0
18.202083333333334,69.50208333333333,-3082.0
18.202083333333334,69.60208333333333,-2910.0
18.202083333333334,69.70208333333333,-2731.0
18.202083333333334,69.80208333333333,-2799.0
18.202083333333334,69.90208333333334,-2524.0
18.202083333333334,70.00208333333333,-2381.0
18.202083333333334,70.10208333333333,-2324.0
18.202083333333334,70.20208333333333,-1881.0
18.202083333333334,70.30208333333333,-1662.0
18.202083333333334,70.40208333333334,-1036.0
18.202083333333334,70.50208333333333,-1081.0
18.202083333333334,70.60208333333333,-401.0
18.202083333333334,70.70208333333333,-110.0
18.202083333333334,70.80208333333333,-96.0
18.202083333333334,70.90208333333334,-93.0
18.202083333333334,71.00208333333333,-70.0
18.202083333333334,71.10208333333333,-92.0
18.202083333333334,71.20208333333333,-95.0
18.202083333333334,71.30208333333333,-96.0
18.202083333333334,71.40208333333334,-84.0
18.202083333333334,71.50208333333333,-72.0
18.202083333333334,71.60208333333333,-83.0
18.202083333333334,71.70208333333333,-86.0
18.202083333333334,71.80208333333333,-88.0
18.202083333333334,71.90208333333334,-95.0
18.202083333333334,72.00208333333333,-64.0
18.202083333333334,72.10208333333333,-81.0
18.202083333333334,72.20208333333333,-72.0
18.202083333333334,72.30208333333333,-49.0
18.202083333333334,72.40208333333334,-33.0
18.202083333333334,72.50208333333333,-46.0
18.202083333333334,72.60208333333333,-42.0
18.202083333333334,72.70208333333333,-32.0
18.202083333333334,72.80208333333333,-22.0
18.202083333333334,72.90208333333334,-10.0
18.202083333333334,73.00208333333333,17.604979
18.202083333333334,73.10208333333333,203.28
18.202083333333334,73.20208333333333,164.87115
18.302083333333332,63.40208333333333,-3607.0
18.302083333333332,63.50208333333333,-3601.0
18.302083333333332,63.60208333333333,-3592.0
18.302083333333332,63.702083333333334,-3587.0
18.302083333333332,63.802083333333336,-3566.0
18.302083333333332,63.90208333333333,-3570.0
18.302083333333332,64.00208333333333,-3548.0
18.302083333333332,64.10208333333333,-3491.0
18.302083333333332,64.20208333333333,-3493.0
18.302083333333332,64.30208333333333,-3499.0
18.302083333333332,64.40208333333334,-3512.0
18.302083333333332,64.50208333333333,-3498.0
18.302083333333332,64.60208333333333,-3476.0
18.302083333333332,64.70208333333333,-3457.0
18.302083333333332,64.80208333333333,-3463.0
18.302083333333332,64.90208333333334,-3443.0
18.302083333333332,65.00208333333333,-3428.0
18.302083333333332,65.10208333333333,-3407.0
18.302083333333332,65.20208333333333,-3371.0
18.302083333333332,65.30208333333333,-3332.0
18.302083333333332,65.40208333333334,-3289.0
18.302083333333332,65.50208333333333,-3277.0
18.302083333333332,65.60208333333333,-3267.0
18.302083333333332,65.70208333333333,-3249.0
18.302083333333332,65.80208333333333,-3223.0
18.302083333333332,65.90208333333334,-3220.1326
18.302083333333332,66.00208333333333,-3289.4395
18.302083333333332,66.10208333333333,-3216.0
18.302083333333332,66.20208333333333,-3258.0
18.302083333333332,66.30208333333333,-3215.0
18.302083333333332,66.40208333333334,-3271.0
18.302083333333332,66.50208333333333,-3332.0
18.302083333333332,66.60208333333333,-3360.0
18.302083333333332,66.70208333333333,-3393.0
18.302083333333332,66.80208333333333,-3382.0
18.302083333333332,66.90208333333334,-3350.0
18.302083333333332,67.00208333333333,-3393.0
18.302083333333332,67.10208333333333,-3411.0
18.302083333333332,67.20208333333333,-3415.0
18.302083333333332,67.30208333333333,-3422.0
18.302083333333332,67.40208333333334,-3399.0
18.302083333333332,67.50208333333333,-3387.0
18.302083333333332,67.60208333333333,-3358.0
18.302083333333332,67.70208333333333,-3334.0
18.302083333333332,67.80208333333333,-3350.0
18.302083333333332,67.90208333333334,-3370.0
18.302083333333332,68.00208333333333,-3342.0
18.302083333333332,68.10208333333333,-3416.0
18.302083333333332,68.20208333333333,-3415.0
18.302083333333332,68.30208333333333,-3407.0
18.302083333333332,68.40208333333334,-3401.0
18.302083333333332,68.50208333333333,-3399.0
18.302083333333332,68.60208333333333,-3426.0
18.302083333333332,68.70208333333333,-3393.0
18.302083333333332,68.80208333333333,-3331.0
18.302083333333332,68.90208333333334,-3354.0
18.302083333333332,69.00208333333333,-3366.0
18.302083333333332,69.10208333333333,-3347.0
18.302083333333332,69.20208333333333,-3301.0
18.302083333333332,69.30208333333333,-3221.0
18.302083333333332,69.40208333333334,-3189.0
18.302083333333332,69.50208333333333,-3104.0
18.302083333333332,69.60208333333333,-2996.0
18.302083333333332,69.70208333333333,-2600.0
18.302083333333332,69.80208333333333,-2423.0
18.302083333333332,69.90208333333334,-2437.0
18.302083333333332,70.00208333333333,-2343.0
18.302083333333332,70.10208333333333,-2080.0
18.302083333333332,70.20208333333333,-1757.0
18.302083333333332,70.30208333333333,-1528.0
18.302083333333332,70.40208333333334,-1199.0
18.302083333333332,70.50208333333333,-501.0
18.302083333333332,70.60208333333333,-120.0
18.302083333333332,70.70208333333333,-90.0
18.302083333333332,70.80208333333333,-80.0
18.302083333333332,70.90208333333334,-97.0
18.302083333333332,71.00208333333333,-91.0
18.302083333333332,71.10208333333333,-82.0
18.302083333333332,71.20208333333333,-89.0
18.302083333333332,71.30208333333333,-85.0
18.302083333333332,71.40208333333334,-103.0
18.302083333333332,71.50208333333333,-90.0
18.302083333333332,71.60208333333333,-84.0
18.302083333333332,71.70208333333333,-78.0
18.302083333333332,71.80208333333333,-86.0
18.302083333333332,71.90208333333334,-86.0
18.302083333333332,72.00208333333333,-78.0
18.302083333333332,72.10208333333333,-78.0
18.302083333333332,72.20208333333333,-68.0
18.302083333333332,72.30208333333333,-48.0
18.302083333333332,72.40208333333334,-43.0
18.302083333333332,72.50208333333333,-48.0
18.302083333333332,72.60208333333333,-39.0
18.302083333333332,72.70208333333333,-29.0
18.302083333333332,72.80208333333333,-19.0
18.302083333333332,72.90208333333334,-7.0
18.302083333333332,73.00208333333333,170.5556
18.302083333333332,73.10208333333333,93.330536
18.302083333333332,73.20208333333333,47.560223
18.402083333333334,63.40208333333333,-3615.0
18.402083333333334,63.50208333333333,-3592.0
18.402083333333334,63.60208333333333,-3559.0
18.402083333333334,63.702083333333334,-3568.0
18.402083333333334,63.802083333333336,-3561.0
18.402083333333334,63.90208333333333,-3548.0
18.402083333333334,64.00208333333333,-3540.0
18.402083333333334,64.10208333333333,-3530.0
18.402083333333334,64.20208333333333,-3525.0
18.402083333333334,64.30208333333333,-3504.0
18.402083333333334,64.40208333333334,-3480.0
18.402083333333334,64.50208333333333,-3488.0
18.402083333333334,64.60208333333333,-3485.0
18.402083333333334,64.70208333333333,-3473.0
18.402083333333334,64.80208333333333,-3440.0
18.402083333333334,64.90208333333334,-3427.0
18.402083333333334,65.00208333333333,-3401.0
18.402083333333334,65.10208333333333,-3391.0
18.402083333333334,65.20208333333333,-3382.0
18.402083333333334,65.30208333333333,-3367.0
18.402083333333334,65.40208333333334,-3248.0
18.402083333333334,65.50208333333333,-3293.0
18.402083333333334,65.60208333333333,-3276.0
18.402083333333334,65.70208333333333,-3264.0
18.402083333333334,65.80208333333333,-3239.0
18.402083333333334,65.90208333333334,-3232.0
18.402083333333334,66.00208333333333,-3232.3523
18.402083333333334,66.10208333333333,-3196.6233
18.402083333333334,66.20208333333333,-3235.0
18.402083333333334,66.30208333333333,-3266.0
18.402083333333334,66.40208333333334,-3305.0
18.402083333333334,66.50208333333333,-3312.0
18.402083333333334,66.60208333333333,-3311.0
18.402083333333334,66.70208333333333,-3335.0
18.402083333333334,66.80208333333333,-3355.0
18.402083333333334,66.90208333333334,-3365.0
18.402083333333334,67.00208333333333,-3388.0
18.402083333333334,67.10208333333333,-3389.0
18.402083333333334,67.20208333333333,-3398.0
18.402083333333334,67.30208333333333,-3390.0
18.402083333333334,67.40208333333334,-3404.0
18.402083333333334,67.50208333333333,-3316.0
18.402083333333334,67.60208333333333,-3329.0
18.402083333333334,67.70208333333333,-3305.0
18.402083333333334,67.80208333333333,-3329.0
18.402083333333334,67.90208333333334,-3334.0
18.402083333333334,68.00208333333333,-3328.0
18.402083333333334,68.10208333333333,-3397.0
18.402083333333334,68.20208333333333,-3391.0
18.402083333333334,68.30208333333333,-3396.0
18.402083333333334,68.40208333333334,-3417.0
18.402083333333334,68.50208333333333,-3392.0
18.402083333333334,68.60208333333333,-3376.0
18.402083333333334,68.70208333333333,-3399.0
18.402083333333334,68.80208333333333,-3359.0
18.402083333333334,68.90208333333334,-3328.0
18.402083333333334,69.00208333333333,-3304.0
18.402083333333334,69.10208333333333,-3290.0
18.402083333333334,69.20208333333333,-3187.0
18.402083333333334,69.30208333333333,-3129.0
18.402083333333334,69.40208333333334,-3209.0
18.402083333333334,69.50208333333333,-2988.0
18.402083333333334,69.60208333333333,-2962.0
18.402083333333334,69.70208333333333,-2696.0
18.402083333333334,69.80208333333333,-2481.0
18.402083333333334,69.90208333333334,-2189.0
18.402083333333334,70.00208333333333,-2145.0
18.402083333333334,70.10208333333333,-2020.0
18.402083333333334,70.20208333333333,-1467.0
18.402083333333334,70.30208333333333,-1017.0
18.402083333333334,70.40208333333334,-837.0
18.402083333333334,70.50208333333333,-313.0
18.402083333333334,70.60208333333333,-102.0
18.402083333333334,70.70208333333333,-82.0
18.402083333333334,70.80208333333333,-73.0
18.402083333333334,70.90208333333334,-100.0
18.402083333333334,71.00208333333333,-80.0
18.402083333333334,71.10208333333333,-104.0
18.402083333333334,71.20208333333333,-81.0
18.402083333333334,71.30208333333333,-87.0
18.402083333333334,71.40208333333334,-79.0
18.402083333333334,71.50208333333333,-84.0
18.402083333333334,71.60208333333333,-76.0
18.402083333333334,71.70208333333333,-85.0
18.402083333333334,71.80208333333333,-77.0
18.402083333333334,71.90208333333334,-70.0
18.402083333333334,72.00208333333333,-80.0
18.402083333333334,72.10208333333333,-77.0
18.402083333333334,72.20208333333333,-60.0
18.402083333333334,72.30208333333333,-44.0
18.402083333333334,72.40208333333334,-50.0
18.402083333333334,72.50208333333333,-49.0
18.402083333333334,72.60208333333333,-33.0
18.402083333333334,72.70208333333333,-25.0
18.402083333333334,72.80208333333333,-17.0
18.402083333333334,72.90208333333334,-3.0
18.402083333333334,73.00208333333333,295.6256
18.402083333333334,73.10208333333333,175.91591
18.402083333333334,73.20208333333333,34.88978
18.50208333333333,63.40208333333333,-3608.0
18.50208333333333,63.50208333333333,-3595.0
18.50208333333333,63.60208333333333,-3613.0
18.50208333333333,63.702083333333334,-3566.0
18.50208333333333,63.802083333333336,-3551.0
18.50208333333333,63.90208333333333,-3545.0
18.50208333333333,64.00208333333333,-3522.0
18.50208333333333,64.10208333333333,-3523.0
18.50208333333333,64.20208333333333,-3511.0
18.50208333333333,64.30208333333333,-3515.0
18.50208333333333,64.40208333333334,-3480.0
18.50208333333333,64.50208333333333,-3481.0
18.50208333333333,64.60208333333333,-3472.0
18.50208333333333,64.70208333333333,-3464.0
18.50208333333333,64.80208333333333,-3459.0
18.50208333333333,64.90208333333334,-3493.0
18.50208333333333,65.00208333333333,-3409.0
18.50208333333333,65.10208333333333,-3391.0
18.50208333333333,65.20208333333333,-3401.0
18.50208333333333,65.30208333333333,-3369.0
18.50208333333333,65.40208333333334,-3311.0
18.50208333333333,65.50208333333333,-3312.0
18.50208333333333,65.60208333333333,-3294.0
18.50208333333333,65.70208333333333,-3268.0
18.50208333333333,65.80208333333333,-3211.0
18.50208333333333,65.90208333333334,-3196.0
18.50208333333333,66.00208333333333,-3197.0
18.50208333333333,66.10208333333333,-3149.326
18.50208333333333,66.20208333333333,-3136.0
18.50208333333333,66.30208333333333,-3264.0
18.50208333333333,66.40208333333334,-3289.0
18.50208333333333,66.50208333333333,-3309.0
18.50208333333333,66.60208333333333,-3296.0
18.50208333333333,66.70208333333333,-3335.0
18.50208333333333,66.80208333333333,-3363.0
18.50208333333333,66.90208333333334,-3379.0
18.50208333333333,67.00208333333333,-3367.0
18.50208333333333,67.10208333333333,-3381.0
18.50208333333333,67.20208333333333,-3389.0
18.50208333333333,67.30208333333333,-3369.0
18.50208333333333,67.40208333333334,-3327.0
18.50208333333333,67.50208333333333,-3298.0
18.50208333333333,67.60208333333333,-3332.0
18.50208333333333,67.70208333333333,-3343.0
18.50208333333333,67.80208333333333,-3330.0
18.50208333333333,67.90208333333334,-3333.0
18.50208333333333,68.00208333333333,-3317.0
18.50208333333333,68.10208333333333,-3364.0
18.50208333333333,68.20208333333333,-3391.0
18.50208333333333,68.30208333333333,-3386.0
18.50208333333333,68.40208333333334,-3433.0
18.50208333333333,68.50208333333333,-3362.0
18.50208333333333,68.60208333333333,-3375.0
18.50208333333333,68.70208333333333,-3382.0
18.50208333333333,68.80208333333333,-3363.0
18.50208333333333,68.90208333333334,-3325.0
18.50208333333333,69.00208333333333,-3300.0
18.50208333333333,69.10208333333333,-3261.0
18.50208333333333,69.20208333333333,-3237.0
18.50208333333333,69.30208333333333,-3104.0
18.50208333333333,69.40208333333334,-3088.0
18.50208333333333,69.50208333333333,-2734.0
18.50208333333333,69.60208333333333,-2790.0
18.50208333333333,69.70208333333333,-2645.0
18.50208333333333,69.80208333333333,-2483.0
18.50208333333333,69.90208333333334,-2016.0
18.50208333333333,70.00208333333333,-1948.0
18.50208333333333,70.10208333333333,-1698.0
18.50208333333333,70.20208333333333,-1188.0
18.50208333333333,70.30208333333333,-829.0
18.50208333333333,70.40208333333334,-433.0
18.50208333333333,70.50208333333333,-123.0
18.50208333333333,70.60208333333333,-76.0
18.50208333333333,70.70208333333333,-98.0
18.50208333333333,70.80208333333333,-96.0
18.50208333333333,70.90208333333334,-65.0
18.50208333333333,71.00208333333333,-79.0
18.50208333333333,71.10208333333333,-75.0
18.50208333333333,71.20208333333333,-83.0
18.50208333333333,71.30208333333333,-84.0
18.50208333333333,71.40208333333334,-87.0
18.50208333333333,71.50208333333333,-81.0
18.50208333333333,71.60208333333333,-86.0
18.50208333333333,71.70208333333333,-82.0
18.50208333333333,71.80208333333333,-79.0
18.50208333333333,71.90208333333334,-75.0
18.50208333333333,72.00208333333333,-64.0
18.50208333333333,72.10208333333333,-73.0
18.50208333333333,72.20208333333333,-57.0
18.50208333333333,72.30208333333333,-47.0
18.50208333333333,72.40208333333334,-61.0
18.50208333333333,72.50208333333333,-40.0
18.50208333333333,72.60208333333333,-31.0
18.50208333333333,72.70208333333333,-21.0
18.50208333333333,72.80208333333333,-12.0
18.50208333333333,72.90208333333334,10.0
18.50208333333333,73.00208333333333,46.309113
18.50208333333333,73.10208333333333,47.440266
18.50208333333333,73.20208333333333,309.51364
18.602083333333333,63.40208333333333,-3610.0
18.602083333333333,63.50208333333333,-3588.0
18.602083333333333,63.60208333333333,-3577.0
18.602083333333333,63.702083333333334,-3576.0
18.602083333333333,63.802083333333336,-3543.0
18.602083333333333,63.90208333333333,-3535.0
18.602083333333333,64.00208333333333,-3510.0
18.602083333333333,64.10208333333333,-3492.0
18.602083333333333,64.20208333333333,-3478.0
18.602083333333333,64.30208333333333,-3495.0
18.602083333333333,64.40208333333334,-3481.0
18.602083333333333,64.50208333333333,-3460.0
18.602083333333333,64.60208333333333,-3428.0
18.602083333333333,64.70208333333333,-3469.0
18.602083333333333,64.80208333333333,-3440.0
18.602083333333333,64.90208333333334,-3417.0
18.602083333333333,65.00208333333333,-3400.0
18.602083333333333,65.10208333333333,-3385.0
18.602083333333333,65.20208333333333,-3372.0
18.602083333333333,65.30208333333333,-3340.0
18.602083333333333,65.40208333333334,-3318.0
18.602083333333333,65.50208333333333,-3267.0
18.602083333333333,65.60208333333333,-3302.0
18.602083333333333,65.70208333333333,-3227.0
18.602083333333333,65.80208333333333,-3193.0
18.602083333333333,65.90208333333334,-3136.0
18.602083333333333,66.00208333333333,-3216.0
18.602083333333333,66.10208333333333,-3137.4478
18.602083333333333,66.20208333333333,-3183.7432
18.602083333333333,66.30208333333333,-3236.0
18.602083333333333,66.40208333333334,-3248.0
18.602083333333333,66.50208333333333,-3252.0
18.602083333333333,66.60208333333333,-3306.0
18.602083333333333,66.70208333333333,-3306.0
18.602083333333333,66.80208333333333,-3331.0
18.602083333333333,66.90208333333334,-3333.0
18.602083333333333,67.00208333333333,-3329.0
18.602083333333333,67.10208333333333,-3332.0
18.602083333333333,67.20208333333333,-3311.0
18.602083333333333,67.30208333333333,-3343.0
18.602083333333333,67.40208333333334,-3296.0
18.602083333333333,67.50208333333333,-3280.0
18.602083333333333,67.60208333333333,-3318.0
18.602083333333333,67.70208333333333,-3343.1353
18.602083333333333,67.80208333333333,-3335.0
18.602083333333333,67.90208333333334,-3329.0
18.602083333333333,68.00208333333333,-3306.0
18.602083333333333,68.10208333333333,-3367.0
18.602083333333333,68.20208333333333,-3368.0
18.602083333333333,68.30208333333333,-3361.0
18.602083333333333,68.40208333333334,-3345.0
18.602083333333333,68.50208333333333,-3345.0
18.602083333333333,68.60208333333333,-3349.0
18.602083333333333,68.70208333333333,-3318.0
18.602083333333333,68.80208333333333,-3306.0
18.602083333333333,68.90208333333334,-3282.0
18.602083333333333,69.00208333333333,-3255.0
18.602083333333333,69.10208333333333,-3277.0
18.602083333333333,69.20208333333333,-3269.0
18.602083333333333,69.30208333333333,-2929.0
18.602083333333333,69.40208333333334,-2925.0
18.602083333333333,69.50208333333333,-2744.0
18.602083333333333,69.60208333333333,-2551.0
18.602083333333333,69.70208333333333,-2419.0
18.602083333333333,69.80208333333333,-2120.0
18.602083333333333,69.90208333333334,-1998.0
18.602083333333333,70.00208333333333,-1815.0
18.602083333333333,70.10208333333333,-1446.0
18.602083333333333,70.20208333333333,-796.0
18.602083333333333,70.30208333333333,-664.0
18.602083333333333,70.40208333333334,-148.0
18.602083333333333,70.50208333333333,-80.0
18.602083333333333,70.60208333333333,-88.0
18.602083333333333,70.70208333333333,-104.0
18.602083333333333,70.80208333333333,-86.0
18.602083333333333,70.90208333333334,-90.0
18.602083333333333,71.00208333333333,-91.0
18.602083333333333,71.10208333333333,-82.0
18.602083333333333,71.20208333333333,-89.0
18.602083333333333,71.30208333333333,-88.0
18.602083333333333,71.40208333333334,-79.0
18.602083333333333,71.50208333333333,-77.0
18.602083333333333,71.60208333333333,-84.0
18.602083333333333,71.70208333333333,-83.0
18.602083333333333,71.80208333333333,-70.0
18.602083333333333,71.90208333333334,-72.0
18.602083333333333,72.00208333333333,-77.0
18.602083333333333,72.10208333333333,-72.0
18.602083333333333,72.20208333333333,-53.0
18.602083333333333,72.30208333333333,-59.0
18.602083333333333,72.40208333333334,-54.0
18.602083333333333,72.50208333333333,-64.0
18.602083333333333,72.60208333333333,-34.0
18.602083333333333,72.70208333333333,-18.0
18.602083333333333,72.80208333333333,-7.0
18.602083333333333,72.90208333333334,8.246044
18.602083333333333,73.00208333333333,45.674488
18.602083333333333,73.10208333333333,2.4778533
18.602083333333333,73.20208333333333,456.04822
18.702083333333334,63.40208333333333,-3611.0
18.702083333333334,63.50208333333333,-3587.0
18.702083333333334,63.60208333333333,-3576.0
18.702083333333334,63.702083333333334,-3569.0
18.702083333333334,63.802083333333336,-3544.0
18.702083333333334,63.90208333333333,-3522.0
18.702083333333334,64.00208333333333,-3542.0
18.702083333333334,64.10208333333333,-3495.0
18.702083333333334,64.20208333333333,-3500.0
18.702083333333334,64.30208333333333,-3465.0
18.702083333333334,64.40208333333334,-3450.0
18.702083333333334,64.50208333333333,-3454.0
18.702083333333334,64.60208333333333,-3457.0
18.702083333333334,64.70208333333333,-3417.0
18.702083333333334,64.80208333333333,-3431.0
18.702083333333334,64.90208333333334,-3408.0
18.702083333333334,65.00208333333333,-3380.0
18.702083333333334,65.10208333333333,-3380.0
18.702083333333334,65.20208333333333,-3360.0
18.702083333333334,65.30208333333333,-3331.0
18.702083333333334,65.40208333333334,-3309.0
18.702083333333334,65.50208333333333,-3225.0
18.702083333333334,65.60208333333333,-3174.0
18.702083333333334,65.70208333333333,-3179.0
18.702083333333334,65.80208333333333,-3181.0
18.702083333333334,65.90208333333334,-3161.0
18.702083333333334,66.00208333333333,-3156.0
18.702083333333334,66.10208333333333,-3142.0
18.702083333333334,66.20208333333333,-3083.6865
18.702083333333334,66.30208333333333,-3116.0
18.702083333333334,66.40208333333334,-3209.0
18.702083333333334,66.50208333333333,-3193.0
18.702083333333334,66.60208333333333,-3268.0
18.702083333333334,66.70208333333333,-3271.0
18.702083333333334,66.80208333333333,-3310.0
18.702083333333334,66.90208333333334,-3316.0
18.702083333333334,67.00208333333333,-3286.0
18.702083333333334,67.10208333333333,-3238.0
18.702083333333334,67.20208333333333,-3319.0
18.702083333333334,67.30208333333333,-3301.0
18.702083333333334,67.40208333333334,-3247.0
18.702083333333334,67.50208333333333,-3274.3906
18.702083333333334,67.60208333333333,-3326.1133
18.702083333333334,67.70208333333333,-3325.0598
18.702083333333334,67.80208333333333,-3323.0
18.702083333333334,67.90208333333334,-3311.0
18.702083333333334,68.00208333333333,-3297.0
18.702083333333334,68.10208333333333,-3352.0
18.702083333333334,68.20208333333333,-3355.0
18.702083333333334,68.30208333333333,-3347.0
18.702083333333334,68.40208333333334,-3328.0
18.702083333333334,68.50208333333333,-3315.0
18.702083333333334,68.60208333333333,-3270.0
18.702083333333334,68.70208333333333,-3258.0
18.702083333333334,68.80208333333333,-3249.0
18.702083333333334,68.90208333333334,-3225.0
18.702083333333334,69.00208333333333,-3260.0
18.702083333333334,69.10208333333333,-3230.0
18.702083333333334,69.20208333333333,-3141.0
18.702083333333334,69.30208333333333,-2996.0
18.702083333333334,69.40208333333334,-3010.0
18.702083333333334,69.50208333333333,-2650.0
18.702083333333334,69.60208333333333,-2535.0
18.702083333333334,69.70208333333333,-2317.0
18.702083333333334,69.80208333333333,-2035.0
18.702083333333334,69.90208333333334,-1858.0
18.702083333333334,70.00208333333333,-1597.0
18.702083333333334,70.10208333333333,-1079.0
18.702083333333334,70.20208333333333,-801.0
18.702083333333334,70.30208333333333,-194.0
18.702083333333334,70.40208333333334,-87.0
18.702083333333334,70.50208333333333,-77.0
18.702083333333334,70.60208333333333,-88.0
18.702083333333334,70.70208333333333,-125.0
18.702083333333334,70.80208333333333,-89.0
18.702083333333334,70.90208333333334,-79.0
18.702083333333334,71.00208333333333,-93.0
18.702083333333334,71.10208333333333,-71.0
18.702083333333334,71.20208333333333,-81.0
18.702083333333334,71.30208333333333,-92.0
18.702083333333334,71.40208333333334,-75.0
18.702083333333334,71.50208333333333,-78.0
18.702083333333334,71.60208333333333,-79.0
18.702083333333334,71.70208333333333,-78.0
18.702083333333334,71.80208333333333,-72.0
18.702083333333334,71.90208333333334,-95.0
18.702083333333334,72.00208333333333,-83.0
18.702083333333334,72.10208333333333,-81.0
18.702083333333334,72.20208333333333,-64.0
18.702083333333334,72.30208333333333,-58.0
18.702083333333334,72.40208333333334,-54.0
18.702083333333334,72.50208333333333,-35.0
18.702083333333334,72.60208333333333,-27.0
18.702083333333334,72.70208333333333,-11.0
18.702083333333334,72.80208333333333,-6.0
18.702083333333334,72.90208333333334,260.5298
18.702083333333334,73.00208333333333,1.7072889
18.702083333333334,73.10208333333333,120.75365
18.702083333333334,73.20208333333333,87.16658
18.802083333333332,63.40208333333333,-3583.0
18.802083333333332,63.50208333333333,-3586.0
18.802083333333332,63.60208333333333,-3585.0
18.802083333333332,63.702083333333334,-3550.0
18.802083333333332,63.802083333333336,-3534.0
18.802083333333332,63.90208333333333,-3519.0
18.802083333333332,64.00208333333333,-3526.0
18.802083333333332,64.10208333333333,-3504.0
18.802083333333332,64.20208333333333,-3482.0
18.802083333333332,64.30208333333333,-3449.0
18.802083333333332,64.40208333333334,-3448.0
18.802083333333332,64.50208333333333,-3443.0
18.802083333333332,64.60208333333333,-3440.0
18.802083333333332,64.70208333333333,-3433.0
18.802083333333332,64.80208333333333,-3429.0
18.802083333333332,64.90208333333334,-3297.0
18.802083333333332,65.00208333333333,-3281.0
18.802083333333332,65.10208333333333,-3358.0
18.802083333333332,65.20208333333333,-3362.0
18.802083333333332,65.30208333333333,-3327.0
18.802083333333332,65.40208333333334,-3175.0
18.802083333333332,65.50208333333333,-3157.0
18.802083333333332,65.60208333333333,-3171.0
18.802083333333332,65.70208333333333,-3183.0
18.802083333333332,65.80208333333333,-3243.0
18.802083333333332,65.90208333333334,-3189.0
18.802083333333332,66.00208333333333,-3128.0
18.802083333333332,66.10208333333333,-3073.0
18.802083333333332,66.20208333333333,-3079.0
18.802083333333332,66.30208333333333,-3053.3757
18.802083333333332,66.40208333333334,-3123.0
18.802083333333332,66.50208333333333,-3171.0
18.802083333333332,66.60208333333333,-3251.0
18.802083333333332,66.70208333333333,-3244.0
18.802083333333332,66.80208333333333,-3295.0
18.802083333333332,66.90208333333334,-3273.0
18.802083333333332,67.00208333333333,-3246.0
18.802083333333332,67.10208333333333,-3289.0
18.802083333333332,67.20208333333333,-3327.0
18.802083333333332,67.30208333333333,-3285.055
18.802083333333332,67.40208333333334,-3253.9812
18.802083333333332,67.50208333333333,-3269.7961
18.802083333333332,67.60208333333333,-3332.0
18.802083333333332,67.70208333333333,-3317.0
18.802083333333332,67.80208333333333,-3299.0
18.802083333333332,67.90208333333334,-3268.0
18.802083333333332,68.00208333333333,-3298.0
18.802083333333332,68.10208333333333,-3339.0
18.802083333333332,68.20208333333333,-3341.0
18.802083333333332,68.30208333333333,-3329.0
18.802083333333332,68.40208333333334,-3302.0
18.802083333333332,68.50208333333333,-3262.0
18.802083333333332,68.60208333333333,-3252.0
18.802083333333332,68.70208333333333,-3228.0
18.802083333333332,68.80208333333333,-3158.0
18.802083333333332,68.90208333333334,-3165.0
18.802083333333332,69.00208333333333,-3199.0
18.802083333333332,69.10208333333333,-3227.0
18.802083333333332,69.20208333333333,-2925.0
18.802083333333332,69.30208333333333,-2960.0
18.802083333333332,69.40208333333334,-2936.0
18.802083333333332,69.50208333333333,-2798.0
18.802083333333332,69.60208333333333,-2478.0
18.802083333333332,69.70208333333333,-1970.0
18.802083333333332,69.80208333333333,-1434.0
18.802083333333332,69.90208333333334,-1195.0
18.802083333333332,70.00208333333333,-1039.0
18.802083333333332,70.10208333333333,-706.0
18.802083333333332,70.20208333333333,-160.0
18.802083333333332,70.30208333333333,-111.0
18.802083333333332,70.40208333333334,-89.0
18.802083333333332,70.50208333333333,-91.0
18.802083333333332,70.60208333333333,-92.0
18.802083333333332,70.70208333333333,-91.0
18.802083333333332,70.80208333333333,-78.0
18.802083333333332,70.90208333333334,-85.0
18.802083333333332,71.00208333333333,-78.0
18.802083333333332,71.10208333333333,-80.0
18.802083333333332,71.20208333333333,-78.0
18.802083333333332,71.30208333333333,-76.0
18.802083333333332,71.40208333333334,-80.0
18.802083333333332,71.50208333333333,-71.0
18.802083333333332,71.60208333333333,-76.0
18.802083333333332,71.70208333333333,-74.0
18.802083333333332,71.80208333333333,-75.0
18.802083333333332,71.90208333333334,-75.0
18.802083333333332,72.00208333333333,-72.0
18.802083333333332,72.10208333333333,-66.0
18.802083333333332,72.20208333333333,-60.0
18.802083333333332,72.30208333333333,-54.0
18.802083333333332,72.40208333333334,-47.0
18.802083333333332,72.50208333333333,-60.0
18.802083333333332,72.60208333333333,-31.0
18.802083333333332,72.70208333333333,-24.0
18.802083333333332,72.80208333333333,-8.0
18.802083333333332,72.90208333333334,21.756226
18.802083333333332,73.00208333333333,-70.0
18.802083333333332,73.10208333333333,36.437023
18.802083333333332,73.20208333333333,309.24463
18.902083333333334,63.40208333333333,-3548.0
18.902083333333334,63.50208333333333,-3574.0
18.902083333333334,63.60208333333333,-3559.0
18.902083333333334,63.702083333333334,-3540.0
18.902083333333334,63.802083333333336,-3516.0
18.902083333333334,63.90208333333333,-3508.0
18.902083333333334,64.00208333333333,-3513.0
18.902083333333334,64.10208333333333,-3506.0
18.902083333333334,64.20208333333333,-3470.0
18.902083333333334,64.30208333333333,-3426.0
18.902083333333334,64.40208333333334,-3396.0
18.902083333333334,64.50208333333333,-3414.0
18.902083333333334,64.60208333333333,-3402.0
18.902083333333334,64.70208333333333,-3379.0
18.902083333333334,64.80208333333333,-3360.0
18.902083333333334,64.90208333333334,-3286.0
18.902083333333334,65.00208333333333,-3280.0
18.902083333333334,65.10208333333333,-3327.0
18.902083333333334,65.20208333333333,-3335.0
18.902083333333334,65.30208333333333,-3298.0
18.902083333333334,65.40208333333334,-3172.0
18.902083333333334,65.50208333333333,-3040.0
18.902083333333334,65.60208333333333,-3189.0
18.902083333333334,65.70208333333333,-3222.0
18.902083333333334,65.80208333333333,-3224.0
18.902083333333334,65.90208333333334,-3215.0
18.902083333333334,66.00208333333333,-3188.0
18.902083333333334,66.10208333333333,-3144.0
18.902083333333334,66.20208333333333,-3107.0
18.902083333333334,66.30208333333333,-3033.9648
18.902083333333334,66.40208333333334,-3001.2578
18.902083333333334,66.50208333333333,-3176.0
18.902083333333334,66.60208333333333,-3213.0
18.902083333333334,66.70208333333333,-3232.0
18.902083333333334,66.80208333333333,-3266.0
18.902083333333334,66.90208333333334,-3262.0
18.902083333333334,67.00208333333333,-3220.0
18.902083333333334,67.10208333333333,-3311.6753
18.902083333333334,67.20208333333333,-3268.042
18.902083333333334,67.30208333333333,-3225.7703
18.902083333333334,67.40208333333334,-3248.0
18.902083333333334,67.50208333333333,-3288.0
18.902083333333334,67.60208333333333,-3300.0
18.902083333333334,67.70208333333333,-3307.0
18.902083333333334,67.80208333333333,-3246.0
18.902083333333334,67.90208333333334,-3262.0
18.902083333333334,68.00208333333333,-3317.0
18.902083333333334,68.10208333333333,-3326.0
18.902083333333334,68.20208333333333,-3304.0
18.902083333333334,68.30208333333333,-3290.0
18.902083333333334,68.40208333333334,-3276.0
18.902083333333334,68.50208333333333,-3290.0
18.902083333333334,68.60208333333333,-3260.0
18.902083333333334,68.70208333333333,-3236.0
18.902083333333334,68.80208333333333,-3206.0
18.902083333333334,68.90208333333334,-3166.0
18.902083333333334,69.00208333333333,-2966.0
18.902083333333334,69.10208333333333,-3160.0
18.902083333333334,69.20208333333333,-3135.0
18.902083333333334,69.30208333333333,-3013.0
18.902083333333334,69.40208333333334,-2623.0
18.902083333333334,69.50208333333333,-2490.0
18.902083333333334,69.60208333333333,-2061.0
18.902083333333334,69.70208333333333,-1449.0
18.902083333333334,69.80208333333333,-1068.0
18.902083333333334,69.90208333333334,-943.0
18.902083333333334,70.00208333333333,-422.0
18.902083333333334,70.10208333333333,-225.0
18.902083333333334,70.20208333333333,-100.0
18.902083333333334,70.30208333333333,-88.0
18.902083333333334,70.40208333333334,-87.0
18.902083333333334,70.50208333333333,-75.0
18.902083333333334,70.60208333333333,-88.0
18.902083333333334,70.70208333333333,-88.0
18.902083333333334,70.80208333333333,-86.0
18.902083333333334,70.90208333333334,-79.0
18.902083333333334,71.00208333333333,-80.0
18.902083333333334,71.10208333333333,-78.0
18.902083333333334,71.20208333333333,-80.0
18.902083333333334,71.30208333333333,-79.0
18.902083333333334,71.40208333333334,-77.0
18.902083333333334,71.50208333333333,-80.0
18.902083333333334,71.60208333333333,-64.0
18.902083333333334,71.70208333333333,-79.0
18.902083333333334,71.80208333333333,-68.0
18.902083333333334,71.90208333333334,-68.0
18.902083333333334,72.00208333333333,-69.0
18.902083333333334,72.10208333333333,-63.0
18.902083333333334,72.20208333333333,-60.0
18.902083333333334,72.30208333333333,-54.0
18.902083333333334,72.40208333333334,-46.0
18.902083333333334,72.50208333333333,-45.0
18.902083333333334,72.60208333333333,-36.0
18.902083333333334,72.70208333333333,-19.0
18.902083333333334,72.80208333333333,-1.0
18.902083333333334,72.90208333333334,-4.0
18.902083333333334,73.00208333333333,2.3006222
18.902083333333334,73.10208333333333,150.87822
18.902083333333334,73.20208333333333,27.75529
19.00208333333333,63.40208333333333,-3528.0
19.00208333333333,63.50208333333333,-3545.0
19.00208333333333,63.60208333333333,-3513.0
19.00208333333333,63.702083333333334,-3507.0
19.00208333333333,63.802083333333336,-3478.0
19.00208333333333,63.90208333333333,-3485.0
19.00208333333333,64.00208333333333,-3469.0
19.00208333333333,64.10208333333333,-3434.0
19.00208333333333,64.20208333333333,-3439.0
19.00208333333333,64.30208333333333,-3428.0
19.00208333333333,64.40208333333334,-3368.0
19.00208333333333,64.50208333333333,-3351.0
19.00208333333333,64.60208333333333,-3341.0
19.00208333333333,64.70208333333333,-3293.0
19.00208333333333,64.80208333333333,-3238.0
19.00208333333333,64.90208333333334,-3193.0
19.00208333333333,65.00208333333333,-3279.0
19.00208333333333,65.10208333333333,-3316.0
19.00208333333333,65.20208333333333,-3286.0
19.00208333333333,65.30208333333333,-3199.0
19.00208333333333,65.40208333333334,-3058.0
19.00208333333333,65.50208333333333,-3088.0
19.00208333333333,65.60208333333333,-3204.0
19.00208333333333,65.70208333333333,-3160.0
19.00208333333333,65.80208333333333,-3193.0
19.00208333333333,65.90208333333334,-3235.0
19.00208333333333,66.00208333333333,-3113.0
19.00208333333333,66.10208333333333,-3123.0
19.00208333333333,66.20208333333333,-3090.0
19.00208333333333,66.30208333333333,-3047.0
19.00208333333333,66.40208333333334,-3062.1533
19.00208333333333,66.50208333333333,-3166.0
19.00208333333333,66.60208333333333,-3206.0
19.00208333333333,66.70208333333333,-3256.0
19.00208333333333,66.80208333333333,-3256.0
19.00208333333333,66.90208333333334,-3208.0
19.00208333333333,67.00208333333333,-3228.394
19.00208333333333,67.10208333333333,-3281.0698
19.00208333333333,67.20208333333333,-3259.0
19.00208333333333,67.30208333333333,-3190.0
19.00208333333333,67.40208333333334,-3257.0
19.00208333333333,67.50208333333333,-3249.0
19.00208333333333,67.60208333333333,-3228.0
19.00208333333333,67.70208333333333,-3238.0
19.00208333333333,67.80208333333333,-3217.0
19.00208333333333,67.90208333333334,-3225.0
19.00208333333333,68.00208333333333,-3239.0
19.00208333333333,68.10208333333333,-3238.0
19.00208333333333,68.20208333333333,-3295.0
19.00208333333333,68.30208333333333,-3293.0
19.00208333333333,68.40208333333334,-3351.0
19.00208333333333,68.50208333333333,-3203.0
19.00208333333333,68.60208333333333,-3163.0
19.00208333333333,68.70208333333333,-3238.0
19.00208333333333,68.80208333333333,-3202.0
19.00208333333333,68.90208333333334,-3048.0
19.00208333333333,69.00208333333333,-2807.0
19.00208333333333,69.10208333333333,-3043.0
19.00208333333333,69.20208333333333,-3071.0
19.00208333333333,69.30208333333333,-3010.0
19.00208333333333,69.40208333333334,-2728.0
19.00208333333333,69.50208333333333,-2210.0
19.00208333333333,69.60208333333333,-1499.0
19.00208333333333,69.70208333333333,-868.0
19.00208333333333,69.80208333333333,-606.0
19.00208333333333,69.90208333333334,-18.0
19.00208333333333,70.00208333333333,-220.0
19.00208333333333,70.10208333333333,-93.0
19.00208333333333,70.20208333333333,-80.0
19.00208333333333,70.30208333333333,-81.0
19.00208333333333,70.40208333333334,-96.0
19.00208333333333,70.50208333333333,-101.0
19.00208333333333,70.60208333333333,-81.0
19.00208333333333,70.70208333333333,-85.0
19.00208333333333,70.80208333333333,-79.0
19.00208333333333,70.90208333333334,-76.0
19.00208333333333,71.00208333333333,-58.0
19.00208333333333,71.10208333333333,-115.0
19.00208333333333,71.20208333333333,-82.0
19.00208333333333,71.30208333333333,-64.0
19.00208333333333,71.40208333333334,-68.0
19.00208333333333,71.50208333333333,-59.0
19.00208333333333,71.60208333333333,-69.0
19.00208333333333,71.70208333333333,-76.0
19.00208333333333,71.80208333333333,-65.0
19.00208333333333,71.90208333333334,-74.0
19.00208333333333,72.00208333333333,-59.0
19.00208333333333,72.10208333333333,-59.0
19.00208333333333,72.20208333333333,-51.0
19.00208333333333,72.30208333333333,-49.0
19.00208333333333,72.40208333333334,-40.0
19.00208333333333,72.50208333333333,-30.0
19.00208333333333,72.60208333333333,-22.0
19.00208333333333,72.70208333333333,-30.0
19.00208333333333,72.80208333333333,-5.0
19.00208333333333,72.90208333333334,2.9675133
19.00208333333333,73.00208333333333,-13.0
19.00208333333333,73.10208333333333,3.215689
19.00208333333333,73.20208333333333,112.55191
19.102083333333333,63.40208333333333,-3499.0
19.102083333333333,63.50208333333333,-3468.0
19.102083333333333,63.60208333333333,-3456.0
19.102083333333333,63.702083333333334,-3455.0
19.102083333333333,63.802083333333336,-3446.0
19.102083333333333,63.90208333333333,-3462.0
19.102083333333333,64.00208333333333,-3431.0
19.102083333333333,64.10208333333333,-3400.0
19.102083333333333,64.20208333333333,-3336.0
19.102083333333333,64.30208333333333,-3342.0
19.102083333333333,64.40208333333334,-3339.0
19.102083333333333,64.50208333333333,-3274.0
19.102083333333333,64.60208333333333,-3296.0
19.102083333333333,64.70208333333333,-3213.0
19.102083333333333,64.80208333333333,-3141.0
19.102083333333333,64.90208333333334,-3158.0
19.102083333333333,65.00208333333333,-3144.0
19.102083333333333,65.10208333333333,-3160.0
19.102083333333333,65.20208333333333,-3124.0
19.102083333333333,65.30208333333333,-3132.0
19.102083333333333,65.40208333333334,-3046.0
19.102083333333333,65.50208333333333,-3038.0
19.102083333333333,65.60208333333333,-3198.0
19.102083333333333,65.70208333333333,-3229.0
19.102083333333333,65.80208333333333,-3218.0
19.102083333333333,65.90208333333334,-3307.0
19.102083333333333,66.00208333333333,-3162.0
19.102083333333333,66.10208333333333,-3169.0
19.102083333333333,66.20208333333333,-3122.0
19.102083333333333,66.30208333333333,-2921.0
19.102083333333333,66.40208333333334,-3081.483
19.102083333333333,66.50208333333333,-3176.999
19.102083333333333,66.60208333333333,-3171.0
19.102083333333333,66.70208333333333,-3245.0
19.102083333333333,66.80208333333333,-3264.0
19.102083333333333,66.90208333333334,-3151.2427
19.102083333333333,67.00208333333333,-3269.0
19.102083333333333,67.10208333333333,-3263.0
19.102083333333333,67.20208333333333,-3197.0
19.102083333333333,67.30208333333333,-3176.0
19.102083333333333,67.40208333333334,-3248.0
19.102083333333333,67.50208333333333,-3265.0
19.102083333333333,67.60208333333333,-3241.0
19.102083333333333,67.70208333333333,-3222.0
19.102083333333333,67.80208333333333,-3216.0
19.102083333333333,67.90208333333334,-3253.0
19.102083333333333,68.00208333333333,-3222.0
19.102083333333333,68.10208333333333,-3231.0
19.102083333333333,68.20208333333333,-3241.0
19.102083333333333,68.30208333333333,-3253.0
19.102083333333333,68.40208333333334,-3276.0
19.102083333333333,68.50208333333333,-3248.0
19.102083333333333,68.60208333333333,-3192.0
19.102083333333333,68.70208333333333,-3236.0
19.102083333333333,68.80208333333333,-3283.0
19.102083333333333,68.90208333333334,-3101.0
19.102083333333333,69.00208333333333,-2832.0
19.102083333333333,69.10208333333333,-2875.0
19.102083333333333,69.20208333333333,-2953.0
19.102083333333333,69.30208333333333,-2758.0
19.102083333333333,69.40208333333334,-2329.0
19.102083333333333,69.50208333333333,-1684.0
19.102083333333333,69.60208333333333,-998.0
19.102083333333333,69.70208333333333,-770.0
19.102083333333333,69.80208333333333,-455.0
19.102083333333333,69.90208333333334,-178.0
19.102083333333333,70.00208333333333,-104.0
19.102083333333333,70.10208333333333,-94.0
19.102083333333333,70.20208333333333,-88.0
19.102083333333333,70.30208333333333,-92.0
19.102083333333333,70.40208333333334,-91.0
19.102083333333333,70.50208333333333,-86.0
19.102083333333333,70.60208333333333,-85.0
19.102083333333333,70.70208333333333,-81.0
19.102083333333333,70.80208333333333,-84.0
19.102083333333333,70.90208333333334,-91.0
19.102083333333333,71.00208333333333,-86.0
19.102083333333333,71.10208333333333,-77.0
19.102083333333333,71.20208333333333,-82.0
19.102083333333333,71.30208333333333,-80.0
19.102083333333333,71.40208333333334,-79.0
19.102083333333333,71.50208333333333,-72.0
19.102083333333333,71.60208333333333,-75.0
19.102083333333333,71.70208333333333,-68.0
19.102083333333333,71.80208333333333,-69.0
19.102083333333333,71.90208333333334,-75.0
19.102083333333333,72.00208333333333,-63.0
19.102083333333333,72.10208333333333,-59.0
19.102083333333333,72.20208333333333,-52.0
19.102083333333333,72.30208333333333,-38.0
19.102083333333333,72.40208333333334,-32.0
19.102083333333333,72.50208333333333,-25.0
19.102083333333333,72.60208333333333,-23.0
19.102083333333333,72.70208333333333,-20.0
19.102083333333333,72.80208333333333,-3.0
19.102083333333333,72.90208333333334,58.150444
19.102083333333333,73.00208333333333,7.849467
19.102083333333333,73.10208333333333,13.9081335
19.102083333333333,73.20208333333333,172.5527
19.202083333333334,63.40208333333333,-3434.0
19.202083333333334,63.50208333333333,-3418.0
19.202083333333334,63.60208333333333,-3414.0
19.202083333333334,63.702083333333334,-3362.0
19.202083333333334,63.802083333333336,-3433.0
19.202083333333334,63.90208333333333,-3428.0
19.202083333333334,64.00208333333333,-3376.0
19.202083333333334,64.10208333333333,-3382.0
19.202083333333334,64.20208333333333,-3341.0
19.202083333333334,64.30208333333333,-3314.0
19.202083333333334,64.40208333333334,-3278.0
19.202083333333334,64.50208333333333,-3246.0
19.202083333333334,64.60208333333333,-3210.0
19.202083333333334,64.70208333333333,-3122.0
19.202083333333334,64.80208333333333,-3158.0
19.202083333333334,64.90208333333334,-3181.0
19.202083333333334,65.00208333333333,-3133.0
19.202083333333334,65.10208333333333,-3071.0
19.202083333333334,65.20208333333333,-3015.0
19.202083333333334,65.30208333333333,-3011.0
19.202083333333334,65.40208333333334,-3018.0
19.202083333333334,65.50208333333333,-3024.0
19.202083333333334,65.60208333333333,-3191.0
19.202083333333334,65.70208333333333,-3230.0
19.202083333333334,65.80208333333333,-3193.0
19.202083333333334,65.90208333333334,-3154.0
19.202083333333334,66.00208333333333,-3168.0
19.202083333333334,66.10208333333333,-3070.0
19.202083333333334,66.20208333333333,-3124.0
19.202083333333334,66.30208333333333,-2958.0
19.202083333333334,66.40208333333334,-2911.0
19.202083333333334,66.50208333333333,-3095.1367
19.202083333333334,66.60208333333333,-3191.0603
19.202083333333334,66.70208333333333,-3225.0
19.202083333333334,66.80208333333333,-3216.8865
19.202083333333334,66.90208333333334,-3144.0
19.202083333333334,67.00208333333333,-3172.0
19.202083333333334,67.10208333333333,-3229.0
19.202083333333334,67.20208333333333,-3142.0
19.202083333333334,67.30208333333333,-3167.0
19.202083333333334,67.40208333333334,-3229.0
19.202083333333334,67.50208333333333,-3233.0
19.202083333333334,67.60208333333333,-3238.0
19.202083333333334,67.70208333333333,-3184.0
19.202083333333334,67.80208333333333,-3213.0
19.202083333333334,67.90208333333334,-3241.0
19.202083333333334,68.00208333333333,-3273.0
19.202083333333334,68.10208333333333,-3316.0
19.202083333333334,68.20208333333333,-3298.0
19.202083333333334,68.30208333333333,-3244.0
19.202083333333334,68.40208333333334,-3176.0
19.202083333333334,68.50208333333333,-3203.0
19.202083333333334,68.60208333333333,-3196.0
19.202083333333334,68.70208333333333,-3102.0
19.202083333333334,68.80208333333333,-3182.0
19.202083333333334,68.90208333333334,-3006.0
19.202083333333334,69.00208333333333,-2988.0
19.202083333333334,69.10208333333333,-3058.0
19.202083333333334,69.20208333333333,-2671.0
19.202083333333334,69.30208333333333,-2471.0
19.202083333333334,69.40208333333334,-1964.0
19.202083333333334,69.50208333333333,-1120.0
19.202083333333334,69.60208333333333,-597.0
19.202083333333334,69.70208333333333,-307.0
19.202083333333334,69.80208333333333,-192.0
19.202083333333334,69.90208333333334,-119.0
19.202083333333334,70.00208333333333,-97.0
19.202083333333334,70.10208333333333,-88.0
19.202083333333334,70.20208333333333,-66.0
19.202083333333334,70.30208333333333,-72.0
19.202083333333334,70.40208333333334,-73.0
19.202083333333334,70.50208333333333,-95.0
19.202083333333334,70.60208333333333,-97.0
19.202083333333334,70.70208333333333,-85.0
19.202083333333334,70.80208333333333,-80.0
19.202083333333334,70.90208333333334,-85.0
19.202083333333334,71.00208333333333,-82.0
19.202083333333334,71.10208333333333,-77.0
19.202083333333334,71.20208333333333,-76.0
19.202083333333334,71.30208333333333,-75.0
19.202083333333334,71.40208333333334,-70.0
19.202083333333334,71.50208333333333,-72.0
19.202083333333334,71.60208333333333,-73.0
19.202083333333334,71.70208333333333,-72.0
19.202083333333334,71.80208333333333,-65.0
19.202083333333334,71.90208333333334,-68.0
19.202083333333334,72.00208333333333,-64.0
19.202083333333334,72.10208333333333,-48.0
19.202083333333334,72.20208333333333,-41.0
19.202083333333334,72.30208333333333,-35.0
19.202083333333334,72.40208333333334,-26.0
19.202083333333334,72.50208333333333,-20.0
19.202083333333334,72.60208333333333,-20.0
19.202083333333334,72.70208333333333,-10.0
19.202083333333334,72.80208333333333,2.255913
19.202083333333334,72.90208333333334,81.35555
19.202083333333334,73.00208333333333,5.646089
19.202083333333334,73.10208333333333,11.364
19.202083333333334,73.20208333333333,30.007467
19.302083333333332,63.40208333333333,-3441.0
19.302083333333332,63.50208333333333,-3413.0
19.302083333333332,63.60208333333333,-3397.0
19.302083333333332,63.702083333333334,-3397.0
19.302083333333332,63.802083333333336,-3375.0
19.302083333333332,63.90208333333333,-3386.0
19.302083333333332,64.00208333333333,-3373.0
19.302083333333332,64.10208333333333,-3328.0
19.302083333333332,64.20208333333333,-3312.0
19.302083333333332,64.30208333333333,-3283.0
19.302083333333332,64.40208333333334,-3274.0
19.302083333333332,64.50208333333333,-3268.0
19.302083333333332,64.60208333333333,-3217.0
19.302083333333332,64.70208333333333,-3212.0
19.302083333333332,64.80208333333333,-3198.0
19.302083333333332,64.90208333333334,-3174.0
19.302083333333332,65.00208333333333,-3147.0
19.302083333333332,65.10208333333333,-3087.0
19.302083333333332,65.20208333333333,-3015.0
19.302083333333332,65.30208333333333,-2942.0
19.302083333333332,65.40208333333334,-2935.0
19.302083333333332,65.50208333333333,-3100.0
19.302083333333332,65.60208333333333,-3119.0
19.302083333333332,65.70208333333333,-3123.0
19.302083333333332,65.80208333333333,-3125.0
19.302083333333332,65.90208333333334,-3084.0
19.302083333333332,66.00208333333333,-3116.0
19.302083333333332,66.10208333333333,-3140.0
19.302083333333332,66.20208333333333,-3104.0
19.302083333333332,66.30208333333333,-2983.0
19.302083333333332,66.40208333333334,-2916.0
19.302083333333332,66.50208333333333,-3021.0
19.302083333333332,66.60208333333333,-3180.4119
19.302083333333332,66.70208333333333,-3191.35
19.302083333333332,66.80208333333333,-3215.0
19.302083333333332,66.90208333333334,-3120.0
19.302083333333332,67.00208333333333,-3116.0
19.302083333333332,67.10208333333333,-3195.0
19.302083333333332,67.20208333333333,-3080.0
19.302083333333332,67.30208333333333,-3138.0
19.302083333333332,67.40208333333334,-3204.0
19.302083333333332,67.50208333333333,-3213.0
19.302083333333332,67.60208333333333,-3191.0
19.302083333333332,67.70208333333333,-3146.0
19.302083333333332,67.80208333333333,-3217.0
19.302083333333332,67.90208333333334,-3233.0
19.302083333333332,68.00208333333333,-3365.0
19.302083333333332,68.10208333333333,-3290.0
19.302083333333332,68.20208333333333,-3228.0
19.302083333333332,68.30208333333333,-3318.0
19.302083333333332,68.40208333333334,-3189.0
19.302083333333332,68.50208333333333,-3226.0
19.302083333333332,68.60208333333333,-3236.0
19.302083333333332,68.70208333333333,-3117.0
19.302083333333332,68.80208333333333,-2959.0
19.302083333333332,68.90208333333334,-2813.0
19.302083333333332,69.00208333333333,-2843.0
19.302083333333332,69.10208333333333,-2623.0
19.302083333333332,69.20208333333333,-2715.0
19.302083333333332,69.30208333333333,-2279.0
19.302083333333332,69.40208333333334,-1458.0
19.302083333333332,69.50208333333333,-902.0
19.302083333333332,69.60208333333333,-353.0
19.302083333333332,69.70208333333333,-217.0
19.302083333333332,69.80208333333333,-137.0
19.302083333333332,69.90208333333334,-92.0
19.302083333333332,70.00208333333333,-89.0
19.302083333333332,70.10208333333333,-93.0
19.302083333333332,70.20208333333333,-68.0
19.302083333333332,70.30208333333333,-82.0
19.302083333333332,70.40208333333334,-86.0
19.302083333333332,70.50208333333333,-86.0
19.302083333333332,70.60208333333333,-78.0
19.302083333333332,70.70208333333333,-92.0
19.302083333333332,70.80208333333333,-79.0
19.302083333333332,70.90208333333334,-80.0
19.302083333333332,71.00208333333333,-75.0
19.302083333333332,71.10208333333333,-84.0
19.302083333333332,71.20208333333333,-75.0
19.302083333333332,71.30208333333333,-77.0
19.302083333333332,71.40208333333334,-81.0
19.302083333333332,71.50208333333333,-70.0
19.302083333333332,71.60208333333333,-70.0
19.302083333333332,71.70208333333333,-68.0
19.302083333333332,71.80208333333333,-69.0
19.302083333333332,71.90208333333334,-53.0
19.302083333333332,72.00208333333333,-48.0
19.302083333333332,72.10208333333333,-48.0
19.302083333333332,72.20208333333333,-31.0
19.302083333333332,72.30208333333333,-24.0
19.302083333333332,72.40208333333334,-27.0
19.302083333333332,72.50208333333333,-21.0
19.302083333333332,72.60208333333333,-24.0
19.302083333333332,72.70208333333333,-8.0
19.302083333333332,72.80208333333333,3.038565
19.302083333333332,72.90208333333334,5.1274223
19.302083333333332,73.00208333333333,2.0
19.302083333333332,73.10208333333333,98.9632
19.302083333333332,73.20208333333333,11.881245
19.402083333333334,63.40208333333333,-3452.0
19.402083333333334,63.50208333333333,-3424.0
19.402083333333334,63.60208333333333,-3402.0
19.402083333333334,63.702083333333334,-3365.0
19.402083333333334,63.802083333333336,-3367.0
19.402083333333334,63.90208333333333,-3370.0
19.402083333333334,64.00208333333333,-3342.0
19.402083333333334,64.10208333333333,-3314.0
19.402083333333334,64.20208333333333,-3319.0
19.402083333333334,64.30208333333333,-3340.0
19.402083333333334,64.40208333333334,-3274.0
19.402083333333334,64.50208333333333,-3215.0
19.402083333333334,64.60208333333333,-3189.0
19.402083333333334,64.70208333333333,-3190.0
19.402083333333334,64.80208333333333,-3190.0
19.402083333333334,64.90208333333334,-3170.0
19.402083333333334,65.00208333333333,-3164.0
19.402083333333334,65.10208333333333,-3109.0
19.402083333333334,65.20208333333333,-3106.0
19.402083333333334,65.30208333333333,-2950.0
19.402083333333334,65.40208333333334,-2927.0
19.402083333333334,65.50208333333333,-2875.0
19.402083333333334,65.60208333333333,-2804.0
19.402083333333334,65.70208333333333,-2842.0
19.402083333333334,65.80208333333333,-2773.0
19.402083333333334,65.90208333333334,-2955.0
19.402083333333334,66.00208333333333,-3081.0
19.402083333333334,66.10208333333333,-3050.0
19.402083333333334,66.20208333333333,-3065.0
19.402083333333334,66.30208333333333,-3004.0
19.402083333333334,66.40208333333334,-2853.0
19.402083333333334,66.50208333333333,-2980.0
19.402083333333334,66.60208333333333,-3128.5837
19.402083333333334,66.70208333333333,-3119.5037
19.402083333333334,66.80208333333333,-3119.0
19.402083333333334,66.90208333333334,-3069.0
19.402083333333334,67.00208333333333,-3099.0
19.402083333333334,67.10208333333333,-3175.0
19.402083333333334,67.20208333333333,-3066.0
19.402083333333334,67.30208333333333,-3135.0
19.402083333333334,67.40208333333334,-3170.0
19.402083333333334,67.50208333333333,-3157.0
19.402083333333334,67.60208333333333,-3122.0
19.402083333333334,67.70208333333333,-3132.0
19.402083333333334,67.80208333333333,-3194.0
19.402083333333334,67.90208333333334,-3218.0
19.402083333333334,68.00208333333333,-3295.0
19.402083333333334,68.10208333333333,-3217.0
19.402083333333334,68.20208333333333,-3227.0
19.402083333333334,68.30208333333333,-3207.0
19.402083333333334,68.40208333333334,-3232.0
19.402083333333334,68.50208333333333,-3175.0
19.402083333333334,68.60208333333333,-3146.0
19.402083333333334,68.70208333333333,-3043.0
19.402083333333334,68.80208333333333,-2917.0
19.402083333333334,68.90208333333334,-2569.0
19.402083333333334,69.00208333333333,-2776.0
19.402083333333334,69.10208333333333,-2602.0
19.402083333333334,69.20208333333333,-2491.0
19.402083333333334,69.30208333333333,-1849.0
19.402083333333334,69.40208333333334,-998.0
19.402083333333334,69.50208333333333,-471.0
19.402083333333334,69.60208333333333,-336.0
19.402083333333334,69.70208333333333,-200.0
19.402083333333334,69.80208333333333,-115.0
19.402083333333334,69.90208333333334,-88.0
19.402083333333334,70.00208333333333,-82.0
19.402083333333334,70.10208333333333,-88.0
19.402083333333334,70.20208333333333,-56.0
19.402083333333334,70.30208333333333,-86.0
19.402083333333334,70.40208333333334,-86.0
19.402083333333334,70.50208333333333,-77.0
19.402083333333334,70.60208333333333,-64.0
19.402083333333334,70.70208333333333,-105.0
19.402083333333334,70.80208333333333,-84.0
19.402083333333334,70.90208333333334,-79.0
19.402083333333334,71.00208333333333,-82.0
19.402083333333334,71.10208333333333,-80.0
19.402083333333334,71.20208333333333,-70.0
19.402083333333334,71.30208333333333,-76.0
19.402083333333334,71.40208333333334,-77.0
19.402083333333334,71.50208333333333,-75.0
19.402083333333334,71.60208333333333,-69.0
19.402083333333334,71.70208333333333,-63.0
19.402083333333334,71.80208333333333,-48.0
19.402083333333334,71.90208333333334,-53.0
19.402083333333334,72.00208333333333,-41.0
19.402083333333334,72.10208333333333,-31.0
19.402083333333334,72.20208333333333,-28.0
19.402083333333334,72.30208333333333,-23.0
19.402083333333334,72.40208333333334,-34.0
19.402083333333334,72.50208333333333,-22.0
19.402083333333334,72.60208333333333,-20.0
19.402083333333334,72.70208333333333,-9.0
19.402083333333334,72.80208333333333,3.0187557
19.402083333333334,72.90208333333334,63.0364
19.402083333333334,73.00208333333333,42.54782
19.402083333333334,73.10208333333333,18.304045
19.402083333333334,73.20208333333333,25.628845
19.50208333333333,63.40208333333333,-3431.0
19.50208333333333,63.50208333333333,-3427.0
19.50208333333333,63.60208333333333,-3413.0
19.50208333333333,63.702083333333334,-3379.0
19.50208333333333,63.802083333333336,-3350.0
19.50208333333333,63.90208333333333,-3335.0
19.50208333333333,64.00208333333333,-3332.0
19.50208333333333,64.10208333333333,-3312.0
19.50208333333333,64.20208333333333,-3303.0
19.50208333333333,64.30208333333333,-3263.0
19.50208333333333,64.40208333333334,-3260.0
19.50208333333333,64.50208333333333,-3239.0
19.50208333333333,64.60208333333333,-3232.0
19.50208333333333,64.70208333333333,-3200.0
19.50208333333333,64.80208333333333,-3182.0
19.50208333333333,64.90208333333334,-3210.0
19.50208333333333,65.00208333333333,-3100.0
19.50208333333333,65.10208333333333,-3084.0
19.50208333333333,65.20208333333333,-3131.0
19.50208333333333,65.30208333333333,-3063.0
19.50208333333333,65.40208333333334,-2927.0
19.50208333333333,65.50208333333333,-3021.0
19.50208333333333,65.60208333333333,-2845.0
19.50208333333333,65.70208333333333,-2863.0
19.50208333333333,65.80208333333333,-2800.0
19.50208333333333,65.90208333333334,-2780.0
19.50208333333333,66.00208333333333,-2839.0
19.50208333333333,66.10208333333333,-2990.0
19.50208333333333,66.20208333333333,-2978.0
19.50208333333333,66.30208333333333,-2847.0
19.50208333333333,66.40208333333334,-2796.0
19.50208333333333,66.50208333333333,-2979.0
19.50208333333333,66.60208333333333,-3031.7058
19.50208333333333,66.70208333333333,-3047.5781
19.50208333333333,66.80208333333333,-3012.0
19.50208333333333,66.90208333333334,-3017.0
19.50208333333333,67.00208333333333,-3099.0
19.50208333333333,67.10208333333333,-3083.0
19.50208333333333,67.20208333333333,-3040.0
19.50208333333333,67.30208333333333,-3047.0
19.50208333333333,67.40208333333334,-3094.0
19.50208333333333,67.50208333333333,-3081.0
19.50208333333333,67.60208333333333,-3109.0
19.50208333333333,67.70208333333333,-3159.0
19.50208333333333,67.80208333333333,-3203.0
19.50208333333333,67.90208333333334,-3191.0
19.50208333333333,68.00208333333333,-3199.0
19.50208333333333,68.10208333333333,-3172.0
19.50208333333333,68.20208333333333,-3239.0
19.50208333333333,68.30208333333333,-3175.0
19.50208333333333,68.40208333333334,-3170.0
19.50208333333333,68.50208333333333,-3148.0
19.50208333333333,68.60208333333333,-3116.0
19.50208333333333,68.70208333333333,-3134.0
19.50208333333333,68.80208333333333,-2962.0
19.50208333333333,68.90208333333334,-2332.0
19.50208333333333,69.00208333333333,-2591.0
19.50208333333333,69.10208333333333,-2690.0
19.50208333333333,69.20208333333333,-2026.0
19.50208333333333,69.30208333333333,-1552.0
19.50208333333333,69.40208333333334,-851.0
19.50208333333333,69.50208333333333,-525.0
19.50208333333333,69.60208333333333,-240.0
19.50208333333333,69.70208333333333,-137.0
19.50208333333333,69.80208333333333,-102.0
19.50208333333333,69.90208333333334,-86.0
19.50208333333333,70.00208333333333,-70.0
19.50208333333333,70.10208333333333,-77.0
19.50208333333333,70.20208333333333,-89.0
19.50208333333333,70.30208333333333,-87.0
19.50208333333333,70.40208333333334,-76.0
19.50208333333333,70.50208333333333,-81.0
19.50208333333333,70.60208333333333,-83.0
19.50208333333333,70.70208333333333,-60.0
19.50208333333333,70.80208333333333,-73.0
19.50208333333333,70.90208333333334,-83.0
19.50208333333333,71.00208333333333,-71.0
19.50208333333333,71.10208333333333,-78.0
19.50208333333333,71.20208333333333,-69.0
19.50208333333333,71.30208333333333,-73.0
19.50208333333333,71.40208333333334,-70.0
19.50208333333333,71.50208333333333,-68.0
19.50208333333333,71.60208333333333,-53.0
19.50208333333333,71.70208333333333,-53.0
19.50208333333333,71.80208333333333,-45.0
19.50208333333333,71.90208333333334,-34.0
19.50208333333333,72.00208333333333,-32.0
19.50208333333333,72.10208333333333,-26.0
19.50208333333333,72.20208333333333,-25.0
19.50208333333333,72.30208333333333,-23.0
19.50208333333333,72.40208333333334,-25.0
19.50208333333333,72.50208333333333,-20.0
19.50208333333333,72.60208333333333,-23.0
19.50208333333333,72.70208333333333,-5.0
19.50208333333333,72.80208333333333,-7.0
19.50208333333333,72.90208333333334,2.8191514
19.50208333333333,73.00208333333333,18.458622
19.50208333333333,73.10208333333333,28.538712
19.50208333333333,73.20208333333333,94.48062
19.602083333333333,63.40208333333333,-3417.0
19.602083333333333,63.50208333333333,-3414.0
19.602083333333333,63.60208333333333,-3423.0
19.602083333333333,63.702083333333334,-3383.0
19.602083333333333,63.802083333333336,-3353.0
19.602083333333333,63.90208333333333,-3336.0
19.602083333333333,64.00208333333333,-3329.0
19.602083333333333,64.10208333333333,-3322.0
19.602083333333333,64.20208333333333,-3155.0
19.602083333333333,64.30208333333333,-3209.0
19.602083333333333,64.40208333333334,-3258.0
19.602083333333333,64.50208333333333,-3246.0
19.602083333333333,64.60208333333333,-3222.0
19.602083333333333,64.70208333333333,-3203.0
19.602083333333333,64.80208333333333,-3163.0
19.602083333333333,64.90208333333334,-3178.0
19.602083333333333,65.00208333333333,-3144.0
19.602083333333333,65.10208333333333,-3132.0
19.602083333333333,65.20208333333333,-3160.0
19.602083333333333,65.30208333333333,-3177.0
19.602083333333333,65.40208333333334,-3066.0
19.602083333333333,65.50208333333333,-3024.0
19.602083333333333,65.60208333333333,-2958.0
19.602083333333333,65.70208333333333,-2986.0
19.602083333333333,65.80208333333333,-2922.0
19.602083333333333,65.90208333333334,-2809.0
19.602083333333333,66.00208333333333,-2793.0
19.602083333333333,66.10208333333333,-2733.0
19.602083333333333,66.20208333333333,-2922.0
19.602083333333333,66.30208333333333,-2827.0
19.602083333333333,66.40208333333334,-2781.0
19.602083333333333,66.50208333333333,-2888.0
19.602083333333333,66.60208333333333,-2928.684
19.602083333333333,66.70208333333333,-2965.6445
19.602083333333333,66.80208333333333,-2911.0
19.602083333333333,66.90208333333334,-2901.0
19.602083333333333,67.00208333333333,-3043.0
19.602083333333333,67.10208333333333,-3064.0
19.602083333333333,67.20208333333333,-2978.0
19.602083333333333,67.30208333333333,-2993.0
19.602083333333333,67.40208333333334,-3027.0
19.602083333333333,67.50208333333333,-3066.0
19.602083333333333,67.60208333333333,-3127.0
19.602083333333333,67.70208333333333,-3149.0
19.602083333333333,67.80208333333333,-3155.0
19.602083333333333,67.90208333333334,-3181.0
19.602083333333333,68.00208333333333,-3193.0
19.602083333333333,68.10208333333333,-3165.0
19.602083333333333,68.20208333333333,-3172.0
19.602083333333333,68.30208333333333,-3169.0
19.602083333333333,68.40208333333334,-3163.0
19.602083333333333,68.50208333333333,-2963.0
19.602083333333333,68.60208333333333,-2764.0
19.602083333333333,68.70208333333333,-2587.0
19.602083333333333,68.80208333333333,-2617.0
19.602083333333333,68.90208333333334,-2626.0
19.602083333333333,69.00208333333333,-2547.0
19.602083333333333,69.10208333333333,-2158.0
19.602083333333333,69.20208333333333,-1994.0
19.602083333333333,69.30208333333333,-1470.0
19.602083333333333,69.40208333333334,-678.0
19.602083333333333,69.50208333333333,-330.0
19.602083333333333,69.60208333333333,-176.0
19.602083333333333,69.70208333333333,-102.0
19.602083333333333,69.80208333333333,-102.0
19.602083333333333,69.90208333333334,-82.0
19.602083333333333,70.00208333333333,-80.0
19.602083333333333,70.10208333333333,-81.0
19.602083333333333,70.20208333333333,-82.0
19.602083333333333,70.30208333333333,-72.0
19.602083333333333,70.40208333333334,-83.0
19.602083333333333,70.50208333333333,-82.0
19.602083333333333,70.60208333333333,-91.0
19.602083333333333,70.70208333333333,-83.0
19.602083333333333,70.80208333333333,-77.0
19.602083333333333,70.90208333333334,-74.0
19.602083333333333,71.00208333333333,-64.0
19.602083333333333,71.10208333333333,-75.0
19.602083333333333,71.20208333333333,-70.0
19.602083333333333,71.30208333333333,-64.0
19.602083333333333,71.40208333333334,-53.0
19.602083333333333,71.50208333333333,-50.0
19.602083333333333,71.60208333333333,-41.0
19.602083333333333,71.70208333333333,-37.0
19.602083333333333,71.80208333333333,-34.0
19.602083333333333,71.90208333333334,-31.0
19.602083333333333,72.00208333333333,-28.0
19.602083333333333,72.10208333333333,-26.0
19.602083333333333,72.20208333333333,-24.0
19.602083333333333,72.30208333333333,-26.0
19.602083333333333,72.40208333333334,-34.0
19.602083333333333,72.50208333333333,-20.0
19.602083333333333,72.60208333333333,-15.0
19.602083333333333,72.70208333333333,-2.0
19.602083333333333,72.80208333333333,11.0532
19.602083333333333,72.90208333333334,261.6068
19.602083333333333,73.00208333333333,31.188755
19.602083333333333,73.10208333333333,49.476665
19.602083333333333,73.20208333333333,137.20813
19.702083333333334,63.40208333333333,-3405.0
19.702083333333334,63.50208333333333,-3395.0
19.702083333333334,63.60208333333333,-3389.0
19.702083333333334,63.702083333333334,-3359.0
19.702083333333334,63.802083333333336,-3344.0
19.702083333333334,63.90208333333333,-3342.0
19.702083333333334,64.00208333333333,-3334.0
19.702083333333334,64.10208333333333,-3220.0
19.702083333333334,64.20208333333333,-3218.0
19.702083333333334,64.30208333333333,-3249.0
19.702083333333334,64.40208333333334,-3253.0
19.702083333333334,64.50208333333333,-3220.0
19.702083333333334,64.60208333333333,-3212.0
19.702083333333334,64.70208333333333,-3208.0
19.702083333333334,64.80208333333333,-3185.0
19.702083333333334,64.90208333333334,-3167.0
19.702083333333334,65.00208333333333,-3101.0
19.702083333333334,65.10208333333333,-3129.0
19.702083333333334,65.20208333333333,-3145.0
19.702083333333334,65.30208333333333,-3192.0
19.702083333333334,65.40208333333334,-3156.0
19.702083333333334,65.50208333333333,-3123.0
19.702083333333334,65.60208333333333,-3058.0
19.702083333333334,65.70208333333333,-3048.0
19.702083333333334,65.80208333333333,-3005.0
19.702083333333334,65.90208333333334,-2892.0
19.702083333333334,66.00208333333333,-2735.0
19.702083333333334,66.10208333333333,-2797.0
19.702083333333334,66.20208333333333,-2701.0
19.702083333333334,66.30208333333333,-2824.0
19.702083333333334,66.40208333333334,-2730.0
19.702083333333334,66.50208333333333,-2795.0
19.702083333333334,66.60208333333333,-2872.0
19.702083333333334,66.70208333333333,-2958.0
19.702083333333334,66.80208333333333,-2896.0
19.702083333333334,66.90208333333334,-2867.0
19.702083333333334,67.00208333333333,-2973.0
19.702083333333334,67.10208333333333,-2975.0
19.702083333333334,67.20208333333333,-2964.0
19.702083333333334,67.30208333333333,-2978.0
19.702083333333334,67.40208333333334,-3011.0
19.702083333333334,67.50208333333333,-3088.0
19.702083333333334,67.60208333333333,-3129.0
19.702083333333334,67.70208333333333,-3137.0
19.702083333333334,67.80208333333333,-3172.0
19.702083333333334,67.90208333333334,-3174.0
19.702083333333334,68.00208333333333,-3146.0
19.702083333333334,68.10208333333333,-3146.0
19.702083333333334,68.20208333333333,-3156.0
19.702083333333334,68.30208333333333,-3109.0
19.702083333333334,68.40208333333334,-3097.0
19.702083333333334,68.50208333333333,-2879.0
19.702083333333334,68.60208333333333,-2823.0
19.702083333333334,68.70208333333333,-2745.0
19.702083333333334,68.80208333333333,-2713.0
19.702083333333334,68.90208333333334,-2599.0
19.702083333333334,69.00208333333333,-2470.0
19.702083333333334,69.10208333333333,-1641.0
19.702083333333334,69.20208333333333,-1429.0
19.702083333333334,69.30208333333333,-1016.0
19.702083333333334,69.40208333333334,-616.0
19.702083333333334,69.50208333333333,-186.0
19.702083333333334,69.60208333333333,-115.0
19.702083333333334,69.70208333333333,-78.0
19.702083333333334,69.80208333333333,-86.0
19.702083333333334,69.90208333333334,-85.0
19.702083333333334,70.00208333333333,-83.0
19.702083333333334,70.10208333333333,-81.0
19.702083333333334,70.20208333333333,-84.0
19.702083333333334,70.30208333333333,-82.0
19.702083333333334,70.40208333333334,-83.0
19.702083333333334,70.50208333333333,-84.0
19.702083333333334,70.60208333333333,-81.0
19.702083333333334,70.70208333333333,-78.0
19.702083333333334,70.80208333333333,-78.0
19.702083333333334,70.90208333333334,-72.0
19.702083333333334,71.00208333333333,-76.0
19.702083333333334,71.10208333333333,-66.0
19.702083333333334,71.20208333333333,-66.0
19.702083333333334,71.30208333333333,-54.0
19.702083333333334,71.40208333333334,-45.0
19.702083333333334,71.50208333333333,-41.0
19.702083333333334,71.60208333333333,-35.0
19.702083333333334,71.70208333333333,-30.0
19.702083333333334,71.80208333333333,-31.0
19.702083333333334,71.90208333333334,-30.0
19.702083333333334,72.00208333333333,-29.0
19.702083333333334,72.10208333333333,-27.0
19.702083333333334,72.20208333333333,-25.0
19.702083333333334,72.30208333333333,-28.0
19.702083333333334,72.40208333333334,-39.0
19.702083333333334,72.50208333333333,-20.0
19.702083333333334,72.60208333333333,-16.0
19.702083333333334,72.70208333333333,-4.0
19.702083333333334,72.80208333333333,37.90111
19.702083333333334,72.90208333333334,14.484089
19.702083333333334,73.00208333333333,24.902666
19.702083333333334,73.10208333333333,64.4296
19.702083333333334,73.20208333333333,115.65093
19.802083333333332,63.40208333333333,-3397.0
19.802083333333332,63.50208333333333,-3398.0
19.802083333333332,63.60208333333333,-3379.0
19.802083333333332,63.702083333333334,-3347.0
19.802083333333332,63.802083333333336,-3320.0
19.802083333333332,63.90208333333333,-3301.0
19.802083333333332,64.00208333333333,-3326.0
19.802083333333332,64.10208333333333,-3297.0
19.802083333333332,64.20208333333333,-3286.0
19.802083333333332,64.30208333333333,-3300.0
19.802083333333332,64.40208333333334,-3257.0
19.802083333333332,64.50208333333333,-3230.0
19.802083333333332,64.60208333333333,-3227.0
19.802083333333332,64.70208333333333,-3199.0
19.802083333333332,64.80208333333333,-3188.0
19.802083333333332,64.90208333333334,-3122.0
19.802083333333332,65.00208333333333,-3123.0
19.802083333333332,65.10208333333333,-3152.0
19.802083333333332,65.20208333333333,-3170.0
19.802083333333332,65.30208333333333,-3181.0
19.802083333333332,65.40208333333334,-3171.0
19.802083333333332,65.50208333333333,-3138.0
19.802083333333332,65.60208333333333,-3108.0
19.802083333333332,65.70208333333333,-3105.0
19.802083333333332,65.80208333333333,-3054.0
19.802083333333332,65.90208333333334,-3003.0
19.802083333333332,66.00208333333333,-2897.0
19.802083333333332,66.10208333333333,-2731.0
19.802083333333332,66.20208333333333,-2649.0
19.802083333333332,66.30208333333333,-2727.0
19.802083333333332,66.40208333333334,-2759.0
19.802083333333332,66.50208333333333,-2767.0
19.802083333333332,66.60208333333333,-2796.0
19.802083333333332,66.70208333333333,-2864.0
19.802083333333332,66.80208333333333,-2822.0
19.802083333333332,66.90208333333334,-2775.0
19.802083333333332,67.00208333333333,-2891.0
19.802083333333332,67.10208333333333,-2939.0
19.802083333333332,67.20208333333333,-2934.0
19.802083333333332,67.30208333333333,-2991.0
19.802083333333332,67.40208333333334,-2995.0
19.802083333333332,67.50208333333333,-3046.0
19.802083333333332,67.60208333333333,-3077.0
19.802083333333332,67.70208333333333,-3121.0
19.802083333333332,67.80208333333333,-3123.0
19.802083333333332,67.90208333333334,-3138.0
19.802083333333332,68.00208333333333,-3116.0
19.802083333333332,68.10208333333333,-3164.0
19.802083333333332,68.20208333333333,-3133.0
19.802083333333332,68.30208333333333,-3134.0
19.802083333333332,68.40208333333334,-3021.0
19.802083333333332,68.50208333333333,-3024.0
19.802083333333332,68.60208333333333,-3015.0
19.802083333333332,68.70208333333333,-2929.0
19.802083333333332,68.80208333333333,-2940.0
19.802083333333332,68.90208333333334,-2762.0
19.802083333333332,69.00208333333333,-2021.0
19.802083333333332,69.10208333333333,-1510.0
19.802083333333332,69.20208333333333,-1170.0
19.802083333333332,69.30208333333333,-980.0
19.802083333333332,69.40208333333334,-512.0
19.802083333333332,69.50208333333333,-192.0
19.802083333333332,69.60208333333333,-93.0
19.802083333333332,69.70208333333333,-87.0
19.802083333333332,69.80208333333333,-83.0
19.802083333333332,69.90208333333334,-82.0
19.802083333333332,70.00208333333333,-88.0
19.802083333333332,70.10208333333333,-93.0
19.802083333333332,70.20208333333333,-89.0
19.802083333333332,70.30208333333333,-102.0
19.802083333333332,70.40208333333334,-84.0
19.802083333333332,70.50208333333333,-81.0
19.802083333333332,70.60208333333333,-86.0
19.802083333333332,70.70208333333333,-80.0
19.802083333333332,70.80208333333333,-75.0
19.802083333333332,70.90208333333334,-72.0
19.802083333333332,71.00208333333333,-73.0
19.802083333333332,71.10208333333333,-66.0
19.802083333333332,71.20208333333333,-50.0
19.802083333333332,71.30208333333333,-56.0
19.802083333333332,71.40208333333334,-39.0
19.802083333333332,71.50208333333333,-34.0
19.802083333333332,71.60208333333333,-33.0
19.802083333333332,71.70208333333333,-33.0
19.802083333333332,71.80208333333333,-30.0
19.802083333333332,71.90208333333334,-31.0
19.802083333333332,72.00208333333333,-29.0
19.802083333333332,72.10208333333333,-29.0
19.802083333333332,72.20208333333333,-30.0
19.802083333333332,72.30208333333333,-42.0
19.802083333333332,72.40208333333334,-35.0
19.802083333333332,72.50208333333333,-27.0
19.802083333333332,72.60208333333333,-14.0
19.802083333333332,72.70208333333333,2.4026132
19.802083333333332,72.80208333333333,19.613068
19.802083333333332,72.90208333333334,55.08098
19.802083333333332,73.00208333333333,44.27911
19.802083333333332,73.10208333333333,59.212265
19.802083333333332,73.20208333333333,209.52263
19.902083333333334,63.40208333333333,-3373.0
19.902083333333334,63.50208333333333,-3418.0
19.902083333333334,63.60208333333333,-3365.0
19.902083333333334,63.702083333333334,-3345.0
19.902083333333334,63.802083333333336,-3305.0
19.902083333333334,63.90208333333333,-3275.0
19.902083333333334,64.00208333333333,-3310.0
19.902083333333334,64.10208333333333,-3300.0
19.902083333333334,64.20208333333333,-3295.0
19.902083333333334,64.30208333333333,-3291.0
19.902083333333334,64.40208333333334,-3252.0
19.902083333333334,64.50208333333333,-3240.0
19.902083333333334,64.60208333333333,-3217.0
19.902083333333334,64.70208333333333,-3204.0
19.902083333333334,64.80208333333333,-3151.0
19.902083333333334,64.90208333333334,-3181.0
19.902083333333334,65.00208333333333,-3150.0
19.902083333333334,65.10208333333333,-3152.0
19.902083333333334,65.20208333333333,-3195.0
19.902083333333334,65.30208333333333,-3218.0
19.902083333333334,65.40208333333334,-3169.0
19.902083333333334,65.50208333333333,-3145.0
19.902083333333334,65.60208333333333,-3147.0
19.902083333333334,65.70208333333333,-3172.0
19.902083333333334,65.80208333333333,-3136.0
19.902083333333334,65.90208333333334,-2996.0
19.902083333333334,66.00208333333333,-2940.0
19.902083333333334,66.10208333333333,-2802.0
19.902083333333334,66.20208333333333,-2637.0
19.902083333333334,66.30208333333333,-2669.0
19.902083333333334,66.40208333333334,-2781.0
19.902083333333334,66.50208333333333,-2696.0
19.902083333333334,66.60208333333333,-2710.0
19.902083333333334,66.70208333333333,-2756.0
19.902083333333334,66.80208333333333,-2668.0
19.902083333333334,66.90208333333334,-2807.0
19.902083333333334,67.00208333333333,-2866.0
19.902083333333334,67.10208333333333,-3011.0
19.902083333333334,67.20208333333333,-2980.0
19.902083333333334,67.30208333333333,-3057.0
19.902083333333334,67.40208333333334,-2978.0
19.902083333333334,67.50208333333333,-3009.0
19.902083333333334,67.60208333333333,-3086.0
19.902083333333334,67.70208333333333,-3112.0
19.902083333333334,67.80208333333333,-3075.0
19.902083333333334,67.90208333333334,-3101.0
19.902083333333334,68.00208333333333,-3100.0
19.902083333333334,68.10208333333333,-3121.0
19.902083333333334,68.20208333333333,-3182.0
19.902083333333334,68.30208333333333,-3130.0
19.902083333333334,68.40208333333334,-3137.0
19.902083333333334,68.50208333333333,-3114.0
19.902083333333334,68.60208333333333,-3104.0
19.902083333333334,68.70208333333333,-2998.0
19.902083333333334,68.80208333333333,-2959.0
19.902083333333334,68.90208333333334,-2702.0
19.902083333333334,69.00208333333333,-2032.0
19.902083333333334,69.10208333333333,-1747.0
19.902083333333334,69.20208333333333,-1150.0
19.902083333333334,69.30208333333333,-858.0
19.902083333333334,69.40208333333334,-421.0
19.902083333333334,69.50208333333333,-196.0
19.902083333333334,69.60208333333333,-115.0
19.902083333333334,69.70208333333333,-87.0
19.902083333333334,69.80208333333333,-83.0
19.902083333333334,69.90208333333334,-84.0
19.902083333333334,70.00208333333333,-75.0
19.902083333333334,70.10208333333333,-61.0
19.902083333333334,70.20208333333333,-77.0
19.902083333333334,70.30208333333333,-84.0
19.902083333333334,70.40208333333334,-92.0
19.902083333333334,70.50208333333333,-90.0
19.902083333333334,70.60208333333333,-82.0
19.902083333333334,70.70208333333333,-74.0
19.902083333333334,70.80208333333333,-73.0
19.902083333333334,70.90208333333334,-78.0
19.902083333333334,71.00208333333333,-74.0
19.902083333333334,71.10208333333333,-53.0
19.902083333333334,71.20208333333333,-52.0
19.902083333333334,71.30208333333333,-38.0
19.902083333333334,71.40208333333334,-33.0
19.902083333333334,71.50208333333333,-32.0
19.902083333333334,71.60208333333333,-31.0
19.902083333333334,71.70208333333333,-31.0
19.902083333333334,71.80208333333333,-30.0
19.902083333333334,71.90208333333334,-30.0
19.902083333333334,72.00208333333333,-30.0
19.902083333333334,72.10208333333333,-30.0
19.902083333333334,72.20208333333333,-30.0
19.902083333333334,72.30208333333333,-31.0
19.902083333333334,72.40208333333334,-49.0
19.902083333333334,72.50208333333333,-28.0
19.902083333333334,72.60208333333333,-14.0
19.902083333333334,72.70208333333333,8.215333
19.902083333333334,72.80208333333333,25.339022
19.902083333333334,72.90208333333334,95.47191
19.902083333333334,73.00208333333333,128.81996
19.902083333333334,73.10208333333333,138.62791
19.902083333333334,73.20208333333333,426.66003
20.00208333333333,63.40208333333333,-3428.0
20.00208333333333,63.50208333333333,-3370.0
20.00208333333333,63.60208333333333,-3363.0
20.00208333333333,63.702083333333334,-3357.0
20.00208333333333,63.802083333333336,-3340.0
20.00208333333333,63.90208333333333,-3336.0
20.00208333333333,64.00208333333333,-3310.0
20.00208333333333,64.10208333333333,-3305.0
20.00208333333333,64.20208333333333,-3285.0
20.00208333333333,64.30208333333333,-3269.0
20.00208333333333,64.40208333333334,-3273.0
20.00208333333333,64.50208333333333,-3256.0
20.00208333333333,64.60208333333333,-3230.0
20.00208333333333,64.70208333333333,-3208.0
20.00208333333333,64.80208333333333,-3182.0
20.00208333333333,64.90208333333334,-3192.0
20.00208333333333,65.00208333333333,-3169.0
20.00208333333333,65.10208333333333,-3139.0
20.00208333333333,65.20208333333333,-3167.0
20.00208333333333,65.30208333333333,-3156.0
20.00208333333333,65.40208333333334,-3193.0
20.00208333333333,65.50208333333333,-3188.0
20.00208333333333,65.60208333333333,-3187.0
20.00208333333333,65.70208333333333,-3175.0
20.00208333333333,65.80208333333333,-3155.0
20.00208333333333,65.90208333333334,-3143.0
20.00208333333333,66.00208333333333,-2927.0
20.00208333333333,66.10208333333333,-2894.0
20.00208333333333,66.20208333333333,-2673.0
20.00208333333333,66.30208333333333,-2596.0
20.00208333333333,66.40208333333334,-2609.0
20.00208333333333,66.50208333333333,-2675.0
20.00208333333333,66.60208333333333,-2659.0
20.00208333333333,66.70208333333333,-2768.0
20.00208333333333,66.80208333333333,-2703.0
20.00208333333333,66.90208333333334,-2779.0
20.00208333333333,67.00208333333333,-2900.0
20.00208333333333,67.10208333333333,-2976.0
20.00208333333333,67.20208333333333,-3013.0
20.00208333333333,67.30208333333333,-3042.0
20.00208333333333,67.40208333333334,-3036.0
20.00208333333333,67.50208333333333,-3070.0
20.00208333333333,67.60208333333333,-3004.0
20.00208333333333,67.70208333333333,-3063.0
20.00208333333333,67.80208333333333,-3076.0
20.00208333333333,67.90208333333334,-3089.0
20.00208333333333,68.00208333333333,-3117.0
20.00208333333333,68.10208333333333,-3110.0
20.00208333333333,68.20208333333333,-3038.0
20.00208333333333,68.30208333333333,-3122.0
20.00208333333333,68.40208333333334,-3123.0
20.00208333333333,68.50208333333333,-3095.0
20.00208333333333,68.60208333333333,-3054.0
20.00208333333333,68.70208333333333,-2790.0
20.00208333333333,68.80208333333333,-2840.0
20.00208333333333,68.90208333333334,-2521.0
20.00208333333333,69.00208333333333,-1861.0
20.00208333333333,69.10208333333333,-1556.0
20.00208333333333,69.20208333333333,-1273.0
20.00208333333333,69.30208333333333,-916.0
20.00208333333333,69.40208333333334,-332.0
20.00208333333333,69.50208333333333,-167.0
20.00208333333333,69.60208333333333,-89.0
20.00208333333333,69.70208333333333,-83.0
20.00208333333333,69.80208333333333,-83.0
20.00208333333333,69.90208333333334,-74.0
20.00208333333333,70.00208333333333,-74.0
20.00208333333333,70.10208333333333,-78.0
20.00208333333333,70.20208333333333,-74.0
20.00208333333333,70.30208333333333,-84.0
20.00208333333333,70.40208333333334,-83.0
20.00208333333333,70.50208333333333,-73.0
20.00208333333333,70.60208333333333,-74.0
20.00208333333333,70.70208333333333,-73.0
20.00208333333333,70.80208333333333,-75.0
20.00208333333333,70.90208333333334,-73.0
20.00208333333333,71.00208333333333,-72.0
20.00208333333333,71.10208333333333,-57.0
20.00208333333333,71.20208333333333,-37.0
20.00208333333333,71.30208333333333,-37.0
20.00208333333333,71.40208333333334,-39.0
20.00208333333333,71.50208333333333,-32.0
20.00208333333333,71.60208333333333,-30.0
20.00208333333333,71.70208333333333,-29.0
20.00208333333333,71.80208333333333,-27.0
20.00208333333333,71.90208333333334,-28.0
20.00208333333333,72.00208333333333,-30.0
20.00208333333333,72.10208333333333,-31.0
20.00208333333333,72.20208333333333,-32.0
20.00208333333333,72.30208333333333,-59.0
20.00208333333333,72.40208333333334,-31.0
20.00208333333333,72.50208333333333,-28.0
20.00208333333333,72.60208333333333,-12.0
20.00208333333333,72.70208333333333,-1.0
20.00208333333333,72.80208333333333,70.513336
20.00208333333333,72.90208333333334,108.63622
20.00208333333333,73.00208333333333,170.71324
20.00208333333333,73.10208333333333,189.23125
20.00208333333333,73.20208333333333,329.77194
20.102083333333333,63.40208333333333,-3329.0
20.102083333333333,63.50208333333333,-3352.0
20.102083333333333,63.60208333333333,-3341.0
20.102083333333333,63.702083333333334,-3332.0
20.102083333333333,63.802083333333336,-3307.0
20.102083333333333,63.90208333333333,-3285.0
20.102083333333333,64.00208333333333,-3284.0
20.102083333333333,64.10208333333333,-3272.0
20.102083333333333,64.20208333333333,-3266.0
20.102083333333333,64.30208333333333,-3285.0
20.102083333333333,64.40208333333334,-3269.0
20.102083333333333,64.50208333333333,-3236.0
20.102083333333333,64.60208333333333,-3206.0
20.102083333333333,64.70208333333333,-3183.0
20.102083333333333,64.80208333333333,-3171.0
20.102083333333333,64.90208333333334,-3156.0
20.102083333333333,65.00208333333333,-3156.0
20.102083333333333,65.10208333333333,-3143.0
20.102083333333333,65.20208333333333,-3179.0
20.102083333333333,65.30208333333333,-3181.0
20.102083333333333,65.40208333333334,-3174.0
20.102083333333333,65.50208333333333,-3181.0
20.102083333333333,65.60208333333333,-3189.0
20.102083333333333,65.70208333333333,-3177.0
20.102083333333333,65.80208333333333,-3150.0
20.102083333333333,65.90208333333334,-3136.0
20.102083333333333,66.00208333333333,-2860.0
20.102083333333333,66.10208333333333,-2754.0
20.102083333333333,66.20208333333333,-2784.0
20.102083333333333,66.30208333333333,-2612.0
20.102083333333333,66.40208333333334,-2607.0
20.102083333333333,66.50208333333333,-2687.0
20.102083333333333,66.60208333333333,-2680.0
20.102083333333333,66.70208333333333,-2671.0
20.102083333333333,66.80208333333333,-2705.0
20.102083333333333,66.90208333333334,-2832.0
20.102083333333333,67.00208333333333,-2952.0
20.102083333333333,67.10208333333333,-3009.0
20.102083333333333,67.20208333333333,-3037.0
20.102083333333333,67.30208333333333,-3071.0
20.102083333333333,67.40208333333334,-3001.0
20.102083333333333,67.50208333333333,-3062.0
20.102083333333333,67.60208333333333,-3049.0
20.102083333333333,67.70208333333333,-3033.0
20.102083333333333,67.80208333333333,-2974.0
20.102083333333333,67.90208333333334,-3031.0
20.102083333333333,68.00208333333333,-3066.0
20.102083333333333,68.10208333333333,-3083.0
20.102083333333333,68.20208333333333,-3115.0
20.102083333333333,68.30208333333333,-3107.0
20.102083333333333,68.40208333333334,-3078.0
20.102083333333333,68.50208333333333,-3079.0
20.102083333333333,68.60208333333333,-2933.0
20.102083333333333,68.70208333333333,-2832.0
20.102083333333333,68.80208333333333,-2845.0
20.102083333333333,68.90208333333334,-2430.0
20.102083333333333,69.00208333333333,-1818.0
20.102083333333333,69.10208333333333,-1470.0
20.102083333333333,69.20208333333333,-1166.0
20.102083333333333,69.30208333333333,-930.0
20.102083333333333,69.40208333333334,-319.0
20.102083333333333,69.50208333333333,-116.0
20.102083333333333,69.60208333333333,-91.0
20.102083333333333,69.70208333333333,-76.0
20.102083333333333,69.80208333333333,-76.0
20.102083333333333,69.90208333333334,-84.0
20.102083333333333,70.00208333333333,-68.0
20.102083333333333,70.10208333333333,-71.0
20.102083333333333,70.20208333333333,-67.0
20.102083333333333,70.30208333333333,-68.0
20.102083333333333,70.40208333333334,-75.0
20.102083333333333,70.50208333333333,-88.0
20.102083333333333,70.60208333333333,-81.0
20.102083333333333,70.70208333333333,-75.0
20.102083333333333,70.80208333333333,-77.0
20.102083333333333,70.90208333333334,-77.0
20.102083333333333,71.00208333333333,-61.0
20.102083333333333,71.10208333333333,-52.0
20.102083333333333,71.20208333333333,-39.0
20.102083333333333,71.30208333333333,-40.0
20.102083333333333,71.40208333333334,-33.0
20.102083333333333,71.50208333333333,-29.0
20.102083333333333,71.60208333333333,-29.0
20.102083333333333,71.70208333333333,-28.0
20.102083333333333,71.80208333333333,-29.0
20.102083333333333,71.90208333333334,-27.0
20.102083333333333,72.00208333333333,-27.0
20.102083333333333,72.10208333333333,-30.0
20.102083333333333,72.20208333333333,-30.0
20.102083333333333,72.30208333333333,-35.0
20.102083333333333,72.40208333333334,-35.0
20.102083333333333,72.50208333333333,-35.0
20.102083333333333,72.60208333333333,-18.0
20.102083333333333,72.70208333333333,-2.0
20.102083333333333,72.80208333333333,135.55667
20.102083333333333,72.90208333333334,72.213646
20.102083333333333,73.00208333333333,67.60525
20.102083333333333,73.10208333333333,143.96356
20.102083333333333,73.20208333333333,287.39987
20.202083333333334,63.40208333333333,-3368.0
20.202083333333334,63.50208333333333,-3330.0
20.202083333333334,63.60208333333333,-3338.0
20.202083333333334,63.702083333333334,-3303.0
20.202083333333334,63.802083333333336,-3316.0
20.202083333333334,63.90208333333333,-3293.0
20.202083333333334,64.00208333333333,-3284.0
20.202083333333334,64.10208333333333,-3236.0
20.202083333333334,64.20208333333333,-3260.0
20.202083333333334,64.30208333333333,-3255.0
20.202083333333334,64.40208333333334,-3240.0
20.202083333333334,64.50208333333333,-3213.0
20.202083333333334,64.60208333333333,-3205.0
20.202083333333334,64.70208333333333,-3198.0
20.202083333333334,64.80208333333333,-3135.0
20.202083333333334,64.90208333333334,-3132.0
20.202083333333334,65.00208333333333,-3137.0
20.202083333333334,65.10208333333333,-3185.0
20.202083333333334,65.20208333333333,-3178.0
20.202083333333334,65.30208333333333,-3202.0
20.202083333333334,65.40208333333334,-3198.0
20.202083333333334,65.50208333333333,-3167.0
20.202083333333334,65.60208333333333,-3183.0
20.202083333333334,65.70208333333333,-3163.0
20.202083333333334,65.80208333333333,-3140.0
20.202083333333334,65.90208333333334,-3068.0
20.202083333333334,66.00208333333333,-2756.0
20.202083333333334,66.10208333333333,-2834.0
20.202083333333334,66.20208333333333,-2772.0
20.202083333333334,66.30208333333333,-2638.0
20.202083333333334,66.40208333333334,-2527.0
20.202083333333334,66.50208333333333,-2606.0
20.202083333333334,66.60208333333333,-2672.0
20.202083333333334,66.70208333333333,-2708.0
20.202083333333334,66.80208333333333,-2593.0
20.202083333333334,66.90208333333334,-2680.0
20.202083333333334,67.00208333333333,-2842.0
20.202083333333334,67.10208333333333,-2988.0
20.202083333333334,67.20208333333333,-3021.0
20.202083333333334,67.30208333333333,-3135.0
20.202083333333334,67.40208333333334,-3039.0
20.202083333333334,67.50208333333333,-3042.0
20.202083333333334,67.60208333333333,-3040.0
20.202083333333334,67.70208333333333,-3044.0
20.202083333333334,67.80208333333333,-3058.0
20.202083333333334,67.90208333333334,-2959.0
20.202083333333334,68.00208333333333,-2923.0
20.202083333333334,68.10208333333333,-3073.0
20.202083333333334,68.20208333333333,-3068.0
20.202083333333334,68.30208333333333,-3122.0
20.202083333333334,68.40208333333334,-3092.0
20.202083333333334,68.50208333333333,-3121.0
20.202083333333334,68.60208333333333,-3060.0
20.202083333333334,68.70208333333333,-3019.0
20.202083333333334,68.80208333333333,-2915.0
20.202083333333334,68.90208333333334,-2430.0
20.202083333333334,69.00208333333333,-1729.0
20.202083333333334,69.10208333333333,-1485.0
20.202083333333334,69.20208333333333,-1226.0
20.202083333333334,69.30208333333333,-719.0
20.202083333333334,69.40208333333334,-262.0
20.202083333333334,69.50208333333333,-125.0
20.202083333333334,69.60208333333333,-103.0
20.202083333333334,69.70208333333333,-55.0
20.202083333333334,69.80208333333333,-84.0
20.202083333333334,69.90208333333334,-77.0
20.202083333333334,70.00208333333333,-75.0
20.202083333333334,70.10208333333333,-73.0
20.202083333333334,70.20208333333333,-72.0
20.202083333333334,70.30208333333333,-79.0
20.202083333333334,70.40208333333334,-78.0
20.202083333333334,70.50208333333333,-86.0
20.202083333333334,70.60208333333333,-80.0
20.202083333333334,70.70208333333333,-72.0
20.202083333333334,70.80208333333333,-70.0
20.202083333333334,70.90208333333334,-65.0
20.202083333333334,71.00208333333333,-55.0
20.202083333333334,71.10208333333333,-47.0
20.202083333333334,71.20208333333333,-36.0
20.202083333333334,71.30208333333333,-41.0
20.202083333333334,71.40208333333334,-36.0
20.202083333333334,71.50208333333333,-30.0
20.202083333333334,71.60208333333333,-29.0
20.202083333333334,71.70208333333333,-28.0
20.202083333333334,71.80208333333333,-26.0
20.202083333333334,71.90208333333334,-25.0
20.202083333333334,72.00208333333333,-25.0
20.202083333333334,72.10208333333333,-29.0
20.202083333333334,72.20208333333333,-31.0
20.202083333333334,72.30208333333333,-30.0
20.202083333333334,72.40208333333334,-57.0
20.202083333333334,72.50208333333333,-43.0
20.202083333333334,72.60208333333333,-20.0
20.202083333333334,72.70208333333333,-3.0
20.202083333333334,72.80208333333333,8.860711
20.202083333333334,72.90208333333334,39.99929
20.202083333333334,73.00208333333333,42.23991
20.202083333333334,73.10208333333333,77.0
20.202083333333334,73.20208333333333,92.4324
20.302083333333332,63.40208333333333,-3333.0
20.302083333333332,63.50208333333333,-3364.0
20.302083333333332,63.60208333333333,-3344.0
20.302083333333332,63.702083333333334,-3341.0
20.302083333333332,63.802083333333336,-3320.0
20.302083333333332,63.90208333333333,-3309.0
20.302083333333332,64.00208333333333,-3294.0
20.302083333333332,64.10208333333333,-3268.0
20.302083333333332,64.20208333333333,-3247.0
20.302083333333332,64.30208333333333,-3252.0
20.302083333333332,64.40208333333334,-3238.0
20.302083333333332,64.50208333333333,-3219.0
20.302083333333332,64.60208333333333,-3170.0
20.302083333333332,64.70208333333333,-3099.0
20.302083333333332,64.80208333333333,-3057.0
20.302083333333332,64.90208333333334,-3075.0
20.302083333333332,65.00208333333333,-3145.0
20.302083333333332,65.10208333333333,-3183.0
20.302083333333332,65.20208333333333,-3158.0
20.302083333333332,65.30208333333333,-3182.0
20.302083333333332,65.40208333333334,-3159.0
20.302083333333332,65.50208333333333,-3181.0
20.302083333333332,65.60208333333333,-3164.0
20.302083333333332,65.70208333333333,-3139.0
20.302083333333332,65.80208333333333,-3035.0
20.302083333333332,65.90208333333334,-2917.0
20.302083333333332,66.00208333333333,-2703.0
20.302083333333332,66.10208333333333,-2751.0
20.302083333333332,66.20208333333333,-2781.0
20.302083333333332,66.30208333333333,-2565.0
20.302083333333332,66.40208333333334,-2455.0
20.302083333333332,66.50208333333333,-2481.0
20.302083333333332,66.60208333333333,-2690.0
20.302083333333332,66.70208333333333,-2664.0
20.302083333333332,66.80208333333333,-2554.0
20.302083333333332,66.90208333333334,-2592.0
20.302083333333332,67.00208333333333,-2796.0
20.302083333333332,67.10208333333333,-2971.0
20.302083333333332,67.20208333333333,-3016.0
20.302083333333332,67.30208333333333,-2997.0
20.302083333333332,67.40208333333334,-2997.0
20.302083333333332,67.50208333333333,-3051.0
20.302083333333332,67.60208333333333,-3027.0
20.302083333333332,67.70208333333333,-2997.0
20.302083333333332,67.80208333333333,-3055.0
20.302083333333332,67.90208333333334,-2946.0
20.302083333333332,68.00208333333333,-2952.0
20.302083333333332,68.10208333333333,-2996.0
20.302083333333332,68.20208333333333,-2936.0
20.302083333333332,68.30208333333333,-3023.0
20.302083333333332,68.40208333333334,-3157.0
20.302083333333332,68.50208333333333,-3019.0
20.302083333333332,68.60208333333333,-3048.0
20.302083333333332,68.70208333333333,-3062.0
20.302083333333332,68.80208333333333,-2756.0
20.302083333333332,68.90208333333334,-2467.0
20.302083333333332,69.00208333333333,-1977.0
20.302083333333332,69.10208333333333,-1258.0
20.302083333333332,69.20208333333333,-950.0
20.302083333333332,69.30208333333333,-611.0
20.302083333333332,69.40208333333334,-233.0
20.302083333333332,69.50208333333333,-111.0
20.302083333333332,69.60208333333333,-85.0
20.302083333333332,69.70208333333333,-94.0
20.302083333333332,69.80208333333333,-73.0
20.302083333333332,69.90208333333334,-78.0
20.302083333333332,70.00208333333333,-89.0
20.302083333333332,70.10208333333333,-68.0
20.302083333333332,70.20208333333333,-75.0
20.302083333333332,70.30208333333333,-76.0
20.302083333333332,70.40208333333334,-84.0
20.302083333333332,70.50208333333333,-85.0
20.302083333333332,70.60208333333333,-79.0
20.302083333333332,70.70208333333333,-72.0
20.302083333333332,70.80208333333333,-75.0
20.302083333333332,70.90208333333334,-58.0
20.302083333333332,71.00208333333333,-51.0
20.302083333333332,71.10208333333333,-44.0
20.302083333333332,71.20208333333333,-35.0
20.302083333333332,71.30208333333333,-31.0
20.302083333333332,71.40208333333334,-31.0
20.302083333333332,71.50208333333333,-30.0
20.302083333333332,71.60208333333333,-28.0
20.302083333333332,71.70208333333333,-26.0
20.302083333333332,71.80208333333333,-25.0
20.302083333333332,71.90208333333334,-23.0
20.302083333333332,72.00208333333333,-27.0
20.302083333333332,72.10208333333333,-21.0
20.302083333333332,72.20208333333333,-30.0
20.302083333333332,72.30208333333333,-30.0
20.302083333333332,72.40208333333334,-32.0
20.302083333333332,72.50208333333333,-42.0
20.302083333333332,72.60208333333333,-27.0
20.302083333333332,72.70208333333333,-12.0
20.302083333333332,72.80208333333333,17.8312
20.302083333333332,72.90208333333334,22.58729
20.302083333333332,73.00208333333333,38.16169
20.302083333333332,73.10208333333333,109.819954
20.302083333333332,73.20208333333333,195.21333
20.402083333333334,63.40208333333333,-3373.0
20.402083333333334,63.50208333333333,-3329.0
20.402083333333334,63.60208333333333,-3343.0
20.402083333333334,63.702083333333334,-3302.0
20.402083333333334,63.802083333333336,-3325.0
20.402083333333334,63.90208333333333,-3306.0
20.402083333333334,64.00208333333333,-3286.0
20.402083333333334,64.10208333333333,-3266.0
20.402083333333334,64.20208333333333,-3214.0
20.402083333333334,64.30208333333333,-3218.0
20.402083333333334,64.40208333333334,-3245.0
20.402083333333334,64.50208333333333,-3206.0
20.402083333333334,64.60208333333333,-3154.0
20.402083333333334,64.70208333333333,-3037.0
20.402083333333334,64.80208333333333,-3007.0
20.402083333333334,64.90208333333334,-3106.0
20.402083333333334,65.00208333333333,-3150.0
20.402083333333334,65.10208333333333,-3090.0
20.402083333333334,65.20208333333333,-3134.0
20.402083333333334,65.30208333333333,-3168.0
20.402083333333334,65.40208333333334,-3193.0
20.402083333333334,65.50208333333333,-3152.0
20.402083333333334,65.60208333333333,-3145.0
20.402083333333334,65.70208333333333,-3095.0
20.402083333333334,65.80208333333333,-3025.0
20.402083333333334,65.90208333333334,-2903.0
20.402083333333334,66.00208333333333,-2736.0
20.402083333333334,66.10208333333333,-2794.0
20.402083333333334,66.20208333333333,-2722.0
20.402083333333334,66.30208333333333,-2648.0
20.402083333333334,66.40208333333334,-2613.0
20.402083333333334,66.50208333333333,-2482.0
20.402083333333334,66.60208333333333,-2508.0
20.402083333333334,66.70208333333333,-2519.0
20.402083333333334,66.80208333333333,-2501.0
20.402083333333334,66.90208333333334,-2541.0
20.402083333333334,67.00208333333333,-2724.0
20.402083333333334,67.10208333333333,-2961.0
20.402083333333334,67.20208333333333,-2982.0
20.402083333333334,67.30208333333333,-3036.0
20.402083333333334,67.40208333333334,-3046.0
20.402083333333334,67.50208333333333,-3001.0
20.402083333333334,67.60208333333333,-2994.0
20.402083333333334,67.70208333333333,-3006.0
20.402083333333334,67.80208333333333,-3033.0
20.402083333333334,67.90208333333334,-2999.0
20.402083333333334,68.00208333333333,-3024.0
20.402083333333334,68.10208333333333,-2998.0
20.402083333333334,68.20208333333333,-2920.0
20.402083333333334,68.30208333333333,-3000.0
20.402083333333334,68.40208333333334,-3017.0
20.402083333333334,68.50208333333333,-3021.0
20.402083333333334,68.60208333333333,-3016.0
20.402083333333334,68.70208333333333,-2934.0
20.402083333333334,68.80208333333333,-2941.0
20.402083333333334,68.90208333333334,-2520.0
20.402083333333334,69.00208333333333,-1721.0
20.402083333333334,69.10208333333333,-1245.0
20.402083333333334,69.20208333333333,-881.0
20.402083333333334,69.30208333333333,-470.0
20.402083333333334,69.40208333333334,-159.0
20.402083333333334,69.50208333333333,-100.0
20.402083333333334,69.60208333333333,-81.0
20.402083333333334,69.70208333333333,-87.0
20.402083333333334,69.80208333333333,-66.0
20.402083333333334,69.90208333333334,-73.0
20.402083333333334,70.00208333333333,-61.0
20.402083333333334,70.10208333333333,-72.0
20.402083333333334,70.20208333333333,-71.0
20.402083333333334,70.30208333333333,-81.0
20.402083333333334,70.40208333333334,-78.0
20.402083333333334,70.50208333333333,-69.0
20.402083333333334,70.60208333333333,-61.0
20.402083333333334,70.70208333333333,-58.0
20.402083333333334,70.80208333333333,-50.0
20.402083333333334,70.90208333333334,-47.0
20.402083333333334,71.00208333333333,-41.0
20.402083333333334,71.10208333333333,-35.0
20.402083333333334,71.20208333333333,-29.0
20.402083333333334,71.30208333333333,-27.0
20.402083333333334,71.40208333333334,-26.0
20.402083333333334,71.50208333333333,-25.0
20.402083333333334,71.60208333333333,-28.0
20.402083333333334,71.70208333333333,-26.0
20.402083333333334,71.80208333333333,-27.0
20.402083333333334,71.90208333333334,-22.0
20.402083333333334,72.00208333333333,-25.0
20.402083333333334,72.10208333333333,-21.0
20.402083333333334,72.20208333333333,-20.0
20.402083333333334,72.30208333333333,-30.0
20.402083333333334,72.40208333333334,-31.0
20.402083333333334,72.50208333333333,-32.0
20.402083333333334,72.60208333333333,-26.0
20.402083333333334,72.70208333333333,-14.0
20.402083333333334,72.80208333333333,-2.0
20.402083333333334,72.90208333333334,26.729866
20.402083333333334,73.00208333333333,29.481823
20.402083333333334,73.10208333333333,67.708534
20.402083333333334,73.20208333333333,203.81107
20.50208333333333,63.40208333333333,-3357.0
20.50208333333333,63.50208333333333,-3326.0
20.50208333333333,63.60208333333333,-3343.0
20.50208333333333,63.702083333333334,-3340.0
20.50208333333333,63.802083333333336,-3296.0
20.50208333333333,63.90208333333333,-3298.0
20.50208333333333,64.00208333333333,-3278.0
20.50208333333333,64.10208333333333,-3258.0
20.50208333333333,64.20208333333333,-3255.0
20.50208333333333,64.30208333333333,-3236.0
20.50208333333333,64.40208333333334,-3218.0
20.50208333333333,64.50208333333333,-3215.0
20.50208333333333,64.60208333333333,-3259.0
20.50208333333333,64.70208333333333,-2996.0
20.50208333333333,64.80208333333333,-2916.0
20.50208333333333,64.90208333333334,-3000.0
20.50208333333333,65.00208333333333,-3116.0
20.50208333333333,65.10208333333333,-3021.0
20.50208333333333,65.20208333333333,-3067.0
20.50208333333333,65.30208333333333,-3092.0
20.50208333333333,65.40208333333334,-3221.0
20.50208333333333,65.50208333333333,-3217.0
20.50208333333333,65.60208333333333,-3035.0
20.50208333333333,65.70208333333333,-3058.0
20.50208333333333,65.80208333333333,-2977.0
20.50208333333333,65.90208333333334,-2974.0
20.50208333333333,66.00208333333333,-2840.0
20.50208333333333,66.10208333333333,-2680.0
20.50208333333333,66.20208333333333,-2587.0
20.50208333333333,66.30208333333333,-2637.0
20.50208333333333,66.40208333333334,-2566.0
20.50208333333333,66.50208333333333,-2423.0
20.50208333333333,66.60208333333333,-2551.0
20.50208333333333,66.70208333333333,-2520.0
20.50208333333333,66.80208333333333,-2465.0
20.50208333333333,66.90208333333334,-2476.0
20.50208333333333,67.00208333333333,-2944.0
20.50208333333333,67.10208333333333,-2952.0
20.50208333333333,67.20208333333333,-3061.0
20.50208333333333,67.30208333333333,-3069.0
20.50208333333333,67.40208333333334,-3155.0
20.50208333333333,67.50208333333333,-3073.0
20.50208333333333,67.60208333333333,-3100.0
20.50208333333333,67.70208333333333,-3036.0
20.50208333333333,67.80208333333333,-2933.0
20.50208333333333,67.90208333333334,-3008.0
20.50208333333333,68.00208333333333,-2950.0
20.50208333333333,68.10208333333333,-2939.0
20.50208333333333,68.20208333333333,-2915.0
20.50208333333333,68.30208333333333,-2862.0
20.50208333333333,68.40208333333334,-2731.0
20.50208333333333,68.50208333333333,-2932.0
20.50208333333333,68.60208333333333,-2991.0
20.50208333333333,68.70208333333333,-2985.0
20.50208333333333,68.80208333333333,-2729.0
20.50208333333333,68.90208333333334,-2210.0
20.50208333333333,69.00208333333333,-1807.0
20.50208333333333,69.10208333333333,-1158.0
20.50208333333333,69.20208333333333,-910.0
20.50208333333333,69.30208333333333,-354.0
20.50208333333333,69.40208333333334,-123.0
20.50208333333333,69.50208333333333,-87.0
20.50208333333333,69.60208333333333,-84.0
20.50208333333333,69.70208333333333,-100.0
20.50208333333333,69.80208333333333,-70.0
20.50208333333333,69.90208333333334,-63.0
20.50208333333333,70.00208333333333,-63.0
20.50208333333333,70.10208333333333,-70.0
20.50208333333333,70.20208333333333,-69.0
20.50208333333333,70.30208333333333,-64.0
20.50208333333333,70.40208333333334,-58.0
20.50208333333333,70.50208333333333,-50.0
20.50208333333333,70.60208333333333,-45.0
20.50208333333333,70.70208333333333,-42.0
20.50208333333333,70.80208333333333,-38.0
20.50208333333333,70.90208333333334,-36.0
20.50208333333333,71.00208333333333,-34.0
20.50208333333333,71.10208333333333,-30.0
20.50208333333333,71.20208333333333,-27.0
20.50208333333333,71.30208333333333,-24.0
20.50208333333333,71.40208333333334,-23.0
20.50208333333333,71.50208333333333,-22.0
20.50208333333333,71.60208333333333,-22.0
20.50208333333333,71.70208333333333,-22.0
20.50208333333333,71.80208333333333,-20.0
20.50208333333333,71.90208333333334,-23.0
20.50208333333333,72.00208333333333,-22.0
20.50208333333333,72.10208333333333,-21.0
20.50208333333333,72.20208333333333,-16.0
20.50208333333333,72.30208333333333,-27.0
20.50208333333333,72.40208333333334,-31.0
20.50208333333333,72.50208333333333,-30.0
20.50208333333333,72.60208333333333,-23.0
20.50208333333333,72.70208333333333,-13.0
20.50208333333333,72.80208333333333,-7.0
20.50208333333333,72.90208333333334,4.4533334
20.50208333333333,73.00208333333333,32.717865
20.50208333333333,73.10208333333333,49.230976
20.50208333333333,73.20208333333333,89.958176
20.602083333333333,63.40208333333333,-3365.0
20.602083333333333,63.50208333333333,-3372.0
20.602083333333333,63.60208333333333,-3368.0
20.602083333333333,63.702083333333334,-3358.0
20.602083333333333,63.802083333333336,-3356.0
20.602083333333333,63.90208333333333,-3346.0
20.602083333333333,64.00208333333333,-3300.0
20.602083333333333,64.10208333333333,-3315.0
20.602083333333333,64.20208333333333,-3264.0
20.602083333333333,64.30208333333333,-3266.0
20.602083333333333,64.40208333333334,-3222.0
20.602083333333333,64.50208333333333,-3246.0
20.602083333333333,64.60208333333333,-3298.0
20.602083333333333,64.70208333333333,-3218.0
20.602083333333333,64.80208333333333,-2972.0
20.602083333333333,64.90208333333334,-2890.0
20.602083333333333,65.00208333333333,-2952.0
20.602083333333333,65.10208333333333,-2770.0
20.602083333333333,65.20208333333333,-2982.0
20.602083333333333,65.30208333333333,-2957.0
20.602083333333333,65.40208333333334,-2958.0
20.602083333333333,65.50208333333333,-2929.0
20.602083333333333,65.60208333333333,-3005.0
20.602083333333333,65.70208333333333,-2907.0
20.602083333333333,65.80208333333333,-2939.0
20.602083333333333,65.90208333333334,-2933.0
20.602083333333333,66.00208333333333,-2743.0
20.602083333333333,66.10208333333333,-2589.0
20.602083333333333,66.20208333333333,-2563.0
20.602083333333333,66.30208333333333,-2517.0
20.602083333333333,66.40208333333334,-2427.0
20.602083333333333,66.50208333333333,-2470.0
20.602083333333333,66.60208333333333,-2544.0
20.602083333333333,66.70208333333333,-2546.0
20.602083333333333,66.80208333333333,-2416.0
20.602083333333333,66.90208333333334,-2555.0
20.602083333333333,67.00208333333333,-2786.0
20.602083333333333,67.10208333333333,-2918.0
20.602083333333333,67.20208333333333,-2944.0
20.602083333333333,67.30208333333333,-2928.0
20.602083333333333,67.40208333333334,-2967.0
20.602083333333333,67.50208333333333,-3005.0
20.602083333333333,67.60208333333333,-3008.0
20.602083333333333,67.70208333333333,-2908.0
20.602083333333333,67.80208333333333,-2951.0
20.602083333333333,67.90208333333334,-2937.0
20.602083333333333,68.00208333333333,-2921.0
20.602083333333333,68.10208333333333,-2920.0
20.602083333333333,68.20208333333333,-2894.0
20.602083333333333,68.30208333333333,-2854.0
20.602083333333333,68.40208333333334,-2783.0
20.602083333333333,68.50208333333333,-2962.0
20.602083333333333,68.60208333333333,-2902.0
20.602083333333333,68.70208333333333,-2675.0
20.602083333333333,68.80208333333333,-2280.0
20.602083333333333,68.90208333333334,-1977.0
20.602083333333333,69.00208333333333,-1567.0
20.602083333333333,69.10208333333333,-1183.0
20.602083333333333,69.20208333333333,-794.0
20.602083333333333,69.30208333333333,-185.0
20.602083333333333,69.40208333333334,-99.0
20.602083333333333,69.50208333333333,-72.0
20.602083333333333,69.60208333333333,-79.0
20.602083333333333,69.70208333333333,-85.0
20.602083333333333,69.80208333333333,-91.0
20.602083333333333,69.90208333333334,-65.0
20.602083333333333,70.00208333333333,-70.0
20.602083333333333,70.10208333333333,-64.0
20.602083333333333,70.20208333333333,-63.0
20.602083333333333,70.30208333333333,-52.0
20.602083333333333,70.40208333333334,-46.0
20.602083333333333,70.50208333333333,-40.0
20.602083333333333,70.60208333333333,-35.0
20.602083333333333,70.70208333333333,-30.0
20.602083333333333,70.80208333333333,-29.0
20.602083333333333,70.90208333333334,-28.0
20.602083333333333,71.00208333333333,-29.0
20.602083333333333,71.10208333333333,-27.0
20.602083333333333,71.20208333333333,-25.0
20.602083333333333,71.30208333333333,-22.0
20.602083333333333,71.40208333333334,-21.0
20.602083333333333,71.50208333333333,-20.0
20.602083333333333,71.60208333333333,-19.0
20.602083333333333,71.70208333333333,-19.0
20.602083333333333,71.80208333333333,-21.0
20.602083333333333,71.90208333333334,-19.0
20.602083333333333,72.00208333333333,-20.0
20.602083333333333,72.10208333333333,-21.0
20.602083333333333,72.20208333333333,-19.0
20.602083333333333,72.30208333333333,-23.0
20.602083333333333,72.40208333333334,-30.0
20.602083333333333,72.50208333333333,-25.0
20.602083333333333,72.60208333333333,-21.0
20.602083333333333,72.70208333333333,-13.0
20.602083333333333,72.80208333333333,-5.0
20.602083333333333,72.90208333333334,4.167333
20.602083333333333,73.00208333333333,17.250444
20.602083333333333,73.10208333333333,38.86458
20.602083333333333,73.20208333333333,89.81831
20.702083333333334,63.40208333333333,-3391.0
20.702083333333334,63.50208333333333,-3401.0
20.702083333333334,63.60208333333333,-3350.0
20.702083333333334,63.702083333333334,-3353.0
20.702083333333334,63.802083333333336,-3388.0
20.702083333333334,63.90208333333333,-3383.0
20.702083333333334,64.00208333333333,-3368.0
20.702083333333334,64.10208333333333,-3308.0
20.702083333333334,64.20208333333333,-3260.0
20.702083333333334,64.30208333333333,-3262.0
20.702083333333334,64.40208333333334,-3245.0
20.702083333333334,64.50208333333333,-3294.0
20.702083333333334,64.60208333333333,-3297.0
20.702083333333334,64.70208333333333,-3270.0
20.702083333333334,64.80208333333333,-3131.0
20.702083333333334,64.90208333333334,-3014.0
20.702083333333334,65.00208333333333,-2796.0
20.702083333333334,65.10208333333333,-2829.0
20.702083333333334,65.20208333333333,-2765.0
20.702083333333334,65.30208333333333,-2907.0
20.702083333333334,65.40208333333334,-2944.0
20.702083333333334,65.50208333333333,-2873.0
20.702083333333334,65.60208333333333,-2816.0
20.702083333333334,65.70208333333333,-2789.0
20.702083333333334,65.80208333333333,-2825.0
20.702083333333334,65.90208333333334,-2796.0
20.702083333333334,66.00208333333333,-2576.0
20.702083333333334,66.10208333333333,-2440.0
20.702083333333334,66.20208333333333,-2469.0
20.702083333333334,66.30208333333333,-2383.0
20.702083333333334,66.40208333333334,-2358.0
20.702083333333334,66.50208333333333,-2345.0
20.702083333333334,66.60208333333333,-2415.0
20.702083333333334,66.70208333333333,-2452.0
20.702083333333334,66.80208333333333,-2404.0
20.702083333333334,66.90208333333334,-2569.0
20.702083333333334,67.00208333333333,-2841.0
20.702083333333334,67.10208333333333,-2831.0
20.702083333333334,67.20208333333333,-2828.0
20.702083333333334,67.30208333333333,-2880.0
20.702083333333334,67.40208333333334,-2931.0
20.702083333333334,67.50208333333333,-2972.0
20.702083333333334,67.60208333333333,-2933.0
20.702083333333334,67.70208333333333,-2940.0
20.702083333333334,67.80208333333333,-2900.0
20.702083333333334,67.90208333333334,-2901.0
20.702083333333334,68.00208333333333,-2883.0
20.702083333333334,68.10208333333333,-2853.0
20.702083333333334,68.20208333333333,-2835.0
20.702083333333334,68.30208333333333,-2781.0
20.702083333333334,68.40208333333334,-2823.0
20.702083333333334,68.50208333333333,-2575.0
20.702083333333334,68.60208333333333,-2705.0
20.702083333333334,68.70208333333333,-2648.0
20.702083333333334,68.80208333333333,-1881.0
20.702083333333334,68.90208333333334,-1678.0
20.702083333333334,69.00208333333333,-1243.0
20.702083333333334,69.10208333333333,-796.0
20.702083333333334,69.20208333333333,-461.0
20.702083333333334,69.30208333333333,-132.0
20.702083333333334,69.40208333333334,-91.0
20.702083333333334,69.50208333333333,-77.0
20.702083333333334,69.60208333333333,-113.0
20.702083333333334,69.70208333333333,-94.0
20.702083333333334,69.80208333333333,-113.0
20.702083333333334,69.90208333333334,-70.0
20.702083333333334,70.00208333333333,-64.0
20.702083333333334,70.10208333333333,-62.0
20.702083333333334,70.20208333333333,-50.0
20.702083333333334,70.30208333333333,-43.0
20.702083333333334,70.40208333333334,-36.0
20.702083333333334,70.50208333333333,-31.0
20.702083333333334,70.60208333333333,-25.0
20.702083333333334,70.70208333333333,-20.0
20.702083333333334,70.80208333333333,9.0
20.702083333333334,70.90208333333334,14.7832
20.702083333333334,71.00208333333333,-21.0
20.702083333333334,71.10208333333333,-22.0
20.702083333333334,71.20208333333333,-22.0
20.702083333333334,71.30208333333333,-20.0
20.702083333333334,71.40208333333334,-19.0
20.702083333333334,71.50208333333333,-17.0
20.702083333333334,71.60208333333333,-16.0
20.702083333333334,71.70208333333333,-16.0
20.702083333333334,71.80208333333333,-16.0
20.702083333333334,71.90208333333334,-10.0
20.702083333333334,72.00208333333333,-10.0
20.702083333333334,72.10208333333333,-8.0
20.702083333333334,72.20208333333333,-19.0
20.702083333333334,72.30208333333333,-19.0
20.702083333333334,72.40208333333334,-23.0
20.702083333333334,72.50208333333333,-29.0
20.702083333333334,72.60208333333333,-19.0
20.702083333333334,72.70208333333333,-11.0
20.702083333333334,72.80208333333333,-3.0
20.702083333333334,72.90208333333334,3.882
20.702083333333334,73.00208333333333,17.252579
20.702083333333334,73.10208333333333,24.781422
20.702083333333334,73.20208333333333,54.538887
20.802083333333332,63.40208333333333,-3417.0
20.802083333333332,63.50208333333333,-3402.0
20.802083333333332,63.60208333333333,-3353.0
20.802083333333332,63.702083333333334,-3354.0
20.802083333333332,63.802083333333336,-3370.0
20.802083333333332,63.90208333333333,-3390.0
20.802083333333332,64.00208333333333,-3388.0
20.802083333333332,64.10208333333333,-3337.0
20.802083333333332,64.20208333333333,-3330.0
20.802083333333332,64.30208333333333,-3271.0
20.802083333333332,64.40208333333334,-3230.0
20.802083333333332,64.50208333333333,-3272.0
20.802083333333332,64.60208333333333,-3301.0
20.802083333333332,64.70208333333333,-3254.0
20.802083333333332,64.80208333333333,-3182.0
20.802083333333332,64.90208333333334,-3122.0
20.802083333333332,65.00208333333333,-3051.0
20.802083333333332,65.10208333333333,-2906.0
20.802083333333332,65.20208333333333,-2780.0
20.802083333333332,65.30208333333333,-2775.0
20.802083333333332,65.40208333333334,-2771.0
20.802083333333332,65.50208333333333,-2712.0
20.802083333333332,65.60208333333333,-2703.0
20.802083333333332,65.70208333333333,-2562.0
20.802083333333332,65.80208333333333,-2581.0
20.802083333333332,65.90208333333334,-2697.0
20.802083333333332,66.00208333333333,-2563.0
20.802083333333332,66.10208333333333,-2406.0
20.802083333333332,66.20208333333333,-2458.0
20.802083333333332,66.30208333333333,-2402.0
20.802083333333332,66.40208333333334,-2324.0
20.802083333333332,66.50208333333333,-2281.0
20.802083333333332,66.60208333333333,-2379.0
20.802083333333332,66.70208333333333,-2281.0
20.802083333333332,66.80208333333333,-2305.0
20.802083333333332,66.90208333333334,-2464.0
20.802083333333332,67.00208333333333,-2649.0
20.802083333333332,67.10208333333333,-2669.0
20.802083333333332,67.20208333333333,-2539.0
20.802083333333332,67.30208333333333,-2824.0
20.802083333333332,67.40208333333334,-2888.0
20.802083333333332,67.50208333333333,-2874.0
20.802083333333332,67.60208333333333,-2846.0
20.802083333333332,67.70208333333333,-2890.0
20.802083333333332,67.80208333333333,-2877.0
20.802083333333332,67.90208333333334,-2880.0
20.802083333333332,68.00208333333333,-2847.0
20.802083333333332,68.10208333333333,-2841.0
20.802083333333332,68.20208333333333,-2806.0
20.802083333333332,68.30208333333333,-2740.0
20.802083333333332,68.40208333333334,-2626.0
20.802083333333332,68.50208333333333,-2515.0
20.802083333333332,68.60208333333333,-2378.0
20.802083333333332,68.70208333333333,-2101.0
20.802083333333332,68.80208333333333,-2154.0
20.802083333333332,68.90208333333334,-1828.0
20.802083333333332,69.00208333333333,-1318.0
20.802083333333332,69.10208333333333,-662.0
20.802083333333332,69.20208333333333,-302.0
20.802083333333332,69.30208333333333,-100.0
20.802083333333332,69.40208333333334,-83.0
20.802083333333332,69.50208333333333,-98.0
20.802083333333332,69.60208333333333,-78.0
20.802083333333332,69.70208333333333,-75.0
20.802083333333332,69.80208333333333,-80.0
20.802083333333332,69.90208333333334,-59.0
20.802083333333332,70.00208333333333,-53.0
20.802083333333332,70.10208333333333,-45.0
20.802083333333332,70.20208333333333,-38.0
20.802083333333332,70.30208333333333,-33.0
20.802083333333332,70.40208333333334,-27.0
20.802083333333332,70.50208333333333,-20.0
20.802083333333332,70.60208333333333,4.433422
20.802083333333332,70.70208333333333,10.923467
20.802083333333332,70.80208333333333,11.981556
20.802083333333332,70.90208333333334,12.157778
20.802083333333332,71.00208333333333,17.636667
20.802083333333332,71.10208333333333,11.185555
20.802083333333332,71.20208333333333,3.2478223
20.802083333333332,71.30208333333333,-17.0
20.802083333333332,71.40208333333334,-15.0
20.802083333333332,71.50208333333333,-15.0
20.802083333333332,71.60208333333333,-13.0
20.802083333333332,71.70208333333333,-14.0
20.802083333333332,71.80208333333333,-14.0
20.802083333333332,71.90208333333334,-11.0
20.802083333333332,72.00208333333333,-19.0
20.802083333333332,72.10208333333333,-21.0
20.802083333333332,72.20208333333333,-6.0
20.802083333333332,72.30208333333333,-24.0
20.802083333333332,72.40208333333334,-9.0
20.802083333333332,72.50208333333333,-29.0
20.802083333333332,72.60208333333333,-18.0
20.802083333333332,72.70208333333333,-9.0
20.802083333333332,72.80208333333333,-2.0
20.802083333333332,72.90208333333334,11.656445
20.802083333333332,73.00208333333333,9.685111
20.802083333333332,73.10208333333333,40.247955
20.802083333333332,73.20208333333333,51.10938
20.902083333333334,63.40208333333333,-3415.0
20.902083333333334,63.50208333333333,-3407.0
20.902083333333334,63.60208333333333,-3332.0
20.902083333333334,63.702083333333334,-3336.0
20.902083333333334,63.802083333333336,-3397.0
20.902083333333334,63.90208333333333,-3393.0
20.902083333333334,64.00208333333333,-3422.0
20.902083333333334,64.10208333333333,-3392.0
20.902083333333334,64.20208333333333,-3330.0
20.902083333333334,64.30208333333333,-3309.0
20.902083333333334,64.40208333333334,-3268.0
20.902083333333334,64.50208333333333,-3287.0
20.902083333333334,64.60208333333333,-3264.0
20.902083333333334,64.70208333333333,-3268.0
20.902083333333334,64.80208333333333,-3220.0
20.902083333333334,64.90208333333334,-3190.0
20.902083333333334,65.00208333333333,-3113.0
20.902083333333334,65.10208333333333,-3034.0
20.902083333333334,65.20208333333333,-2906.0
20.902083333333334,65.30208333333333,-2696.0
20.902083333333334,65.40208333333334,-2629.0
20.902083333333334,65.50208333333333,-2604.0
20.902083333333334,65.60208333333333,-2588.0
20.902083333333334,65.70208333333333,-2560.0
20.902083333333334,65.80208333333333,-2491.0
20.902083333333334,65.90208333333334,-2515.0
20.902083333333334,66.00208333333333,-2563.0
20.902083333333334,66.10208333333333,-2415.0
20.902083333333334,66.20208333333333,-2264.0
20.902083333333334,66.30208333333333,-2370.0
20.902083333333334,66.40208333333334,-2347.0
20.902083333333334,66.50208333333333,-2305.0
20.902083333333334,66.60208333333333,-2221.0
20.902083333333334,66.70208333333333,-2228.0
20.902083333333334,66.80208333333333,-2175.0
20.902083333333334,66.90208333333334,-2374.0
20.902083333333334,67.00208333333333,-2474.0
20.902083333333334,67.10208333333333,-2667.0
20.902083333333334,67.20208333333333,-2518.0
20.902083333333334,67.30208333333333,-2620.0
20.902083333333334,67.40208333333334,-2722.0
20.902083333333334,67.50208333333333,-2825.0
20.902083333333334,67.60208333333333,-2872.0
20.902083333333334,67.70208333333333,-2877.0
20.902083333333334,67.80208333333333,-2866.0
20.902083333333334,67.90208333333334,-2881.0
20.902083333333334,68.00208333333333,-2864.0
20.902083333333334,68.10208333333333,-2775.0
20.902083333333334,68.20208333333333,-2697.0
20.902083333333334,68.30208333333333,-2597.0
20.902083333333334,68.40208333333334,-2478.0
20.902083333333334,68.50208333333333,-2170.0
20.902083333333334,68.60208333333333,-2224.0
20.902083333333334,68.70208333333333,-2000.0
20.902083333333334,68.80208333333333,-1586.0
20.902083333333334,68.90208333333334,-1831.0
20.902083333333334,69.00208333333333,-1144.0
20.902083333333334,69.10208333333333,-1386.0
20.902083333333334,69.20208333333333,-545.0
20.902083333333334,69.30208333333333,-84.0
20.902083333333334,69.40208333333334,-82.0
20.902083333333334,69.50208333333333,-76.0
20.902083333333334,69.60208333333333,-70.0
20.902083333333334,69.70208333333333,-64.0
20.902083333333334,69.80208333333333,-57.0
20.902083333333334,69.90208333333334,-49.0
20.902083333333334,70.00208333333333,-43.0
20.902083333333334,70.10208333333333,-36.0
20.902083333333334,70.20208333333333,-29.0
20.902083333333334,70.30208333333333,-22.0
20.902083333333334,70.40208333333334,5.499111
20.902083333333334,70.50208333333333,20.218977
20.902083333333334,70.60208333333333,48.415157
20.902083333333334,70.70208333333333,42.960754
20.902083333333334,70.80208333333333,55.539467
20.902083333333334,70.90208333333334,64.71502
20.902083333333334,71.00208333333333,56.132313
20.902083333333334,71.10208333333333,45.30409
20.902083333333334,71.20208333333333,32.745243
20.902083333333334,71.30208333333333,14.404978
20.902083333333334,71.40208333333334,21.424534
20.902083333333334,71.50208333333333,-7.0
20.902083333333334,71.60208333333333,-12.0
20.902083333333334,71.70208333333333,-13.0
20.902083333333334,71.80208333333333,-13.0
20.902083333333334,71.90208333333334,-12.0
20.902083333333334,72.00208333333333,-20.0
20.902083333333334,72.10208333333333,-20.0
20.902083333333334,72.20208333333333,-7.0
20.902083333333334,72.30208333333333,-23.0
20.902083333333334,72.40208333333334,-10.0
20.902083333333334,72.50208333333333,-6.0
20.902083333333334,72.60208333333333,-18.0
20.902083333333334,72.70208333333333,-8.0
20.902083333333334,72.80208333333333,3.9283555
20.902083333333334,72.90208333333334,12.1436
20.902083333333334,73.00208333333333,20.237467
20.902083333333334,73.10208333333333,36.79
20.902083333333334,73.20208333333333,46.635376
21.00208333333333,63.40208333333333,-3370.0
21.00208333333333,63.50208333333333,-3380.0
21.00208333333333,63.60208333333333,-3365.0
21.00208333333333,63.702083333333334,-3394.0
21.00208333333333,63.802083333333336,-3409.0
21.00208333333333,63.90208333333333,-3399.0
21.00208333333333,64.00208333333333,-3415.0
21.00208333333333,64.10208333333333,-3386.0
21.00208333333333,64.20208333333333,-3383.0
21.00208333333333,64.30208333333333,-3298.0
21.00208333333333,64.40208333333334,-3276.0
21.00208333333333,64.50208333333333,-3266.0
21.00208333333333,64.60208333333333,-3283.0
21.00208333333333,64.70208333333333,-3199.0
21.00208333333333,64.80208333333333,-3168.0
21.00208333333333,64.90208333333334,-3153.0
21.00208333333333,65.00208333333333,-3040.0
21.00208333333333,65.10208333333333,-3023.0
21.00208333333333,65.20208333333333,-2938.0
21.00208333333333,65.30208333333333,-2937.0
21.00208333333333,65.40208333333334,-2852.0
21.00208333333333,65.50208333333333,-2854.0
21.00208333333333,65.60208333333333,-2684.0
21.00208333333333,65.70208333333333,-2685.0
21.00208333333333,65.80208333333333,-2625.0
21.00208333333333,65.90208333333334,-2445.0
21.00208333333333,66.00208333333333,-2476.0
21.00208333333333,66.10208333333333,-2519.0
21.00208333333333,66.20208333333333,-2470.0
21.00208333333333,66.30208333333333,-2366.0
21.00208333333333,66.40208333333334,-2217.0
21.00208333333333,66.50208333333333,-2164.0
21.00208333333333,66.60208333333333,-2169.0
21.00208333333333,66.70208333333333,-2226.0
21.00208333333333,66.80208333333333,-2167.0
21.00208333333333,66.90208333333334,-2130.0
21.00208333333333,67.00208333333333,-2550.0
21.00208333333333,67.10208333333333,-2508.0
21.00208333333333,67.20208333333333,-2616.0
21.00208333333333,67.30208333333333,-2552.0
21.00208333333333,67.40208333333334,-2480.0
21.00208333333333,67.50208333333333,-2351.0
21.00208333333333,67.60208333333333,-2383.0
21.00208333333333,67.70208333333333,-2701.0
21.00208333333333,67.80208333333333,-2753.0
21.00208333333333,67.90208333333334,-2653.0
21.00208333333333,68.00208333333333,-2720.0
21.00208333333333,68.10208333333333,-2710.0
21.00208333333333,68.20208333333333,-2462.0
21.00208333333333,68.30208333333333,-2434.0
21.00208333333333,68.40208333333334,-2130.0
21.00208333333333,68.50208333333333,-2138.0
21.00208333333333,68.60208333333333,-2007.0
21.00208333333333,68.70208333333333,-2097.0
21.00208333333333,68.80208333333333,-1421.0
21.00208333333333,68.90208333333334,-1054.0
21.00208333333333,69.00208333333333,-872.0
21.00208333333333,69.10208333333333,-343.0
21.00208333333333,69.20208333333333,-110.0
21.00208333333333,69.30208333333333,-77.0
21.00208333333333,69.40208333333334,-72.0
21.00208333333333,69.50208333333333,-78.0
21.00208333333333,69.60208333333333,-63.0
21.00208333333333,69.70208333333333,-51.0
21.00208333333333,69.80208333333333,-50.0
21.00208333333333,69.90208333333334,-40.0
21.00208333333333,70.00208333333333,-34.0
21.00208333333333,70.10208333333333,-27.0
21.00208333333333,70.20208333333333,-16.0
21.00208333333333,70.30208333333333,12.901289
21.00208333333333,70.40208333333334,42.514046
21.00208333333333,70.50208333333333,58.044754
21.00208333333333,70.60208333333333,112.27155
21.00208333333333,70.70208333333333,134.21556
21.00208333333333,70.80208333333333,130.79182
21.00208333333333,70.90208333333334,151.84845
21.00208333333333,71.00208333333333,167.0333
21.00208333333333,71.10208333333333,134.6676
21.00208333333333,71.20208333333333,109.507645
21.00208333333333,71.30208333333333,56.35898
21.00208333333333,71.40208333333334,36.375023
21.00208333333333,71.50208333333333,2.7258666
21.00208333333333,71.60208333333333,1.4689248
21.00208333333333,71.70208333333333,4.54192
21.00208333333333,71.80208333333333,-14.0
21.00208333333333,71.90208333333334,-10.0
21.00208333333333,72.00208333333333,-12.0
21.00208333333333,72.10208333333333,-7.0
21.00208333333333,72.20208333333333,-20.0
21.00208333333333,72.30208333333333,-5.0
21.00208333333333,72.40208333333334,-30.0
21.00208333333333,72.50208333333333,-20.0
21.00208333333333,72.60208333333333,-20.0
21.00208333333333,72.70208333333333,-2.0
21.00208333333333,72.80208333333333,3.555911
21.00208333333333,72.90208333333334,7.8076
21.00208333333333,73.00208333333333,14.7296
21.00208333333333,73.10208333333333,21.307734
21.00208333333333,73.20208333333333,45.19813
21.102083333333333,63.40208333333333,-3390.0
21.102083333333333,63.50208333333333,-3334.0
21.102083333333333,63.60208333333333,-3385.0
21.102083333333333,63.702083333333334,-3306.0
21.102083333333333,63.802083333333336,-3360.0
21.102083333333333,63.90208333333333,-3346.0
21.102083333333333,64.00208333333333,-3358.0
21.102083333333333,64.10208333333333,-3370.0
21.102083333333333,64.20208333333333,-3416.0
21.102083333333333,64.30208333333333,-3319.0
21.102083333333333,64.40208333333334,-3254.0
21.102083333333333,64.50208333333333,-3200.0
21.102083333333333,64.60208333333333,-3252.0
21.102083333333333,64.70208333333333,-3237.0
21.102083333333333,64.80208333333333,-3215.0
21.102083333333333,64.90208333333334,-3197.0
21.102083333333333,65.00208333333333,-3006.0
21.102083333333333,65.10208333333333,-3109.0
21.102083333333333,65.20208333333333,-3041.0
21.102083333333333,65.30208333333333,-2921.0
21.102083333333333,65.40208333333334,-2845.0
21.102083333333333,65.50208333333333,-2908.0
21.102083333333333,65.60208333333333,-2875.0
21.102083333333333,65.70208333333333,-2802.0
21.102083333333333,65.80208333333333,-2736.0
21.102083333333333,65.90208333333334,-2501.0
21.102083333333333,66.00208333333333,-2390.0
21.102083333333333,66.10208333333333,-2409.0
21.102083333333333,66.20208333333333,-2515.0
21.102083333333333,66.30208333333333,-2487.0
21.102083333333333,66.40208333333334,-2265.0
21.102083333333333,66.50208333333333,-2206.0
21.102083333333333,66.60208333333333,-2158.0
21.102083333333333,66.70208333333333,-2251.0
21.102083333333333,66.80208333333333,-2086.0
21.102083333333333,66.90208333333334,-2218.0
21.102083333333333,67.00208333333333,-2285.0
21.102083333333333,67.10208333333333,-2325.0
21.102083333333333,67.20208333333333,-2428.0
21.102083333333333,67.30208333333333,-2455.0
21.102083333333333,67.40208333333334,-2492.0
21.102083333333333,67.50208333333333,-2470.0
21.102083333333333,67.60208333333333,-2321.0
21.102083333333333,67.70208333333333,-1619.0
21.102083333333333,67.80208333333333,-1726.0
21.102083333333333,67.90208333333334,-1621.0
21.102083333333333,68.00208333333333,-1393.0
21.102083333333333,68.10208333333333,-1659.0
21.102083333333333,68.20208333333333,-1994.0
21.102083333333333,68.30208333333333,-2108.0
21.102083333333333,68.40208333333334,-1889.0
21.102083333333333,68.50208333333333,-1719.0
21.102083333333333,68.60208333333333,-1488.0
21.102083333333333,68.70208333333333,-1373.0
21.102083333333333,68.80208333333333,-1004.0
21.102083333333333,68.90208333333334,-321.0
21.102083333333333,69.00208333333333,-115.0
21.102083333333333,69.10208333333333,-97.0
21.102083333333333,69.20208333333333,-84.0
21.102083333333333,69.30208333333333,-78.0
21.102083333333333,69.40208333333334,-77.0
21.102083333333333,69.50208333333333,-64.0
21.102083333333333,69.60208333333333,-56.0
21.102083333333333,69.70208333333333,-47.0
21.102083333333333,69.80208333333333,-39.0
21.102083333333333,69.90208333333334,-31.0
21.102083333333333,70.00208333333333,-25.0
21.102083333333333,70.10208333333333,-7.0
21.102083333333333,70.20208333333333,29.415422
21.102083333333333,70.30208333333333,29.604979
21.102083333333333,70.40208333333334,99.754
21.102083333333333,70.50208333333333,112.89804
21.102083333333333,70.60208333333333,175.7244
21.102083333333333,70.70208333333333,249.48996
21.102083333333333,70.80208333333333,210.68343
21.102083333333333,70.90208333333334,240.21391
21.102083333333333,71.00208333333333,256.4174
21.102083333333333,71.10208333333333,230.28137
21.102083333333333,71.20208333333333,269.44943
21.102083333333333,71.30208333333333,140.16916
21.102083333333333,71.40208333333334,84.385864
21.102083333333333,71.50208333333333,53.641823
21.102083333333333,71.60208333333333,45.535023
21.102083333333333,71.70208333333333,32.138046
21.102083333333333,71.80208333333333,9.417867
21.102083333333333,71.90208333333334,-5.0
21.102083333333333,72.00208333333333,-12.0
21.102083333333333,72.10208333333333,-19.0
21.102083333333333,72.20208333333333,-17.0
21.102083333333333,72.30208333333333,-7.0
21.102083333333333,72.40208333333334,-21.0
21.102083333333333,72.50208333333333,-19.0
21.102083333333333,72.60208333333333,-9.0
21.102083333333333,72.70208333333333,7.7567716
21.102083333333333,72.80208333333333,5.389467
21.102083333333333,72.90208333333334,13.206756
21.102083333333333,73.00208333333333,20.7548
21.102083333333333,73.10208333333333,21.3524
21.102083333333333,73.20208333333333,37.34671
21.202083333333334,63.40208333333333,-3407.0
21.202083333333334,63.50208333333333,-3336.0
21.202083333333334,63.60208333333333,-3281.0
21.202083333333334,63.702083333333334,-3281.0
21.202083333333334,63.802083333333336,-3201.0
21.202083333333334,63.90208333333333,-3261.0
21.202083333333334,64.00208333333333,-3304.0
21.202083333333334,64.10208333333333,-3348.0
21.202083333333334,64.20208333333333,-3354.0
21.202083333333334,64.30208333333333,-3339.0
21.202083333333334,64.40208333333334,-3276.0
21.202083333333334,64.50208333333333,-3204.0
21.202083333333334,64.60208333333333,-3175.0
21.202083333333334,64.70208333333333,-3139.0
21.202083333333334,64.80208333333333,-3125.0
21.202083333333334,64.90208333333334,-3041.0
21.202083333333334,65.00208333333333,-3090.0
21.202083333333334,65.10208333333333,-3150.0
21.202083333333334,65.20208333333333,-3114.0
21.202083333333334,65.30208333333333,-2950.0
21.202083333333334,65.40208333333334,-2822.0
21.202083333333334,65.50208333333333,-2853.0
21.202083333333334,65.60208333333333,-2895.0
21.202083333333334,65.70208333333333,-2847.0
21.202083333333334,65.80208333333333,-2834.0
21.202083333333334,65.90208333333334,-2642.0
21.202083333333334,66.00208333333333,-2421.0
21.202083333333334,66.10208333333333,-2411.0
21.202083333333334,66.20208333333333,-2326.0
21.202083333333334,66.30208333333333,-2384.0
21.202083333333334,66.40208333333334,-2339.0
21.202083333333334,66.50208333333333,-2260.0
21.202083333333334,66.60208333333333,-2243.0
21.202083333333334,66.70208333333333,-2176.0
21.202083333333334,66.80208333333333,-2275.0
21.202083333333334,66.90208333333334,-2034.0
21.202083333333334,67.00208333333333,-2127.0
21.202083333333334,67.10208333333333,-2249.0
21.202083333333334,67.20208333333333,-2334.0
21.202083333333334,67.30208333333333,-2391.0
21.202083333333334,67.40208333333334,-2392.0
21.202083333333334,67.50208333333333,-2352.0
21.202083333333334,67.60208333333333,-2122.0
21.202083333333334,67.70208333333333,-2058.0
21.202083333333334,67.80208333333333,-2136.0
21.202083333333334,67.90208333333334,-1318.0
21.202083333333334,68.00208333333333,-1184.0
21.202083333333334,68.10208333333333,-1006.0
21.202083333333334,68.20208333333333,-1003.0
21.202083333333334,68.30208333333333,-456.0
21.202083333333334,68.40208333333334,-280.0
21.202083333333334,68.50208333333333,-500.0
21.202083333333334,68.60208333333333,-648.0
21.202083333333334,68.70208333333333,-422.0
21.202083333333334,68.80208333333333,-164.0
21.202083333333334,68.90208333333334,-107.0
21.202083333333334,69.00208333333333,-96.0
21.202083333333334,69.10208333333333,-85.0
21.202083333333334,69.20208333333333,-86.0
21.202083333333334,69.30208333333333,-98.0
21.202083333333334,69.40208333333334,-80.0
21.202083333333334,69.50208333333333,-57.0
21.202083333333334,69.60208333333333,-50.0
21.202083333333334,69.70208333333333,-37.0
21.202083333333334,69.80208333333333,-30.0
21.202083333333334,69.90208333333334,-23.0
21.202083333333334,70.00208333333333,-5.0
21.202083333333334,70.10208333333333,19.071245
21.202083333333334,70.20208333333333,31.82849
21.202083333333334,70.30208333333333,56.212223
21.202083333333334,70.40208333333334,97.260086
21.202083333333334,70.50208333333333,224.17155
21.202083333333334,70.60208333333333,173.69484
21.202083333333334,70.70208333333333,227.58409
21.202083333333334,70.80208333333333,318.903
21.202083333333334,70.90208333333334,366.29294
21.202083333333334,71.00208333333333,350.39188
21.202083333333334,71.10208333333333,290.4291
21.202083333333334,71.20208333333333,288.31213
21.202083333333334,71.30208333333333,187.72098
21.202083333333334,71.40208333333334,124.301025
21.202083333333334,71.50208333333333,133.9029
21.202083333333334,71.60208333333333,114.87587
21.202083333333334,71.70208333333333,80.27227
21.202083333333334,71.80208333333333,53.58462
21.202083333333334,71.90208333333334,29.619066
21.202083333333334,72.00208333333333,7.8636446
21.202083333333334,72.10208333333333,15.485867
21.202083333333334,72.20208333333333,-26.0
21.202083333333334,72.30208333333333,-22.0
21.202083333333334,72.40208333333334,-11.0
21.202083333333334,72.50208333333333,-10.0
21.202083333333334,72.60208333333333,-2.0
21.202083333333334,72.70208333333333,4.277689
21.202083333333334,72.80208333333333,10.604134
21.202083333333334,72.90208333333334,17.256
21.202083333333334,73.00208333333333,26.154444
21.202083333333334,73.10208333333333,32.026356
21.202083333333334,73.20208333333333,40.2356
21.302083333333332,63.40208333333333,-3314.0
21.302083333333332,63.50208333333333,-3216.0
21.302083333333332,63.60208333333333,-3223.0
21.302083333333332,63.702083333333334,-3217.0
21.302083333333332,63.802083333333336,-3088.0
21.302083333333332,63.90208333333333,-3114.0
21.302083333333332,64.00208333333333,-3328.0
21.302083333333332,64.10208333333333,-3352.0
21.302083333333332,64.20208333333333,-3377.0
21.302083333333332,64.30208333333333,-3350.0
21.302083333333332,64.40208333333334,-3296.0
21.302083333333332,64.50208333333333,-3282.0
21.302083333333332,64.60208333333333,-3206.0
21.302083333333332,64.70208333333333,-3122.0
21.302083333333332,64.80208333333333,-3029.0
21.302083333333332,64.90208333333334,-3008.0
21.302083333333332,65.00208333333333,-3043.0
21.302083333333332,65.10208333333333,-3109.0
21.302083333333332,65.20208333333333,-3093.0
21.302083333333332,65.30208333333333,-3012.0
21.302083333333332,65.40208333333334,-2748.0
21.302083333333332,65.50208333333333,-2728.0
21.302083333333332,65.60208333333333,-2850.0
21.302083333333332,65.70208333333333,-2872.0
21.302083333333332,65.80208333333333,-2860.0
21.302083333333332,65.90208333333334,-2812.0
21.302083333333332,66.00208333333333,-2491.0
21.302083333333332,66.10208333333333,-2401.0
21.302083333333332,66.20208333333333,-2337.0
21.302083333333332,66.30208333333333,-2289.0
21.302083333333332,66.40208333333334,-2235.0
21.302083333333332,66.50208333333333,-2170.0
21.302083333333332,66.60208333333333,-2163.0
21.302083333333332,66.70208333333333,-2130.0
21.302083333333332,66.80208333333333,-2073.0
21.302083333333332,66.90208333333334,-1998.0
21.302083333333332,67.00208333333333,-2033.0
21.302083333333332,67.10208333333333,-2164.0
21.302083333333332,67.20208333333333,-2258.0
21.302083333333332,67.30208333333333,-2347.0
21.302083333333332,67.40208333333334,-2392.0
21.302083333333332,67.50208333333333,-2207.0
21.302083333333332,67.60208333333333,-2000.0
21.302083333333332,67.70208333333333,-1618.0
21.302083333333332,67.80208333333333,-1862.0
21.302083333333332,67.90208333333334,-1514.0
21.302083333333332,68.00208333333333,-792.0
21.302083333333332,68.10208333333333,-335.0
21.302083333333332,68.20208333333333,-97.0
21.302083333333332,68.30208333333333,-213.0
21.302083333333332,68.40208333333334,-181.0
21.302083333333332,68.50208333333333,-141.0
21.302083333333332,68.60208333333333,-138.0
21.302083333333332,68.70208333333333,-132.0
21.302083333333332,68.80208333333333,-100.0
21.302083333333332,68.90208333333334,-123.0
21.302083333333332,69.00208333333333,-91.0
21.302083333333332,69.10208333333333,-79.0
21.302083333333332,69.20208333333333,-77.0
21.302083333333332,69.30208333333333,-83.0
21.302083333333332,69.40208333333334,-50.0
21.302083333333332,69.50208333333333,-46.0
21.302083333333332,69.60208333333333,-39.0
21.302083333333332,69.70208333333333,-30.0
21.302083333333332,69.80208333333333,-23.0
21.302083333333332,69.90208333333334,-10.0
21.302083333333332,70.00208333333333,5.055333
21.302083333333332,70.10208333333333,21.242666
21.302083333333332,70.20208333333333,36.900223
21.302083333333332,70.30208333333333,56.604843
21.302083333333332,70.40208333333334,80.67009
21.302083333333332,70.50208333333333,118.96791
21.302083333333332,70.60208333333333,127.37249
21.302083333333332,70.70208333333333,141.03493
21.302083333333332,70.80208333333333,206.98706
21.302083333333332,70.90208333333334,280.4322
21.302083333333332,71.00208333333333,225.5165
21.302083333333332,71.10208333333333,245.37787
21.302083333333332,71.20208333333333,187.71751
21.302083333333332,71.30208333333333,171.58707
21.302083333333332,71.40208333333334,180.68742
21.302083333333332,71.50208333333333,223.16235
21.302083333333332,71.60208333333333,174.184
21.302083333333332,71.70208333333333,163.2376
21.302083333333332,71.80208333333333,109.98751
21.302083333333332,71.90208333333334,58.446354
21.302083333333332,72.00208333333333,37.337822
21.302083333333332,72.10208333333333,4.3297715
21.302083333333332,72.20208333333333,-9.0
21.302083333333332,72.30208333333333,-20.0
21.302083333333332,72.40208333333334,-22.0
21.302083333333332,72.50208333333333,-9.0
21.302083333333332,72.60208333333333,3.8404446
21.302083333333332,72.70208333333333,6.647333
21.302083333333332,72.80208333333333,12.042444
21.302083333333332,72.90208333333334,18.586311
21.302083333333332,73.00208333333333,14.805244
21.302083333333332,73.10208333333333,31.544178
21.302083333333332,73.20208333333333,61.041245
21.402083333333334,63.40208333333333,-3226.0
21.402083333333334,63.50208333333333,-3201.0
21.402083333333334,63.60208333333333,-3178.0
21.402083333333334,63.702083333333334,-3132.0
21.402083333333334,63.802083333333336,-3120.0
21.402083333333334,63.90208333333333,-3070.0
21.402083333333334,64.00208333333333,-3157.0
21.402083333333334,64.10208333333333,-3357.0
21.402083333333334,64.20208333333333,-3294.0
21.402083333333334,64.30208333333333,-3344.0
21.402083333333334,64.40208333333334,-3352.0
21.402083333333334,64.50208333333333,-3311.0
21.402083333333334,64.60208333333333,-3255.0
21.402083333333334,64.70208333333333,-3220.0
21.402083333333334,64.80208333333333,-3103.0
21.402083333333334,64.90208333333334,-2998.0
21.402083333333334,65.00208333333333,-2978.0
21.402083333333334,65.10208333333333,-3067.0
21.402083333333334,65.20208333333333,-3081.0
21.402083333333334,65.30208333333333,-3029.0
21.402083333333334,65.40208333333334,-2837.0
21.402083333333334,65.50208333333333,-2737.0
21.402083333333334,65.60208333333333,-2631.0
21.402083333333334,65.70208333333333,-2733.0
21.402083333333334,65.80208333333333,-2815.0
21.402083333333334,65.90208333333334,-2720.0
21.402083333333334,66.00208333333333,-2620.0
21.402083333333334,66.10208333333333,-2489.0
21.402083333333334,66.20208333333333,-2437.0
21.402083333333334,66.30208333333333,-2366.0
21.402083333333334,66.40208333333334,-2142.0
21.402083333333334,66.50208333333333,-2265.0
21.402083333333334,66.60208333333333,-2127.0
21.402083333333334,66.70208333333333,-1976.0
21.402083333333334,66.80208333333333,-2194.0
21.402083333333334,66.90208333333334,-1949.0
21.402083333333334,67.00208333333333,-1997.0
21.402083333333334,67.10208333333333,-1961.0
21.402083333333334,67.20208333333333,-2132.0
21.402083333333334,67.30208333333333,-2238.0
21.402083333333334,67.40208333333334,-2276.0
21.402083333333334,67.50208333333333,-2213.0
21.402083333333334,67.60208333333333,-1803.0
21.402083333333334,67.70208333333333,-1495.0
21.402083333333334,67.80208333333333,-1230.0
21.402083333333334,67.90208333333334,-1040.0
21.402083333333334,68.00208333333333,-681.0
21.402083333333334,68.10208333333333,-246.0
21.402083333333334,68.20208333333333,-185.0
21.402083333333334,68.30208333333333,-144.0
21.402083333333334,68.40208333333334,-129.0
21.402083333333334,68.50208333333333,-100.0
21.402083333333334,68.60208333333333,-101.0
21.402083333333334,68.70208333333333,-98.0
21.402083333333334,68.80208333333333,-94.0
21.402083333333334,68.90208333333334,-85.0
21.402083333333334,69.00208333333333,-77.0
21.402083333333334,69.10208333333333,-66.0
21.402083333333334,69.20208333333333,-61.0
21.402083333333334,69.30208333333333,-50.0
21.402083333333334,69.40208333333334,-46.0
21.402083333333334,69.50208333333333,-38.0
21.402083333333334,69.60208333333333,-30.0
21.402083333333334,69.70208333333333,-23.0
21.402083333333334,69.80208333333333,-10.0
21.402083333333334,69.90208333333334,2.8065333
21.402083333333334,70.00208333333333,9.3169775
21.402083333333334,70.10208333333333,14.735155
21.402083333333334,70.20208333333333,16.038445
21.402083333333334,70.30208333333333,33.2392
21.402083333333334,70.40208333333334,46.105022
21.402083333333334,70.50208333333333,60.816357
21.402083333333334,70.60208333333333,76.45325
21.402083333333334,70.70208333333333,101.21725
21.402083333333334,70.80208333333333,147.14893
21.402083333333334,70.90208333333334,195.7929
21.402083333333334,71.00208333333333,192.24875
21.402083333333334,71.10208333333333,156.11516
21.402083333333334,71.20208333333333,125.22853
21.402083333333334,71.30208333333333,104.63964
21.402083333333334,71.40208333333334,86.21289
21.402083333333334,71.50208333333333,78.26716
21.402083333333334,71.60208333333333,73.601776
21.402083333333334,71.70208333333333,57.5088
21.402083333333334,71.80208333333333,89.02045
21.402083333333334,71.90208333333334,96.055374
21.402083333333334,72.00208333333333,16.8904
21.402083333333334,72.10208333333333,37.14649
21.402083333333334,72.20208333333333,-2.0
21.402083333333334,72.30208333333333,-14.0
21.402083333333334,72.40208333333334,-18.0
21.402083333333334,72.50208333333333,-10.0
21.402083333333334,72.60208333333333,-3.0
21.402083333333334,72.70208333333333,7.818267
21.402083333333334,72.80208333333333,9.9956
21.402083333333334,72.90208333333334,13.453511
21.402083333333334,73.00208333333333,22.632
21.402083333333334,73.10208333333333,41.5964
21.402083333333334,73.20208333333333,69.13893
21.50208333333333,63.40208333333333,-3241.0
21.50208333333333,63.50208333333333,-3227.0
21.50208333333333,63.60208333333333,-3185.0
21.50208333333333,63.702083333333334,-3176.0
21.50208333333333,63.802083333333336,-3149.0
21.50208333333333,63.90208333333333,-3046.0
21.50208333333333,64.00208333333333,-3102.0
21.50208333333333,64.10208333333333,-3245.0
21.50208333333333,64.20208333333333,-3261.0
21.50208333333333,64.30208333333333,-3310.0
21.50208333333333,64.40208333333334,-3327.0
21.50208333333333,64.50208333333333,-3289.0
21.50208333333333,64.60208333333333,-3294.0
21.50208333333333,64.70208333333333,-3228.0
21.50208333333333,64.80208333333333,-3141.0
21.50208333333333,64.90208333333334,-3051.0
21.50208333333333,65.00208333333333,-2934.0
21.50208333333333,65.10208333333333,-3010.0
21.50208333333333,65.20208333333333,-3044.0
21.50208333333333,65.30208333333333,-3021.0
21.50208333333333,65.40208333333334,-2978.0
21.50208333333333,65.50208333333333,-2828.0
21.50208333333333,65.60208333333333,-2719.0
21.50208333333333,65.70208333333333,-2631.0
21.50208333333333,65.80208333333333,-2572.0
21.50208333333333,65.90208333333334,-2643.0
21.50208333333333,66.00208333333333,-2579.0
21.50208333333333,66.10208333333333,-2494.0
21.50208333333333,66.20208333333333,-2458.0
21.50208333333333,66.30208333333333,-2349.0
21.50208333333333,66.40208333333334,-2117.0
21.50208333333333,66.50208333333333,-2066.0
21.50208333333333,66.60208333333333,-2070.0
21.50208333333333,66.70208333333333,-1978.0
21.50208333333333,66.80208333333333,-2089.0
21.50208333333333,66.90208333333334,-1980.0
21.50208333333333,67.00208333333333,-1900.0
21.50208333333333,67.10208333333333,-2000.0
21.50208333333333,67.20208333333333,-2018.0
21.50208333333333,67.30208333333333,-2153.0
21.50208333333333,67.40208333333334,-2270.0
21.50208333333333,67.50208333333333,-2141.0
21.50208333333333,67.60208333333333,-2018.0
21.50208333333333,67.70208333333333,-1262.0
21.50208333333333,67.80208333333333,-560.0
21.50208333333333,67.90208333333334,-370.0
21.50208333333333,68.00208333333333,-384.0
21.50208333333333,68.10208333333333,-196.0
21.50208333333333,68.20208333333333,-142.0
21.50208333333333,68.30208333333333,-122.0
21.50208333333333,68.40208333333334,-100.0
21.50208333333333,68.50208333333333,-99.0
21.50208333333333,68.60208333333333,-93.0
21.50208333333333,68.70208333333333,-85.0
21.50208333333333,68.80208333333333,-78.0
21.50208333333333,68.90208333333334,-71.0
21.50208333333333,69.00208333333333,-66.0
21.50208333333333,69.10208333333333,-54.0
21.50208333333333,69.20208333333333,-51.0
21.50208333333333,69.30208333333333,-46.0
21.50208333333333,69.40208333333334,-47.0
21.50208333333333,69.50208333333333,-40.0
21.50208333333333,69.60208333333333,-23.0
21.50208333333333,69.70208333333333,-14.0
21.50208333333333,69.80208333333333,2.6897333
21.50208333333333,69.90208333333334,4.9566665
21.50208333333333,70.00208333333333,7.1236444
21.50208333333333,70.10208333333333,16.099333
21.50208333333333,70.20208333333333,43.156666
21.50208333333333,70.30208333333333,42.15178
21.50208333333333,70.40208333333334,49.305557
21.50208333333333,70.50208333333333,602.80457
21.50208333333333,70.60208333333333,200.72142
21.50208333333333,70.70208333333333,134.94196
21.50208333333333,70.80208333333333,153.98271
21.50208333333333,70.90208333333334,183.82396
21.50208333333333,71.00208333333333,138.60143
21.50208333333333,71.10208333333333,127.39182
21.50208333333333,71.20208333333333,110.99124
21.50208333333333,71.30208333333333,91.60525
21.50208333333333,71.40208333333334,78.66924
21.50208333333333,71.50208333333333,91.94391
21.50208333333333,71.60208333333333,87.57311
21.50208333333333,71.70208333333333,87.2176
21.50208333333333,71.80208333333333,190.62257
21.50208333333333,71.90208333333334,54.06702
21.50208333333333,72.00208333333333,95.78813
21.50208333333333,72.10208333333333,118.74355
21.50208333333333,72.20208333333333,56.596935
21.50208333333333,72.30208333333333,-20.0
21.50208333333333,72.40208333333334,-21.0
21.50208333333333,72.50208333333333,-10.0
21.50208333333333,72.60208333333333,-3.0
21.50208333333333,72.70208333333333,7.8297777
21.50208333333333,72.80208333333333,10.049245
21.50208333333333,72.90208333333334,14.463555
21.50208333333333,73.00208333333333,41.9484
21.50208333333333,73.10208333333333,32.99809
21.50208333333333,73.20208333333333,51.000088
21.602083333333333,63.40208333333333,-3158.0
21.602083333333333,63.50208333333333,-3127.0
21.602083333333333,63.60208333333333,-3157.0
21.602083333333333,63.702083333333334,-3125.0
21.602083333333333,63.802083333333336,-3078.0
21.602083333333333,63.90208333333333,-3131.0
21.602083333333333,64.00208333333333,-2998.0
21.602083333333333,64.10208333333333,-3249.0
21.602083333333333,64.20208333333333,-3245.0
21.602083333333333,64.30208333333333,-3191.0
21.602083333333333,64.40208333333334,-3217.0
21.602083333333333,64.50208333333333,-3219.0
21.602083333333333,64.60208333333333,-3207.0
21.602083333333333,64.70208333333333,-3152.0
21.602083333333333,64.80208333333333,-3124.0
21.602083333333333,64.90208333333334,-3087.0
21.602083333333333,65.00208333333333,-3007.0
21.602083333333333,65.10208333333333,-2946.0
21.602083333333333,65.20208333333333,-2913.0
21.602083333333333,65.30208333333333,-2928.0
21.602083333333333,65.40208333333334,-2967.0
21.602083333333333,65.50208333333333,-2955.0
21.602083333333333,65.60208333333333,-2887.0
21.602083333333333,65.70208333333333,-2800.0
21.602083333333333,65.80208333333333,-2604.0
21.602083333333333,65.90208333333334,-2526.0
21.602083333333333,66.00208333333333,-2560.0
21.602083333333333,66.10208333333333,-2382.0
21.602083333333333,66.20208333333333,-2350.0
21.602083333333333,66.30208333333333,-2253.0
21.602083333333333,66.40208333333334,-2177.0
21.602083333333333,66.50208333333333,-2111.0
21.602083333333333,66.60208333333333,-2002.0
21.602083333333333,66.70208333333333,-1997.0
21.602083333333333,66.80208333333333,-2001.0
21.602083333333333,66.90208333333334,-1865.0
21.602083333333333,67.00208333333333,-1823.0
21.602083333333333,67.10208333333333,-1909.0
21.602083333333333,67.20208333333333,-2009.0
21.602083333333333,67.30208333333333,-2057.0
21.602083333333333,67.40208333333334,-2144.0
21.602083333333333,67.50208333333333,-2134.0
21.602083333333333,67.60208333333333,-1997.0
21.602083333333333,67.70208333333333,-1383.0
21.602083333333333,67.80208333333333,-1017.0
21.602083333333333,67.90208333333334,-500.0
21.602083333333333,68.00208333333333,-205.0
21.602083333333333,68.10208333333333,-145.0
21.602083333333333,68.20208333333333,-126.0
21.602083333333333,68.30208333333333,-103.0
21.602083333333333,68.40208333333334,-104.0
21.602083333333333,68.50208333333333,-92.0
21.602083333333333,68.60208333333333,-83.0
21.602083333333333,68.70208333333333,-74.0
21.602083333333333,68.80208333333333,-68.0
21.602083333333333,68.90208333333334,-61.0
21.602083333333333,69.00208333333333,-57.0
21.602083333333333,69.10208333333333,-56.0
21.602083333333333,69.20208333333333,-49.0
21.602083333333333,69.30208333333333,-39.0
21.602083333333333,69.40208333333334,-32.0
21.602083333333333,69.50208333333333,-24.0
21.602083333333333,69.60208333333333,-12.0
21.602083333333333,69.70208333333333,1.9185778
21.602083333333333,69.80208333333333,6.368311
21.602083333333333,69.90208333333334,11.294444
21.602083333333333,70.00208333333333,12.488178
21.602083333333333,70.10208333333333,17.992622
21.602083333333333,70.20208333333333,32.79711
21.602083333333333,70.30208333333333,62.43413
21.602083333333333,70.40208333333334,47.20849
21.602083333333333,70.50208333333333,88.54609
21.602083333333333,70.60208333333333,115.64582
21.602083333333333,70.70208333333333,135.9295
21.602083333333333,70.80208333333333,146.37875
21.602083333333333,70.90208333333334,168.78902
21.602083333333333,71.00208333333333,163.60631
21.602083333333333,71.10208333333333,143.37106
21.602083333333333,71.20208333333333,115.28613
21.602083333333333,71.30208333333333,114.221954
21.602083333333333,71.40208333333334,95.94111
21.602083333333333,71.50208333333333,98.36036
21.602083333333333,71.60208333333333,111.65716
21.602083333333333,71.70208333333333,102.31525
21.602083333333333,71.80208333333333,79.491425
21.602083333333333,71.90208333333334,81.42111
21.602083333333333,72.00208333333333,114.92413
21.602083333333333,72.10208333333333,225.60626
21.602083333333333,72.20208333333333,48.664757
21.602083333333333,72.30208333333333,1.0
21.602083333333333,72.40208333333334,-30.0
21.602083333333333,72.50208333333333,-14.0
21.602083333333333,72.60208333333333,-1.0
21.602083333333333,72.70208333333333,4.6057777
21.602083333333333,72.80208333333333,4.656
21.602083333333333,72.90208333333334,15.155644
21.602083333333333,73.00208333333333,18.80169
21.602083333333333,73.10208333333333,28.980444
21.602083333333333,73.20208333333333,54.69551
21.702083333333334,63.40208333333333,-3169.0
21.702083333333334,63.50208333333333,-3167.0
21.702083333333334,63.60208333333333,-3175.0
21.702083333333334,63.702083333333334,-3064.0
21.702083333333334,63.802083333333336,-3088.0
21.702083333333334,63.90208333333333,-3143.0
21.702083333333334,64.00208333333333,-2985.0
21.702083333333334,64.10208333333333,-2993.0
21.702083333333334,64.20208333333333,-3074.0
21.702083333333334,64.30208333333333,-3171.0
21.702083333333334,64.40208333333334,-3147.0
21.702083333333334,64.50208333333333,-3190.0
21.702083333333334,64.60208333333333,-3164.0
21.702083333333334,64.70208333333333,-3113.0
21.702083333333334,64.80208333333333,-3000.0
21.702083333333334,64.90208333333334,-3028.0
21.702083333333334,65.00208333333333,-2989.0
21.702083333333334,65.10208333333333,-2938.0
21.702083333333334,65.20208333333333,-2884.0
21.702083333333334,65.30208333333333,-2835.0
21.702083333333334,65.40208333333334,-2890.0
21.702083333333334,65.50208333333333,-2901.0
21.702083333333334,65.60208333333333,-2930.0
21.702083333333334,65.70208333333333,-2871.0
21.702083333333334,65.80208333333333,-2837.0
21.702083333333334,65.90208333333334,-2634.0
21.702083333333334,66.00208333333333,-2361.0
21.702083333333334,66.10208333333333,-2360.0
21.702083333333334,66.20208333333333,-2309.0
21.702083333333334,66.30208333333333,-2248.0
21.702083333333334,66.40208333333334,-2177.0
21.702083333333334,66.50208333333333,-2028.0
21.702083333333334,66.60208333333333,-1961.0
21.702083333333334,66.70208333333333,-1884.0
21.702083333333334,66.80208333333333,-1896.0
21.702083333333334,66.90208333333334,-1760.0
21.702083333333334,67.00208333333333,-1920.0
21.702083333333334,67.10208333333333,-1822.0
21.702083333333334,67.20208333333333,-1972.0
21.702083333333334,67.30208333333333,-1987.0
21.702083333333334,67.40208333333334,-2039.0
21.702083333333334,67.50208333333333,-1998.0
21.702083333333334,67.60208333333333,-1994.0
21.702083333333334,67.70208333333333,-1774.0
21.702083333333334,67.80208333333333,-1303.0
21.702083333333334,67.90208333333334,-1112.0
21.702083333333334,68.00208333333333,-207.0
21.702083333333334,68.10208333333333,-165.0
21.702083333333334,68.20208333333333,-113.0
21.702083333333334,68.30208333333333,-105.0
21.702083333333334,68.40208333333334,-102.0
21.702083333333334,68.50208333333333,-85.0
21.702083333333334,68.60208333333333,-79.0
21.702083333333334,68.70208333333333,-68.0
21.702083333333334,68.80208333333333,-64.0
21.702083333333334,68.90208333333334,-58.0
21.702083333333334,69.00208333333333,-53.0
21.702083333333334,69.10208333333333,-50.0
21.702083333333334,69.20208333333333,-41.0
21.702083333333334,69.30208333333333,-34.0
21.702083333333334,69.40208333333334,-25.0
21.702083333333334,69.50208333333333,-8.0
21.702083333333334,69.60208333333333,18.169645
21.702083333333334,69.70208333333333,26.081955
21.702083333333334,69.80208333333333,84.82138
21.702083333333334,69.90208333333334,31.591734
21.702083333333334,70.00208333333333,61.07489
21.702083333333334,70.10208333333333,56.843422
21.702083333333334,70.20208333333333,28.564444
21.702083333333334,70.30208333333333,35.64449
21.702083333333334,70.40208333333334,59.59413
21.702083333333334,70.50208333333333,75.43849
21.702083333333334,70.60208333333333,106.93169
21.702083333333334,70.70208333333333,100.67742
21.702083333333334,70.80208333333333,125.7884
21.702083333333334,70.90208333333334,149.78609
21.702083333333334,71.00208333333333,165.8511
21.702083333333334,71.10208333333333,157.76324
21.702083333333334,71.20208333333333,152.92853
21.702083333333334,71.30208333333333,137.41512
21.702083333333334,71.40208333333334,121.51507
21.702083333333334,71.50208333333333,96.00871
21.702083333333334,71.60208333333333,78.78947
21.702083333333334,71.70208333333333,70.533775
21.702083333333334,71.80208333333333,73.79858
21.702083333333334,71.90208333333334,57.70911
21.702083333333334,72.00208333333333,56.853867
21.702083333333334,72.10208333333333,49.486267
21.702083333333334,72.20208333333333,13.383555
21.702083333333334,72.30208333333333,-2.0
21.702083333333334,72.40208333333334,-9.0
21.702083333333334,72.50208333333333,-17.0
21.702083333333334,72.60208333333333,6.6831555
21.702083333333334,72.70208333333333,7.2409334
21.702083333333334,72.80208333333333,7.6035113
21.702083333333334,72.90208333333334,13.322489
21.702083333333334,73.00208333333333,13.483155
21.702083333333334,73.10208333333333,19.1976
21.702083333333334,73.20208333333333,43.573776
21.802083333333332,63.40208333333333,-3131.0
21.802083333333332,63.50208333333333,-3047.0
21.802083333333332,63.60208333333333,-3162.0
21.802083333333332,63.702083333333334,-3114.0
21.802083333333332,63.802083333333336,-3067.0
21.802083333333332,63.90208333333333,-3140.0
21.802083333333332,64.00208333333333,-3011.0
21.802083333333332,64.10208333333333,-2927.0
21.802083333333332,64.20208333333333,-3058.0
21.802083333333332,64.30208333333333,-3155.0
21.802083333333332,64.40208333333334,-3111.0
21.802083333333332,64.50208333333333,-3077.0
21.802083333333332,64.60208333333333,-3031.0
21.802083333333332,64.70208333333333,-3031.0
21.802083333333332,64.80208333333333,-2969.0
21.802083333333332,64.90208333333334,-2928.0
21.802083333333332,65.00208333333333,-2940.0
21.802083333333332,65.10208333333333,-2912.0
21.802083333333332,65.20208333333333,-2851.0
21.802083333333332,65.30208333333333,-2805.0
21.802083333333332,65.40208333333334,-2844.0
21.802083333333332,65.50208333333333,-2818.0
21.802083333333332,65.60208333333333,-2863.0
21.802083333333332,65.70208333333333,-2860.0
21.802083333333332,65.80208333333333,-2821.0
21.802083333333332,65.90208333333334,-2674.0
21.802083333333332,66.00208333333333,-2527.0
21.802083333333332,66.10208333333333,-2249.0
21.802083333333332,66.20208333333333,-2241.0
21.802083333333332,66.30208333333333,-2235.0
21.802083333333332,66.40208333333334,-2258.0
21.802083333333332,66.50208333333333,-2121.0
21.802083333333332,66.60208333333333,-2082.0
21.802083333333332,66.70208333333333,-1860.0
21.802083333333332,66.80208333333333,-1875.0
21.802083333333332,66.90208333333334,-1808.0
21.802083333333332,67.00208333333333,-1702.0
21.802083333333332,67.10208333333333,-1809.0
21.802083333333332,67.20208333333333,-1935.0
21.802083333333332,67.30208333333333,-1943.0
21.802083333333332,67.40208333333334,-1970.0
21.802083333333332,67.50208333333333,-1936.0
21.802083333333332,67.60208333333333,-1596.0
21.802083333333332,67.70208333333333,-1825.0
21.802083333333332,67.80208333333333,-1360.0
21.802083333333332,67.90208333333334,-1060.0
21.802083333333332,68.00208333333333,-357.0
21.802083333333332,68.10208333333333,-123.0
21.802083333333332,68.20208333333333,-100.0
21.802083333333332,68.30208333333333,-135.0
21.802083333333332,68.40208333333334,-135.0
21.802083333333332,68.50208333333333,-83.0
21.802083333333332,68.60208333333333,-65.0
21.802083333333332,68.70208333333333,-62.0
21.802083333333332,68.80208333333333,-60.0
21.802083333333332,68.90208333333334,-57.0
21.802083333333332,69.00208333333333,-51.0
21.802083333333332,69.10208333333333,-44.0
21.802083333333332,69.20208333333333,-35.0
21.802083333333332,69.30208333333333,-24.0
21.802083333333332,69.40208333333334,11.615644
21.802083333333332,69.50208333333333,12.926933
21.802083333333332,69.60208333333333,18.132534
21.802083333333332,69.70208333333333,238.73471
21.802083333333332,69.80208333333333,69.24533
21.802083333333332,69.90208333333334,57.927334
21.802083333333332,70.00208333333333,126.95062
21.802083333333332,70.10208333333333,227.66307
21.802083333333332,70.20208333333333,64.33622
21.802083333333332,70.30208333333333,61.518
21.802083333333332,70.40208333333334,80.50231
21.802083333333332,70.50208333333333,57.6556
21.802083333333332,70.60208333333333,72.85169
21.802083333333332,70.70208333333333,124.1504
21.802083333333332,70.80208333333333,105.0
21.802083333333332,70.90208333333334,116.836624
21.802083333333332,71.00208333333333,137.11284
21.802083333333332,71.10208333333333,153.33275
21.802083333333332,71.20208333333333,185.83778
21.802083333333332,71.30208333333333,155.97844
21.802083333333332,71.40208333333334,126.852356
21.802083333333332,71.50208333333333,92.766846
21.802083333333332,71.60208333333333,74.362625
21.802083333333332,71.70208333333333,42.463554
21.802083333333332,71.80208333333333,21.555822
21.802083333333332,71.90208333333334,8.9156885
21.802083333333332,72.00208333333333,6.137778
21.802083333333332,72.10208333333333,5.6752
21.802083333333332,72.20208333333333,5.253378
21.802083333333332,72.30208333333333,-12.0
21.802083333333332,72.40208333333334,-21.0
21.802083333333332,72.50208333333333,-6.0
21.802083333333332,72.60208333333333,5.5136
21.802083333333332,72.70208333333333,7.0101776
21.802083333333332,72.80208333333333,8.4144
21.802083333333332,72.90208333333334,12.725378
21.802083333333332,73.00208333333333,17.018755
21.802083333333332,73.10208333333333,22.474667
21.802083333333332,73.20208333333333,20.791466
21.902083333333334,63.40208333333333,-3065.0
21.902083333333334,63.50208333333333,-3051.0
21.902083333333334,63.60208333333333,-3082.0
21.902083333333334,63.702083333333334,-3074.0
21.902083333333334,63.802083333333336,-3086.0
21.902083333333334,63.90208333333333,-3054.0
21.902083333333334,64.00208333333333,-3036.0
21.902083333333334,64.10208333333333,-2934.0
21.902083333333334,64.20208333333333,-2897.0
21.902083333333334,64.30208333333333,-3017.0
21.902083333333334,64.40208333333334,-2937.0
21.902083333333334,64.50208333333333,-2992.0
21.902083333333334,64.60208333333333,-3000.0
21.902083333333334,64.70208333333333,-2867.0
21.902083333333334,64.80208333333333,-2916.0
21.902083333333334,64.90208333333334,-2881.0
21.902083333333334,65.00208333333333,-2809.0
21.902083333333334,65.10208333333333,-2819.0
21.902083333333334,65.20208333333333,-2823.0
21.902083333333334,65.30208333333333,-2781.0
21.902083333333334,65.40208333333334,-2806.0
21.902083333333334,65.50208333333333,-2766.0
21.902083333333334,65.60208333333333,-2674.0
21.902083333333334,65.70208333333333,-2844.0
21.902083333333334,65.80208333333333,-2827.0
21.902083333333334,65.90208333333334,-2694.0
21.902083333333334,66.00208333333333,-2582.0
21.902083333333334,66.10208333333333,-2483.0
21.902083333333334,66.20208333333333,-2189.0
21.902083333333334,66.30208333333333,-2153.0
21.902083333333334,66.40208333333334,-2151.0
21.902083333333334,66.50208333333333,-2106.0
21.902083333333334,66.60208333333333,-2052.0
21.902083333333334,66.70208333333333,-1806.0
21.902083333333334,66.80208333333333,-1825.0
21.902083333333334,66.90208333333334,-1687.0
21.902083333333334,67.00208333333333,-1677.0
21.902083333333334,67.10208333333333,-1750.0
21.902083333333334,67.20208333333333,-1868.0
21.902083333333334,67.30208333333333,-1910.0
21.902083333333334,67.40208333333334,-1824.0
21.902083333333334,67.50208333333333,-1850.0
21.902083333333334,67.60208333333333,-1728.0
21.902083333333334,67.70208333333333,-880.0
21.902083333333334,67.80208333333333,-1125.0
21.902083333333334,67.90208333333334,-882.0
21.902083333333334,68.00208333333333,-200.0
21.902083333333334,68.10208333333333,-150.0
21.902083333333334,68.20208333333333,-108.0
21.902083333333334,68.30208333333333,-116.0
21.902083333333334,68.40208333333334,-89.0
21.902083333333334,68.50208333333333,-67.0
21.902083333333334,68.60208333333333,-69.0
21.902083333333334,68.70208333333333,-62.0
21.902083333333334,68.80208333333333,-57.0
21.902083333333334,68.90208333333334,-53.0
21.902083333333334,69.00208333333333,-45.0
21.902083333333334,69.10208333333333,-39.0
21.902083333333334,69.20208333333333,-25.0
21.902083333333334,69.30208333333333,13.133644
21.902083333333334,69.40208333333334,2.8116438
21.902083333333334,69.50208333333333,8.296667
21.902083333333334,69.60208333333333,20.924755
21.902083333333334,69.70208333333333,42.56311
21.902083333333334,69.80208333333333,60.651646
21.902083333333334,69.90208333333334,88.49062
21.902083333333334,70.00208333333333,104.130135
21.902083333333334,70.10208333333333,87.62076
21.902083333333334,70.20208333333333,103.34102
21.902083333333334,70.30208333333333,92.10547
21.902083333333334,70.40208333333334,108.88249
21.902083333333334,70.50208333333333,97.79285
21.902083333333334,70.60208333333333,92.52987
21.902083333333334,70.70208333333333,124.34729
21.902083333333334,70.80208333333333,126.43387
21.902083333333334,70.90208333333334,136.72293
21.902083333333334,71.00208333333333,145.01555
21.902083333333334,71.10208333333333,168.41551
21.902083333333334,71.20208333333333,192.4464
21.902083333333334,71.30208333333333,167.22337
21.902083333333334,71.40208333333334,132.46733
21.902083333333334,71.50208333333333,98.42289
21.902083333333334,71.60208333333333,73.49635
21.902083333333334,71.70208333333333,59.64249
21.902083333333334,71.80208333333333,26.489288
21.902083333333334,71.90208333333334,10.590533
21.902083333333334,72.00208333333333,6.9071555
21.902083333333334,72.10208333333333,6.447111
21.902083333333334,72.20208333333333,5.0
21.902083333333334,72.30208333333333,-8.0
21.902083333333334,72.40208333333334,-9.0
21.902083333333334,72.50208333333333,-3.0
21.902083333333334,72.60208333333333,1.0
21.902083333333334,72.70208333333333,5.2116446
21.902083333333334,72.80208333333333,10.846267
21.902083333333334,72.90208333333334,13.503289
21.902083333333334,73.00208333333333,18.459688
21.902083333333334,73.10208333333333,24.829155
21.902083333333334,73.20208333333333,29.751423
22.00208333333333,63.40208333333333,-2972.0
22.00208333333333,63.50208333333333,-3051.0
22.00208333333333,63.60208333333333,-3028.0
22.00208333333333,63.702083333333334,-3058.0
22.00208333333333,63.802083333333336,-3016.0
22.00208333333333,63.90208333333333,-2976.0
22.00208333333333,64.00208333333333,-2949.0
22.00208333333333,64.10208333333333,-2925.0
22.00208333333333,64.20208333333333,-2821.0
22.00208333333333,64.30208333333333,-2818.0
22.00208333333333,64.40208333333334,-2996.0
22.00208333333333,64.50208333333333,-3023.0
22.00208333333333,64.60208333333333,-3047.0
22.00208333333333,64.70208333333333,-2845.0
22.00208333333333,64.80208333333333,-2659.0
22.00208333333333,64.90208333333334,-2772.0
22.00208333333333,65.00208333333333,-2728.0
22.00208333333333,65.10208333333333,-2723.0
22.00208333333333,65.20208333333333,-2685.0
22.00208333333333,65.30208333333333,-2717.0
22.00208333333333,65.40208333333334,-2746.0
22.00208333333333,65.50208333333333,-2699.0
22.00208333333333,65.60208333333333,-2738.0
22.00208333333333,65.70208333333333,-2837.0
22.00208333333333,65.80208333333333,-2813.0
22.00208333333333,65.90208333333334,-2707.0
22.00208333333333,66.00208333333333,-2572.0
22.00208333333333,66.10208333333333,-2521.0
22.00208333333333,66.20208333333333,-2456.0
22.00208333333333,66.30208333333333,-2196.0
22.00208333333333,66.40208333333334,-2036.0
22.00208333333333,66.50208333333333,-1934.0
22.00208333333333,66.60208333333333,-2017.0
22.00208333333333,66.70208333333333,-1920.0
22.00208333333333,66.80208333333333,-1807.0
22.00208333333333,66.90208333333334,-1612.0
22.00208333333333,67.00208333333333,-1638.0
22.00208333333333,67.10208333333333,-1762.0
22.00208333333333,67.20208333333333,-1841.0
22.00208333333333,67.30208333333333,-1839.0
22.00208333333333,67.40208333333334,-1820.0
22.00208333333333,67.50208333333333,-1709.0
22.00208333333333,67.60208333333333,-1402.0
22.00208333333333,67.70208333333333,-1099.0
22.00208333333333,67.80208333333333,-687.0
22.00208333333333,67.90208333333334,-200.0
22.00208333333333,68.00208333333333,-133.0
22.00208333333333,68.10208333333333,-113.0
22.00208333333333,68.20208333333333,-107.0
22.00208333333333,68.30208333333333,-91.0
22.00208333333333,68.40208333333334,-79.0
22.00208333333333,68.50208333333333,-69.0
22.00208333333333,68.60208333333333,-65.0
22.00208333333333,68.70208333333333,-58.0
22.00208333333333,68.80208333333333,-55.0
22.00208333333333,68.90208333333334,-47.0
22.00208333333333,69.00208333333333,-39.0
22.00208333333333,69.10208333333333,-29.0
22.00208333333333,69.20208333333333,3.2764
22.00208333333333,69.30208333333333,33.18689
22.00208333333333,69.40208333333334,30.314577
22.00208333333333,69.50208333333333,12.487066
22.00208333333333,69.60208333333333,48.683643
22.00208333333333,69.70208333333333,57.757023
22.00208333333333,69.80208333333333,67.1348
22.00208333333333,69.90208333333334,111.50698
22.00208333333333,70.00208333333333,126.98218
22.00208333333333,70.10208333333333,126.6192
22.00208333333333,70.20208333333333,152.34315
22.00208333333333,70.30208333333333,140.71178
22.00208333333333,70.40208333333334,131.77205
22.00208333333333,70.50208333333333,111.088715
22.00208333333333,70.60208333333333,134.77538
22.00208333333333,70.70208333333333,137.5431
22.00208333333333,70.80208333333333,136.3368
22.00208333333333,70.90208333333334,170.15236
22.00208333333333,71.00208333333333,168.84729
22.00208333333333,71.10208333333333,173.74031
22.00208333333333,71.20208333333333,188.77045
22.00208333333333,71.30208333333333,202.57707
22.00208333333333,71.40208333333334,146.25787
22.00208333333333,71.50208333333333,122.08573
22.00208333333333,71.60208333333333,83.42253
22.00208333333333,71.70208333333333,55.184044
22.00208333333333,71.80208333333333,33.329376
22.00208333333333,71.90208333333334,15.620489
22.00208333333333,72.00208333333333,8.095511
22.00208333333333,72.10208333333333,6.289289
22.00208333333333,72.20208333333333,5.8188
22.00208333333333,72.30208333333333,-7.0
22.00208333333333,72.40208333333334,-6.0
22.00208333333333,72.50208333333333,2.0
22.00208333333333,72.60208333333333,7.2215557
22.00208333333333,72.70208333333333,7.636489
22.00208333333333,72.80208333333333,8.3912
22.00208333333333,72.90208333333334,13.757867
22.00208333333333,73.00208333333333,18.964134
22.00208333333333,73.10208333333333,24.870134
22.00208333333333,73.20208333333333,33.74
22.102083333333333,63.40208333333333,-2335.0
22.102083333333333,63.50208333333333,-2713.0
22.102083333333333,63.60208333333333,-2817.0
22.102083333333333,63.702083333333334,-2978.0
22.102083333333333,63.802083333333336,-2929.0
22.102083333333333,63.90208333333333,-2913.0
22.102083333333333,64.00208333333333,-2924.0
22.102083333333333,64.10208333333333,-2865.0
22.102083333333333,64.20208333333333,-2796.0
22.102083333333333,64.30208333333333,-2771.0
22.102083333333333,64.40208333333334,-2799.0
22.102083333333333,64.50208333333333,-2885.0
22.102083333333333,64.60208333333333,-2787.0
22.102083333333333,64.70208333333333,-2687.0
22.102083333333333,64.80208333333333,-2528.0
22.102083333333333,64.90208333333334,-2576.0
22.102083333333333,65.00208333333333,-2539.0
22.102083333333333,65.10208333333333,-2633.0
22.102083333333333,65.20208333333333,-2565.0
22.102083333333333,65.30208333333333,-2712.0
22.102083333333333,65.40208333333334,-2617.0
22.102083333333333,65.50208333333333,-2637.0
22.102083333333333,65.60208333333333,-2609.0
22.102083333333333,65.70208333333333,-2601.0
22.102083333333333,65.80208333333333,-2719.0
22.102083333333333,65.90208333333334,-2691.0
22.102083333333333,66.00208333333333,-2559.0
22.102083333333333,66.10208333333333,-2478.0
22.102083333333333,66.20208333333333,-2354.0
22.102083333333333,66.30208333333333,-2193.0
22.102083333333333,66.40208333333334,-2138.0
22.102083333333333,66.50208333333333,-2062.0
22.102083333333333,66.60208333333333,-1872.0
22.102083333333333,66.70208333333333,-1854.0
22.102083333333333,66.80208333333333,-1625.0
22.102083333333333,66.90208333333334,-1654.0
22.102083333333333,67.00208333333333,-1651.0
22.102083333333333,67.10208333333333,-1763.0
22.102083333333333,67.20208333333333,-1820.0
22.102083333333333,67.30208333333333,-1793.0
22.102083333333333,67.40208333333334,-1684.0
22.102083333333333,67.50208333333333,-1497.0
22.102083333333333,67.60208333333333,-743.0
22.102083333333333,67.70208333333333,-500.0
22.102083333333333,67.80208333333333,-181.0
22.102083333333333,67.90208333333334,-127.0
22.102083333333333,68.00208333333333,-113.0
22.102083333333333,68.10208333333333,-96.0
22.102083333333333,68.20208333333333,-87.0
22.102083333333333,68.30208333333333,-74.0
22.102083333333333,68.40208333333334,-68.0
22.102083333333333,68.50208333333333,-73.0
22.102083333333333,68.60208333333333,-55.0
22.102083333333333,68.70208333333333,-50.0
22.102083333333333,68.80208333333333,-48.0
22.102083333333333,68.90208333333334,-43.0
22.102083333333333,69.00208333333333,-31.0
22.102083333333333,69.10208333333333,-3.1566668
22.102083333333333,69.20208333333333,9.549245
22.102083333333333,69.30208333333333,36.363777
22.102083333333333,69.40208333333334,36.97111
22.102083333333333,69.50208333333333,26.753334
22.102083333333333,69.60208333333333,63.7516
22.102083333333333,69.70208333333333,92.397156
22.102083333333333,69.80208333333333,116.72653
22.102083333333333,69.90208333333334,123.526535
22.102083333333333,70.00208333333333,132.91858
22.102083333333333,70.10208333333333,192.28365
22.102083333333333,70.20208333333333,164.39778
22.102083333333333,70.30208333333333,171.4513
22.102083333333333,70.40208333333334,142.70769
22.102083333333333,70.50208333333333,148.18752
22.102083333333333,70.60208333333333,141.60266
22.102083333333333,70.70208333333333,159.55338
22.102083333333333,70.80208333333333,177.44933
22.102083333333333,70.90208333333334,194.78178
22.102083333333333,71.00208333333333,192.54147
22.102083333333333,71.10208333333333,245.3424
22.102083333333333,71.20208333333333,234.95515
22.102083333333333,71.30208333333333,234.08195
22.102083333333333,71.40208333333334,174.17831
22.102083333333333,71.50208333333333,179.16974
22.102083333333333,71.60208333333333,112.761024
22.102083333333333,71.70208333333333,73.06844
22.102083333333333,71.80208333333333,43.91822
22.102083333333333,71.90208333333334,20.263021
22.102083333333333,72.00208333333333,8.711866
22.102083333333333,72.10208333333333,6.9571114
22.102083333333333,72.20208333333333,6.411511
22.102083333333333,72.30208333333333,4.6175323
22.102083333333333,72.40208333333334,-10.0
22.102083333333333,72.50208333333333,-3.0
22.102083333333333,72.60208333333333,9.278178
22.102083333333333,72.70208333333333,9.584622
22.102083333333333,72.80208333333333,13.144267
22.102083333333333,72.90208333333334,16.838667
22.102083333333333,73.00208333333333,19.293867
22.102083333333333,73.10208333333333,22.0828
22.102083333333333,73.20208333333333,27.512533
22.202083333333334,63.40208333333333,-1448.0
22.202083333333334,63.50208333333333,-1659.0
22.202083333333334,63.60208333333333,-1978.0
22.202083333333334,63.702083333333334,-2515.0
22.202083333333334,63.802083333333336,-2793.0
22.202083333333334,63.90208333333333,-2774.0
22.202083333333334,64.00208333333333,-2874.0
22.202083333333334,64.10208333333333,-2777.0
22.202083333333334,64.20208333333333,-2769.0
22.202083333333334,64.30208333333333,-2737.0
22.202083333333334,64.40208333333334,-2768.0
22.202083333333334,64.50208333333333,-2752.0
22.202083333333334,64.60208333333333,-2787.0
22.202083333333334,64.70208333333333,-2691.0
22.202083333333334,64.80208333333333,-2677.0
22.202083333333334,64.90208333333334,-2527.0
22.202083333333334,65.00208333333333,-2433.0
22.202083333333334,65.10208333333333,-2444.0
22.202083333333334,65.20208333333333,-2326.0
22.202083333333334,65.30208333333333,-2525.0
22.202083333333334,65.40208333333334,-2356.0
22.202083333333334,65.50208333333333,-2583.0
22.202083333333334,65.60208333333333,-2596.0
22.202083333333334,65.70208333333333,-2605.0
22.202083333333334,65.80208333333333,-2498.0
22.202083333333334,65.90208333333334,-2445.0
22.202083333333334,66.00208333333333,-2356.0
22.202083333333334,66.10208333333333,-2300.0
22.202083333333334,66.20208333333333,-2259.0
22.202083333333334,66.30208333333333,-2199.0
22.202083333333334,66.40208333333334,-2060.0
22.202083333333334,66.50208333333333,-1831.0
22.202083333333334,66.60208333333333,-1724.0
22.202083333333334,66.70208333333333,-1636.0
22.202083333333334,66.80208333333333,-1587.0
22.202083333333334,66.90208333333334,-1589.0
22.202083333333334,67.00208333333333,-1597.0
22.202083333333334,67.10208333333333,-1765.0
22.202083333333334,67.20208333333333,-1708.0
22.202083333333334,67.30208333333333,-1657.0
22.202083333333334,67.40208333333334,-1483.0
22.202083333333334,67.50208333333333,-1129.0
22.202083333333334,67.60208333333333,-579.0
22.202083333333334,67.70208333333333,-141.0
22.202083333333334,67.80208333333333,-122.0
22.202083333333334,67.90208333333334,-111.0
22.202083333333334,68.00208333333333,-101.0
22.202083333333334,68.10208333333333,-94.0
22.202083333333334,68.20208333333333,-81.0
22.202083333333334,68.30208333333333,-66.0
22.202083333333334,68.40208333333334,-63.0
22.202083333333334,68.50208333333333,-48.0
22.202083333333334,68.60208333333333,-42.0
22.202083333333334,68.70208333333333,-37.0
22.202083333333334,68.80208333333333,-37.0
22.202083333333334,68.90208333333334,-37.0
22.202083333333334,69.00208333333333,9.656711
22.202083333333334,69.10208333333333,12.838044
22.202083333333334,69.20208333333333,31.610445
22.202083333333334,69.30208333333333,19.663645
22.202083333333334,69.40208333333334,33.935867
22.202083333333334,69.50208333333333,44.703022
22.202083333333334,69.60208333333333,40.62271
22.202083333333334,69.70208333333333,69.1568
22.202083333333334,69.80208333333333,70.55707
22.202083333333334,69.90208333333334,79.26271
22.202083333333334,70.00208333333333,74.84609
22.202083333333334,70.10208333333333,145.03316
22.202083333333334,70.20208333333333,134.9779
22.202083333333334,70.30208333333333,122.768486
22.202083333333334,70.40208333333334,100.176575
22.202083333333334,70.50208333333333,118.75102
22.202083333333334,70.60208333333333,136.5787
22.202083333333334,70.70208333333333,139.56902
22.202083333333334,70.80208333333333,160.31645
22.202083333333334,70.90208333333334,180.21431
22.202083333333334,71.00208333333333,201.08377
22.202083333333334,71.10208333333333,235.30307
22.202083333333334,71.20208333333333,276.24725
22.202083333333334,71.30208333333333,201.128
22.202083333333334,71.40208333333334,160.48933
22.202083333333334,71.50208333333333,149.99426
22.202083333333334,71.60208333333333,112.47991
22.202083333333334,71.70208333333333,78.13204
22.202083333333334,71.80208333333333,46.060978
22.202083333333334,71.90208333333334,29.128845
22.202083333333334,72.00208333333333,9.735955
22.202083333333334,72.10208333333333,8.555956
22.202083333333334,72.20208333333333,6.9767113
22.202083333333334,72.30208333333333,6.2914224
22.202083333333334,72.40208333333334,-2.0
22.202083333333334,72.50208333333333,-2.0
22.202083333333334,72.60208333333333,10.953067
22.202083333333334,72.70208333333333,-4.0
22.202083333333334,72.80208333333333,7.7341776
22.202083333333334,72.90208333333334,22.827467
22.202083333333334,73.00208333333333,26.300089
22.202083333333334,73.10208333333333,25.633022
22.202083333333334,73.20208333333333,28.340712
22.302083333333332,63.40208333333333,-1856.0
22.302083333333332,63.50208333333333,-1571.0
22.302083333333332,63.60208333333333,-1327.0
22.302083333333332,63.702083333333334,-979.0
22.302083333333332,63.802083333333336,-1494.0
22.302083333333332,63.90208333333333,-2439.0
22.302083333333332,64.00208333333333,-2639.0
22.302083333333332,64.10208333333333,-2701.0
22.302083333333332,64.20208333333333,-2682.0
22.302083333333332,64.30208333333333,-2752.0
22.302083333333332,64.40208333333334,-2750.0
22.302083333333332,64.50208333333333,-2722.0
22.302083333333332,64.60208333333333,-2724.0
22.302083333333332,64.70208333333333,-2730.0
22.302083333333332,64.80208333333333,-2716.0
22.302083333333332,64.90208333333334,-2685.0
22.302083333333332,65.00208333333333,-2515.0
22.302083333333332,65.10208333333333,-2522.0
22.302083333333332,65.20208333333333,-2406.0
22.302083333333332,65.30208333333333,-2378.0
22.302083333333332,65.40208333333334,-2506.0
22.302083333333332,65.50208333333333,-2543.0
22.302083333333332,65.60208333333333,-2555.0
22.302083333333332,65.70208333333333,-2602.0
22.302083333333332,65.80208333333333,-2525.0
22.302083333333332,65.90208333333334,-2447.0
22.302083333333332,66.00208333333333,-2314.0
22.302083333333332,66.10208333333333,-2306.0
22.302083333333332,66.20208333333333,-2135.0
22.302083333333332,66.30208333333333,-2147.0
22.302083333333332,66.40208333333334,-1888.0
22.302083333333332,66.50208333333333,-1744.0
22.302083333333332,66.60208333333333,-1637.0
22.302083333333332,66.70208333333333,-1532.0
22.302083333333332,66.80208333333333,-1496.0
22.302083333333332,66.90208333333334,-1575.0
22.302083333333332,67.00208333333333,-1488.0
22.302083333333332,67.10208333333333,-1607.0
22.302083333333332,67.20208333333333,-1576.0
22.302083333333332,67.30208333333333,-1444.0
22.302083333333332,67.40208333333334,-1159.0
22.302083333333332,67.50208333333333,-209.0
22.302083333333332,67.60208333333333,-104.0
22.302083333333332,67.70208333333333,-112.0
22.302083333333332,67.80208333333333,-101.0
22.302083333333332,67.90208333333334,-99.0
22.302083333333332,68.00208333333333,-153.0
22.302083333333332,68.10208333333333,-90.0
22.302083333333332,68.20208333333333,-68.0
22.302083333333332,68.30208333333333,-62.0
22.302083333333332,68.40208333333334,-50.0
22.302083333333332,68.50208333333333,-43.0
22.302083333333332,68.60208333333333,-27.0
22.302083333333332,68.70208333333333,-27.0
22.302083333333332,68.80208333333333,-31.0
22.302083333333332,68.90208333333334,-30.0
22.302083333333332,69.00208333333333,16.792534
22.302083333333332,69.10208333333333,17.068089
22.302083333333332,69.20208333333333,-1.0
22.302083333333332,69.30208333333333,-1.0
22.302083333333332,69.40208333333334,2.4875112
22.302083333333332,69.50208333333333,7.0930223
22.302083333333332,69.60208333333333,6.674089
22.302083333333332,69.70208333333333,35.928978
22.302083333333332,69.80208333333333,26.600311
22.302083333333332,69.90208333333334,34.69902
22.302083333333332,70.00208333333333,41.99649
22.302083333333332,70.10208333333333,60.43929
22.302083333333332,70.20208333333333,84.15351
22.302083333333332,70.30208333333333,90.762535
22.302083333333332,70.40208333333334,76.21725
22.302083333333332,70.50208333333333,87.400314
22.302083333333332,70.60208333333333,98.027374
22.302083333333332,70.70208333333333,106.13987
22.302083333333332,70.80208333333333,125.83493
22.302083333333332,70.90208333333334,152.40973
22.302083333333332,71.00208333333333,169.19983
22.302083333333332,71.10208333333333,215.33911
22.302083333333332,71.20208333333333,229.11244
22.302083333333332,71.30208333333333,177.53156
22.302083333333332,71.40208333333334,151.08107
22.302083333333332,71.50208333333333,122.0056
22.302083333333332,71.60208333333333,92.40974
22.302083333333332,71.70208333333333,79.19342
22.302083333333332,71.80208333333333,49.351734
22.302083333333332,71.90208333333334,33.68991
22.302083333333332,72.00208333333333,13.085778
22.302083333333332,72.10208333333333,9.638311
22.302083333333332,72.20208333333333,7.6201777
22.302083333333332,72.30208333333333,7.041511
22.302083333333332,72.40208333333334,5.9196887
22.302083333333332,72.50208333333333,6.668267
22.302083333333332,72.60208333333333,7.126
22.302083333333332,72.70208333333333,21.593245
22.302083333333332,72.80208333333333,21.663511
22.302083333333332,72.90208333333334,27.112934
22.302083333333332,73.00208333333333,29.785334
22.302083333333332,73.10208333333333,34.37142
22.302083333333332,73.20208333333333,37.931824
22.402083333333334,63.40208333333333,-1783.0
22.402083333333334,63.50208333333333,-1636.0
22.402083333333334,63.60208333333333,-422.0
22.402083333333334,63.702083333333334,-407.0
22.402083333333334,63.802083333333336,-569.0
22.402083333333334,63.90208333333333,-762.0
22.402083333333334,64.00208333333333,-1759.0
22.402083333333334,64.10208333333333,-2502.0
22.402083333333334,64.20208333333333,-2535.0
22.402083333333334,64.30208333333333,-2514.0
22.402083333333334,64.40208333333334,-2577.0
22.402083333333334,64.50208333333333,-2595.0
22.402083333333334,64.60208333333333,-2576.0
22.402083333333334,64.70208333333333,-2652.0
22.402083333333334,64.80208333333333,-2649.0
22.402083333333334,64.90208333333334,-2612.0
22.402083333333334,65.00208333333333,-2477.0
22.402083333333334,65.10208333333333,-2480.0
22.402083333333334,65.20208333333333,-2454.0
22.402083333333334,65.30208333333333,-2361.0
22.402083333333334,65.40208333333334,-2280.0
22.402083333333334,65.50208333333333,-2281.0
22.402083333333334,65.60208333333333,-2336.0
22.402083333333334,65.70208333333333,-2431.0
22.402083333333334,65.80208333333333,-2477.0
22.402083333333334,65.90208333333334,-2348.0
22.402083333333334,66.00208333333333,-2232.0
22.402083333333334,66.10208333333333,-2030.0
22.402083333333334,66.20208333333333,-1951.0
22.402083333333334,66.30208333333333,-1817.0
22.402083333333334,66.40208333333334,-1649.0
22.402083333333334,66.50208333333333,-1515.0
22.402083333333334,66.60208333333333,-1459.0
22.402083333333334,66.70208333333333,-1422.0
22.402083333333334,66.80208333333333,-1592.0
22.402083333333334,66.90208333333334,-1552.0
22.402083333333334,67.00208333333333,-1596.0
22.402083333333334,67.10208333333333,-1596.0
22.402083333333334,67.20208333333333,-1488.0
22.402083333333334,67.30208333333333,-759.0
22.402083333333334,67.40208333333334,-200.0
22.402083333333334,67.50208333333333,-150.0
22.402083333333334,67.60208333333333,-116.0
22.402083333333334,67.70208333333333,-102.0
22.402083333333334,67.80208333333333,-96.0
22.402083333333334,67.90208333333334,-118.0
22.402083333333334,68.00208333333333,-95.0
22.402083333333334,68.10208333333333,-66.0
22.402083333333334,68.20208333333333,-59.0
22.402083333333334,68.30208333333333,-62.0
22.402083333333334,68.40208333333334,-41.0
22.402083333333334,68.50208333333333,-27.0
22.402083333333334,68.60208333333333,-22.0
22.402083333333334,68.70208333333333,-24.0
22.402083333333334,68.80208333333333,-25.0
22.402083333333334,68.90208333333334,-20.0
22.402083333333334,69.00208333333333,3.322178
22.402083333333334,69.10208333333333,2.284466
22.402083333333334,69.20208333333333,-1.0
22.402083333333334,69.30208333333333,-19.0
22.402083333333334,69.40208333333334,-5.0
22.402083333333334,69.50208333333333,-2.0
22.402083333333334,69.60208333333333,-7.0
22.402083333333334,69.70208333333333,2.4176445
22.402083333333334,69.80208333333333,1.4457333
22.402083333333334,69.90208333333334,20.959911
22.402083333333334,70.00208333333333,23.332666
22.402083333333334,70.10208333333333,24.603777
22.402083333333334,70.20208333333333,44.146667
22.402083333333334,70.30208333333333,57.599865
22.402083333333334,70.40208333333334,52.5
22.402083333333334,70.50208333333333,79.89253
22.402083333333334,70.60208333333333,71.029915
22.402083333333334,70.70208333333333,89.4244
22.402083333333334,70.80208333333333,110.84685
22.402083333333334,70.90208333333334,152.42915
22.402083333333334,71.00208333333333,158.76706
22.402083333333334,71.10208333333333,201.82854
22.402083333333334,71.20208333333333,203.11302
22.402083333333334,71.30208333333333,166.60275
22.402083333333334,71.40208333333334,154.64827
22.402083333333334,71.50208333333333,127.58142
22.402083333333334,71.60208333333333,91.77951
22.402083333333334,71.70208333333333,67.627335
22.402083333333334,71.80208333333333,47.38933
22.402083333333334,71.90208333333334,30.527466
22.402083333333334,72.00208333333333,16.8612
22.402083333333334,72.10208333333333,10.3362665
22.402083333333334,72.20208333333333,8.403422
22.402083333333334,72.30208333333333,7.441911
22.402083333333334,72.40208333333334,8.865955
22.402083333333334,72.50208333333333,10.063111
22.402083333333334,72.60208333333333,13.212755
22.402083333333334,72.70208333333333,21.4288
22.402083333333334,72.80208333333333,27.728355
22.402083333333334,72.90208333333334,31.09111
22.402083333333334,73.00208333333333,36.2984
22.402083333333334,73.10208333333333,30.6616
22.402083333333334,73.20208333333333,42.18089
22.50208333333333,63.40208333333333,-2336.0
22.50208333333333,63.50208333333333,-2344.0
22.50208333333333,63.60208333333333,-2361.0
22.50208333333333,63.702083333333334,-2422.0
22.50208333333333,63.802083333333336,-899.0
22.50208333333333,63.90208333333333,-382.0
22.50208333333333,64.00208333333333,-554.0
22.50208333333333,64.10208333333333,-863.0
22.50208333333333,64.20208333333333,-1533.0
22.50208333333333,64.30208333333333,-2182.0
22.50208333333333,64.40208333333334,-2449.0
22.50208333333333,64.50208333333333,-2494.0
22.50208333333333,64.60208333333333,-2537.0
22.50208333333333,64.70208333333333,-2542.0
22.50208333333333,64.80208333333333,-2634.0
22.50208333333333,64.90208333333334,-2516.0
22.50208333333333,65.00208333333333,-2544.0
22.50208333333333,65.10208333333333,-2385.0
22.50208333333333,65.20208333333333,-2365.0
22.50208333333333,65.30208333333333,-2279.0
22.50208333333333,65.40208333333334,-2189.0
22.50208333333333,65.50208333333333,-2237.0
22.50208333333333,65.60208333333333,-2329.0
22.50208333333333,65.70208333333333,-2224.0
22.50208333333333,65.80208333333333,-2283.0
22.50208333333333,65.90208333333334,-2307.0
22.50208333333333,66.00208333333333,-2065.0
22.50208333333333,66.10208333333333,-1932.0
22.50208333333333,66.20208333333333,-1724.0
22.50208333333333,66.30208333333333,-1679.0
22.50208333333333,66.40208333333334,-1497.0
22.50208333333333,66.50208333333333,-1428.0
22.50208333333333,66.60208333333333,-1411.0
22.50208333333333,66.70208333333333,-1278.0
22.50208333333333,66.80208333333333,-1548.6259
22.50208333333333,66.90208333333334,-1452.0
22.50208333333333,67.00208333333333,-1541.0
22.50208333333333,67.10208333333333,-1480.0
22.50208333333333,67.20208333333333,-1424.0
22.50208333333333,67.30208333333333,-574.0
22.50208333333333,67.40208333333334,-160.0
22.50208333333333,67.50208333333333,-132.0
22.50208333333333,67.60208333333333,-102.0
22.50208333333333,67.70208333333333,-98.0
22.50208333333333,67.80208333333333,-104.0
22.50208333333333,67.90208333333334,-80.0
22.50208333333333,68.00208333333333,-84.0
22.50208333333333,68.10208333333333,-76.0
22.50208333333333,68.20208333333333,-68.0
22.50208333333333,68.30208333333333,-49.0
22.50208333333333,68.40208333333334,-35.0
22.50208333333333,68.50208333333333,-23.0
22.50208333333333,68.60208333333333,-21.0
22.50208333333333,68.70208333333333,-23.0
22.50208333333333,68.80208333333333,-22.0
22.50208333333333,68.90208333333334,-35.0
22.50208333333333,69.00208333333333,-20.0
22.50208333333333,69.10208333333333,-10.0
22.50208333333333,69.20208333333333,-5.0
22.50208333333333,69.30208333333333,-2.0
22.50208333333333,69.40208333333334,-1.0
22.50208333333333,69.50208333333333,-19.0
22.50208333333333,69.60208333333333,-32.0
22.50208333333333,69.70208333333333,-28.0
22.50208333333333,69.80208333333333,0.080689654
22.50208333333333,69.90208333333334,-12.0
22.50208333333333,70.00208333333333,6.8988442
22.50208333333333,70.10208333333333,5.9991555
22.50208333333333,70.20208333333333,16.387644
22.50208333333333,70.30208333333333,31.4632
22.50208333333333,70.40208333333334,42.20631
22.50208333333333,70.50208333333333,61.392624
22.50208333333333,70.60208333333333,54.7068
22.50208333333333,70.70208333333333,86.93978
22.50208333333333,70.80208333333333,96.07231
22.50208333333333,70.90208333333334,116.4424
22.50208333333333,71.00208333333333,111.43449
22.50208333333333,71.10208333333333,131.5052
22.50208333333333,71.20208333333333,173.04213
22.50208333333333,71.30208333333333,154.8156
22.50208333333333,71.40208333333334,147.60315
22.50208333333333,71.50208333333333,112.53862
22.50208333333333,71.60208333333333,88.63813
22.50208333333333,71.70208333333333,73.385864
22.50208333333333,71.80208333333333,43.16538
22.50208333333333,71.90208333333334,25.58689
22.50208333333333,72.00208333333333,13.203111
22.50208333333333,72.10208333333333,10.423111
22.50208333333333,72.20208333333333,8.181822
22.50208333333333,72.30208333333333,9.816177
22.50208333333333,72.40208333333334,8.768622
22.50208333333333,72.50208333333333,15.599733
22.50208333333333,72.60208333333333,17.836666
22.50208333333333,72.70208333333333,24.97631
22.50208333333333,72.80208333333333,29.829733
22.50208333333333,72.90208333333334,36.24351
22.50208333333333,73.00208333333333,42.428757
22.50208333333333,73.10208333333333,33.291245
22.50208333333333,73.20208333333333,41.612446
22.602083333333333,63.40208333333333,-2224.0
22.602083333333333,63.50208333333333,-2291.0
22.602083333333333,63.60208333333333,-2253.0
22.602083333333333,63.702083333333334,-2075.0
22.602083333333333,63.802083333333336,-1776.0
22.602083333333333,63.90208333333333,-507.0
22.602083333333333,64.00208333333333,-387.0
22.602083333333333,64.10208333333333,-1273.0
22.602083333333333,64.20208333333333,-1667.0
22.602083333333333,64.30208333333333,-1998.0
22.602083333333333,64.40208333333334,-2364.0
22.602083333333333,64.50208333333333,-2402.0
22.602083333333333,64.60208333333333,-2334.0
22.602083333333333,64.70208333333333,-2471.0
22.602083333333333,64.80208333333333,-2322.0
22.602083333333333,64.90208333333334,-2429.0
22.602083333333333,65.00208333333333,-2371.0
22.602083333333333,65.10208333333333,-2399.0
22.602083333333333,65.20208333333333,-2366.0
22.602083333333333,65.30208333333333,-2418.0
22.602083333333333,65.40208333333334,-2218.0
22.602083333333333,65.50208333333333,-2144.0
22.602083333333333,65.60208333333333,-2057.0
22.602083333333333,65.70208333333333,-2225.0
22.602083333333333,65.80208333333333,-2188.0
22.602083333333333,65.90208333333334,-2064.0
22.602083333333333,66.00208333333333,-2027.0
22.602083333333333,66.10208333333333,-1936.0
22.602083333333333,66.20208333333333,-1779.0
22.602083333333333,66.30208333333333,-1687.0
22.602083333333333,66.40208333333334,-1557.0
22.602083333333333,66.50208333333333,-1264.0
22.602083333333333,66.60208333333333,-1231.0
22.602083333333333,66.70208333333333,-1492.7861
22.602083333333333,66.80208333333333,-1242.0
22.602083333333333,66.90208333333334,-1260.0
22.602083333333333,67.00208333333333,-1063.0
22.602083333333333,67.10208333333333,-773.0
22.602083333333333,67.20208333333333,-219.0
22.602083333333333,67.30208333333333,-137.0
22.602083333333333,67.40208333333334,-144.0
22.602083333333333,67.50208333333333,-101.0
22.602083333333333,67.60208333333333,-100.0
22.602083333333333,67.70208333333333,-100.0
22.602083333333333,67.80208333333333,-87.0
22.602083333333333,67.90208333333334,-94.0
22.602083333333333,68.00208333333333,-102.0
22.602083333333333,68.10208333333333,-71.0
22.602083333333333,68.20208333333333,-55.0
22.602083333333333,68.30208333333333,-39.0
22.602083333333333,68.40208333333334,-30.0
22.602083333333333,68.50208333333333,-23.0
22.602083333333333,68.60208333333333,-21.0
22.602083333333333,68.70208333333333,-19.0
22.602083333333333,68.80208333333333,-29.0
22.602083333333333,68.90208333333334,-47.0
22.602083333333333,69.00208333333333,-31.0
22.602083333333333,69.10208333333333,-30.0
22.602083333333333,69.20208333333333,-30.0
22.602083333333333,69.30208333333333,-27.0
22.602083333333333,69.40208333333334,-46.0
22.602083333333333,69.50208333333333,-20.0
22.602083333333333,69.60208333333333,-34.0
22.602083333333333,69.70208333333333,-45.0
22.602083333333333,69.80208333333333,-35.0
22.602083333333333,69.90208333333334,-23.0
22.602083333333333,70.00208333333333,-1.0
22.602083333333333,70.10208333333333,-6.0
22.602083333333333,70.20208333333333,3.513365
22.602083333333333,70.30208333333333,18.54511
22.602083333333333,70.40208333333334,26.792133
22.602083333333333,70.50208333333333,51.119556
22.602083333333333,70.60208333333333,42.36911
22.602083333333333,70.70208333333333,67.63467
22.602083333333333,70.80208333333333,82.7128
22.602083333333333,70.90208333333334,100.860664
22.602083333333333,71.00208333333333,88.77333
22.602083333333333,71.10208333333333,105.61938
22.602083333333333,71.20208333333333,140.77005
22.602083333333333,71.30208333333333,147.59538
22.602083333333333,71.40208333333334,118.04875
22.602083333333333,71.50208333333333,115.768936
22.602083333333333,71.60208333333333,89.73564
22.602083333333333,71.70208333333333,64.53462
22.602083333333333,71.80208333333333,45.998623
22.602083333333333,71.90208333333334,27.79191
22.602083333333333,72.00208333333333,13.016178
22.602083333333333,72.10208333333333,9.543244
22.602083333333333,72.20208333333333,10.266623
22.602083333333333,72.30208333333333,12.067378
22.602083333333333,72.40208333333334,12.9844
22.602083333333333,72.50208333333333,14.625378
22.602083333333333,72.60208333333333,16.325823
22.602083333333333,72.70208333333333,26.811022
22.602083333333333,72.80208333333333,33.307335
22.602083333333333,72.90208333333334,37.07542
22.602083333333333,73.00208333333333,45.8856
22.602083333333333,73.10208333333333,48.541466
22.602083333333333,73.20208333333333,49.63591
22.702083333333334,63.40208333333333,-2889.0
22.702083333333334,63.50208333333333,-1912.0
22.702083333333334,63.60208333333333,-2226.0
22.702083333333334,63.702083333333334,-2222.0
22.702083333333334,63.802083333333336,-2174.0
22.702083333333334,63.90208333333333,-2120.0
22.702083333333334,64.00208333333333,-454.0
22.702083333333334,64.10208333333333,-307.0
22.702083333333334,64.20208333333333,-1061.0
22.702083333333334,64.30208333333333,-1992.0
22.702083333333334,64.40208333333334,-1861.0
22.702083333333334,64.50208333333333,-2230.0
22.702083333333334,64.60208333333333,-2319.0
22.702083333333334,64.70208333333333,-2321.0
22.702083333333334,64.80208333333333,-2340.0
22.702083333333334,64.90208333333334,-2299.0
22.702083333333334,65.00208333333333,-2470.0
22.702083333333334,65.10208333333333,-2331.0
22.702083333333334,65.20208333333333,-2396.0
22.702083333333334,65.30208333333333,-2314.0
22.702083333333334,65.40208333333334,-2268.0
22.702083333333334,65.50208333333333,-2096.0
22.702083333333334,65.60208333333333,-2015.0
22.702083333333334,65.70208333333333,-2003.0
22.702083333333334,65.80208333333333,-1998.0
22.702083333333334,65.90208333333334,-2080.0
22.702083333333334,66.00208333333333,-2042.0
22.702083333333334,66.10208333333333,-1920.0
22.702083333333334,66.20208333333333,-1818.0
22.702083333333334,66.30208333333333,-1766.0
22.702083333333334,66.40208333333334,-1527.0
22.702083333333334,66.50208333333333,-1302.0
22.702083333333334,66.60208333333333,-1209.0
22.702083333333334,66.70208333333333,-1397.5139
22.702083333333334,66.80208333333333,-1120.0
22.702083333333334,66.90208333333334,-1250.0
22.702083333333334,67.00208333333333,-1021.0
22.702083333333334,67.10208333333333,-298.436
22.702083333333334,67.20208333333333,-146.0
22.702083333333334,67.30208333333333,-124.0
22.702083333333334,67.40208333333334,-111.0
22.702083333333334,67.50208333333333,-101.0
22.702083333333334,67.60208333333333,-94.0
22.702083333333334,67.70208333333333,-99.0
22.702083333333334,67.80208333333333,-99.0
22.702083333333334,67.90208333333334,-107.0
22.702083333333334,68.00208333333333,-74.0
22.702083333333334,68.10208333333333,-56.0
22.702083333333334,68.20208333333333,-45.0
22.702083333333334,68.30208333333333,-36.0
22.702083333333334,68.40208333333334,-26.0
22.702083333333334,68.50208333333333,-20.0
22.702083333333334,68.60208333333333,-21.0
22.702083333333334,68.70208333333333,-20.0
22.702083333333334,68.80208333333333,-23.0
22.702083333333334,68.90208333333334,-26.0
22.702083333333334,69.00208333333333,-32.0
22.702083333333334,69.10208333333333,-39.0
22.702083333333334,69.20208333333333,-50.0
22.702083333333334,69.30208333333333,-10.0
22.702083333333334,69.40208333333334,-30.0
22.702083333333334,69.50208333333333,-30.0
22.702083333333334,69.60208333333333,-16.0
22.702083333333334,69.70208333333333,-21.0
22.702083333333334,69.80208333333333,-31.0
22.702083333333334,69.90208333333334,-37.0
22.702083333333334,70.00208333333333,-24.0
22.702083333333334,70.10208333333333,-14.0
22.702083333333334,70.20208333333333,-4.0
22.702083333333334,70.30208333333333,7.7762666
22.702083333333334,70.40208333333334,10.890489
22.702083333333334,70.50208333333333,18.709244
22.702083333333334,70.60208333333333,29.946222
22.702083333333334,70.70208333333333,47.2372
22.702083333333334,70.80208333333333,75.6276
22.702083333333334,70.90208333333334,62.939957
22.702083333333334,71.00208333333333,82.59907
22.702083333333334,71.10208333333333,116.181335
22.702083333333334,71.20208333333333,110.994934
22.702083333333334,71.30208333333333,130.97116
22.702083333333334,71.40208333333334,112.29938
22.702083333333334,71.50208333333333,94.07231
22.702083333333334,71.60208333333333,76.377556
22.702083333333334,71.70208333333333,58.568623
22.702083333333334,71.80208333333333,40.04218
22.702083333333334,71.90208333333334,23.891644
22.702083333333334,72.00208333333333,11.728089
22.702083333333334,72.10208333333333,10.2708
22.702083333333334,72.20208333333333,11.708266
22.702083333333334,72.30208333333333,16.1984
22.702083333333334,72.40208333333334,17.428177
22.702083333333334,72.50208333333333,17.902666
22.702083333333334,72.60208333333333,19.368845
22.702083333333334,72.70208333333333,26.4628
22.702083333333334,72.80208333333333,31.888756
22.702083333333334,72.90208333333334,39.3496
22.702083333333334,73.00208333333333,45.975113
22.702083333333334,73.10208333333333,50.628757
22.702083333333334,73.20208333333333,58.408535
22.802083333333332,63.40208333333333,-4038.0
22.802083333333332,63.50208333333333,-2570.0
22.802083333333332,63.60208333333333,-2302.0
22.802083333333332,63.702083333333334,-2037.0
22.802083333333332,63.802083333333336,-2028.0
22.802083333333332,63.90208333333333,-2011.0
22.802083333333332,64.00208333333333,-1969.0
22.802083333333332,64.10208333333333,-609.0
22.802083333333332,64.20208333333333,-1004.0
22.802083333333332,64.30208333333333,-1944.0
22.802083333333332,64.40208333333334,-1978.0
22.802083333333332,64.50208333333333,-1941.0
22.802083333333332,64.60208333333333,-2133.0
22.802083333333332,64.70208333333333,-2062.0
22.802083333333332,64.80208333333333,-2089.0
22.802083333333332,64.90208333333334,-2108.0
22.802083333333332,65.00208333333333,-2238.0
22.802083333333332,65.10208333333333,-2197.0
22.802083333333332,65.20208333333333,-2121.0
22.802083333333332,65.30208333333333,-2131.0
22.802083333333332,65.40208333333334,-2116.0
22.802083333333332,65.50208333333333,-2040.0
22.802083333333332,65.60208333333333,-2047.0
22.802083333333332,65.70208333333333,-1939.0
22.802083333333332,65.80208333333333,-1939.0
22.802083333333332,65.90208333333334,-1920.0
22.802083333333332,66.00208333333333,-1875.0
22.802083333333332,66.10208333333333,-1968.0
22.802083333333332,66.20208333333333,-1886.0
22.802083333333332,66.30208333333333,-1743.0
22.802083333333332,66.40208333333334,-1641.0
22.802083333333332,66.50208333333333,-1301.0
22.802083333333332,66.60208333333333,-1057.0
22.802083333333332,66.70208333333333,-1279.4451
22.802083333333332,66.80208333333333,-1051.0
22.802083333333332,66.90208333333334,-684.0
22.802083333333332,67.00208333333333,-344.0
22.802083333333332,67.10208333333333,-116.0
22.802083333333332,67.20208333333333,-116.0
22.802083333333332,67.30208333333333,-101.0
22.802083333333332,67.40208333333334,-101.0
22.802083333333332,67.50208333333333,-85.0
22.802083333333332,67.60208333333333,-56.0
22.802083333333332,67.70208333333333,-51.0
22.802083333333332,67.80208333333333,-58.0
22.802083333333332,67.90208333333334,-50.0
22.802083333333332,68.00208333333333,-49.0
22.802083333333332,68.10208333333333,-42.0
22.802083333333332,68.20208333333333,-36.0
22.802083333333332,68.30208333333333,-30.0
22.802083333333332,68.40208333333334,-22.0
22.802083333333332,68.50208333333333,-19.0
22.802083333333332,68.60208333333333,-17.0
22.802083333333332,68.70208333333333,-18.0
22.802083333333332,68.80208333333333,-19.0
22.802083333333332,68.90208333333334,-18.0
22.802083333333332,69.00208333333333,-17.0
22.802083333333332,69.10208333333333,-19.0
22.802083333333332,69.20208333333333,-10.0
22.802083333333332,69.30208333333333,-7.0
22.802083333333332,69.40208333333334,1.0
22.802083333333332,69.50208333333333,2.498311
22.802083333333332,69.60208333333333,5.313956
22.802083333333332,69.70208333333333,4.6976
22.802083333333332,69.80208333333333,-7.0
22.802083333333332,69.90208333333334,-11.0
22.802083333333332,70.00208333333333,-18.0
22.802083333333332,70.10208333333333,-12.0
22.802083333333332,70.20208333333333,-7.0
22.802083333333332,70.30208333333333,-9.0
22.802083333333332,70.40208333333334,3.4754221
22.802083333333332,70.50208333333333,11.653067
22.802083333333332,70.60208333333333,20.25711
22.802083333333332,70.70208333333333,36.4404
22.802083333333332,70.80208333333333,46.89409
22.802083333333332,70.90208333333334,79.03876
22.802083333333332,71.00208333333333,100.0924
22.802083333333332,71.10208333333333,89.90142
22.802083333333332,71.20208333333333,84.00947
22.802083333333332,71.30208333333333,102.52391
22.802083333333332,71.40208333333334,108.44795
22.802083333333332,71.50208333333333,96.8716
22.802083333333332,71.60208333333333,77.571335
22.802083333333332,71.70208333333333,60.54649
22.802083333333332,71.80208333333333,40.524532
22.802083333333332,71.90208333333334,22.155111
22.802083333333332,72.00208333333333,9.805555
22.802083333333332,72.10208333333333,13.039955
22.802083333333332,72.20208333333333,21.652845
22.802083333333332,72.30208333333333,18.361689
22.802083333333332,72.40208333333334,23.06169
22.802083333333332,72.50208333333333,23.949467
22.802083333333332,72.60208333333333,24.731644
22.802083333333332,72.70208333333333,31.567822
22.802083333333332,72.80208333333333,32.252754
22.802083333333332,72.90208333333334,39.14858
22.802083333333332,73.00208333333333,43.88907
22.802083333333332,73.10208333333333,54.405735
22.802083333333332,73.20208333333333,59.448265
22.902083333333334,63.40208333333333,-3931.0
22.902083333333334,63.50208333333333,-3950.0
22.902083333333334,63.60208333333333,-2000.0
22.902083333333334,63.702083333333334,-2168.0
22.902083333333334,63.802083333333336,-1403.0
22.902083333333334,63.90208333333333,-1675.0
22.902083333333334,64.00208333333333,-2054.0
22.902083333333334,64.10208333333333,-1964.0
22.902083333333334,64.20208333333333,-2003.0
22.902083333333334,64.30208333333333,-2174.0
22.902083333333334,64.40208333333334,-2161.0
22.902083333333334,64.50208333333333,-2114.0
22.902083333333334,64.60208333333333,-2057.0
22.902083333333334,64.70208333333333,-1574.0
22.902083333333334,64.80208333333333,-2000.0
22.902083333333334,64.90208333333334,-2013.0
22.902083333333334,65.00208333333333,-2000.0
22.902083333333334,65.10208333333333,-2085.0
22.902083333333334,65.20208333333333,-2003.0
22.902083333333334,65.30208333333333,-2023.0
22.902083333333334,65.40208333333334,-2013.0
22.902083333333334,65.50208333333333,-2012.0
22.902083333333334,65.60208333333333,-1935.0
22.902083333333334,65.70208333333333,-1842.0
22.902083333333334,65.80208333333333,-1847.0
22.902083333333334,65.90208333333334,-1863.0
22.902083333333334,66.00208333333333,-1882.0
22.902083333333334,66.10208333333333,-1847.0
22.902083333333334,66.20208333333333,-1818.0
22.902083333333334,66.30208333333333,-1645.0
22.902083333333334,66.40208333333334,-1419.0
22.902083333333334,66.50208333333333,-1290.0
22.902083333333334,66.60208333333333,-970.0
22.902083333333334,66.70208333333333,-1011.0
22.902083333333334,66.80208333333333,-887.76587
22.902083333333334,66.90208333333334,-394.0
22.902083333333334,67.00208333333333,-201.0
22.902083333333334,67.10208333333333,-141.0
22.902083333333334,67.20208333333333,-100.0
22.902083333333334,67.30208333333333,-105.0
22.902083333333334,67.40208333333334,-59.0
22.902083333333334,67.50208333333333,-40.0
22.902083333333334,67.60208333333333,-45.0
22.902083333333334,67.70208333333333,-31.0
22.902083333333334,67.80208333333333,-35.0
22.902083333333334,67.90208333333334,-31.0
22.902083333333334,68.00208333333333,-31.0
22.902083333333334,68.10208333333333,-30.0
22.902083333333334,68.20208333333333,-29.0
22.902083333333334,68.30208333333333,-24.0
22.902083333333334,68.40208333333334,-20.0
22.902083333333334,68.50208333333333,-16.0
22.902083333333334,68.60208333333333,-15.0
22.902083333333334,68.70208333333333,-16.0
22.902083333333334,68.80208333333333,-16.0
22.902083333333334,68.90208333333334,-14.0
22.902083333333334,69.00208333333333,-13.0
22.902083333333334,69.10208333333333,2.6533778
22.902083333333334,69.20208333333333,16.801155
22.902083333333334,69.30208333333333,26.446667
22.902083333333334,69.40208333333334,30.137066
22.902083333333334,69.50208333333333,37.000668
22.902083333333334,69.60208333333333,38.029243
22.902083333333334,69.70208333333333,36.49089
22.902083333333334,69.80208333333333,22.48151
22.902083333333334,69.90208333333334,7.5122223
22.902083333333334,70.00208333333333,-1.0
22.902083333333334,70.10208333333333,-2.0
22.902083333333334,70.20208333333333,-3.0
22.902083333333334,70.30208333333333,-5.0
22.902083333333334,70.40208333333334,2.8855555
22.902083333333334,70.50208333333333,3.1459556
22.902083333333334,70.60208333333333,13.2392
22.902083333333334,70.70208333333333,27.480444
22.902083333333334,70.80208333333333,29.310266
22.902083333333334,70.90208333333334,48.973732
22.902083333333334,71.00208333333333,64.58542
22.902083333333334,71.10208333333333,65.812935
22.902083333333334,71.20208333333333,75.8936
22.902083333333334,71.30208333333333,69.228714
22.902083333333334,71.40208333333334,75.726715
22.902083333333334,71.50208333333333,81.35413
22.902083333333334,71.60208333333333,60.493732
22.902083333333334,71.70208333333333,52.177113
22.902083333333334,71.80208333333333,36.034935
22.902083333333334,71.90208333333334,17.6572
22.902083333333334,72.00208333333333,16.047466
22.902083333333334,72.10208333333333,18.950089
22.902083333333334,72.20208333333333,19.693333
22.902083333333334,72.30208333333333,21.556711
22.902083333333334,72.40208333333334,27.023378
22.902083333333334,72.50208333333333,27.723156
22.902083333333334,72.60208333333333,36.25631
22.902083333333334,72.70208333333333,38.580845
22.902083333333334,72.80208333333333,41.26462
22.902083333333334,72.90208333333334,49.282978
22.902083333333334,73.00208333333333,52.811066
22.902083333333334,73.10208333333333,67.47102
22.902083333333334,73.20208333333333,73.252174
23.00208333333333,63.40208333333333,-3033.0
23.00208333333333,63.50208333333333,-3251.0
23.00208333333333,63.60208333333333,-4089.0
23.00208333333333,63.702083333333334,-3223.0
23.00208333333333,63.802083333333336,-423.0
23.00208333333333,63.90208333333333,-410.0
23.00208333333333,64.00208333333333,-1816.0
23.00208333333333,64.10208333333333,-1952.0
23.00208333333333,64.20208333333333,-2152.0
23.00208333333333,64.30208333333333,-2343.0
23.00208333333333,64.40208333333334,-2258.0
23.00208333333333,64.50208333333333,-1880.0
23.00208333333333,64.60208333333333,-1755.0
23.00208333333333,64.70208333333333,-1724.0
23.00208333333333,64.80208333333333,-1946.0
23.00208333333333,64.90208333333334,-1710.0
23.00208333333333,65.00208333333333,-1664.0
23.00208333333333,65.10208333333333,-1873.0
23.00208333333333,65.20208333333333,-1831.0
23.00208333333333,65.30208333333333,-1924.0
23.00208333333333,65.40208333333334,-1974.0
23.00208333333333,65.50208333333333,-1959.0
23.00208333333333,65.60208333333333,-1914.0
23.00208333333333,65.70208333333333,-1796.0
23.00208333333333,65.80208333333333,-1690.0
23.00208333333333,65.90208333333334,-1801.0
23.00208333333333,66.00208333333333,-1839.0
23.00208333333333,66.10208333333333,-1719.0
23.00208333333333,66.20208333333333,-1698.0
23.00208333333333,66.30208333333333,-1573.0
23.00208333333333,66.40208333333334,-1226.0
23.00208333333333,66.50208333333333,-1082.0
23.00208333333333,66.60208333333333,-925.0
23.00208333333333,66.70208333333333,-721.364
23.00208333333333,66.80208333333333,-1304.4675
23.00208333333333,66.90208333333334,-545.0
23.00208333333333,67.00208333333333,-164.0
23.00208333333333,67.10208333333333,-129.0
23.00208333333333,67.20208333333333,-108.0
23.00208333333333,67.30208333333333,-62.0
23.00208333333333,67.40208333333334,-40.0
23.00208333333333,67.50208333333333,-29.0
23.00208333333333,67.60208333333333,-81.0
23.00208333333333,67.70208333333333,-61.0
23.00208333333333,67.80208333333333,-82.0
23.00208333333333,67.90208333333334,-83.0
23.00208333333333,68.00208333333333,-68.0
23.00208333333333,68.10208333333333,-30.0
23.00208333333333,68.20208333333333,-23.0
23.00208333333333,68.30208333333333,-20.0
23.00208333333333,68.40208333333334,-11.0
23.00208333333333,68.50208333333333,-13.0
23.00208333333333,68.60208333333333,-15.0
23.00208333333333,68.70208333333333,-12.0
23.00208333333333,68.80208333333333,-11.0
23.00208333333333,68.90208333333334,-4.0
23.00208333333333,69.00208333333333,13.436133
23.00208333333333,69.10208333333333,29.177511
23.00208333333333,69.20208333333333,51.500313
23.00208333333333,69.30208333333333,59.301643
23.00208333333333,69.40208333333334,72.905334
23.00208333333333,69.50208333333333,76.767426
23.00208333333333,69.60208333333333,69.47013
23.00208333333333,69.70208333333333,75.2964
23.00208333333333,69.80208333333333,61.690357
23.00208333333333,69.90208333333334,51.64809
23.00208333333333,70.00208333333333,31.741777
23.00208333333333,70.10208333333333,10.744223
23.00208333333333,70.20208333333333,2.881705
23.00208333333333,70.30208333333333,3.0766666
23.00208333333333,70.40208333333334,10.0
23.00208333333333,70.50208333333333,2.6985333
23.00208333333333,70.60208333333333,8.885422
23.00208333333333,70.70208333333333,16.407022
23.00208333333333,70.80208333333333,22.3492
23.00208333333333,70.90208333333334,27.920267
23.00208333333333,71.00208333333333,39.216713
23.00208333333333,71.10208333333333,39.291733
23.00208333333333,71.20208333333333,50.115112
23.00208333333333,71.30208333333333,61.146935
23.00208333333333,71.40208333333334,57.8424
23.00208333333333,71.50208333333333,46.22271
23.00208333333333,71.60208333333333,41.67458
23.00208333333333,71.70208333333333,42.129776
23.00208333333333,71.80208333333333,29.18431
23.00208333333333,71.90208333333334,15.886312
23.00208333333333,72.00208333333333,19.670979
23.00208333333333,72.10208333333333,22.609423
23.00208333333333,72.20208333333333,26.738445
23.00208333333333,72.30208333333333,29.98591
23.00208333333333,72.40208333333334,41.0764
23.00208333333333,72.50208333333333,42.37249
23.00208333333333,72.60208333333333,47.674488
23.00208333333333,72.70208333333333,48.571335
23.00208333333333,72.80208333333333,49.473022
23.00208333333333,72.90208333333334,61.175022
23.00208333333333,73.00208333333333,71.10409
23.00208333333333,73.10208333333333,74.62875
23.00208333333333,73.20208333333333,98.18271
23.102083333333333,63.40208333333333,-2882.0
23.102083333333333,63.50208333333333,-2941.0
23.102083333333333,63.60208333333333,-3274.0
23.102083333333333,63.702083333333334,-3735.0
23.102083333333333,63.802083333333336,-2893.0
23.102083333333333,63.90208333333333,-2170.0
23.102083333333333,64.00208333333333,-1942.0
23.102083333333333,64.10208333333333,-2000.0
23.102083333333333,64.20208333333333,-3139.0
23.102083333333333,64.30208333333333,-3276.0
23.102083333333333,64.40208333333334,-3039.0
23.102083333333333,64.50208333333333,-2888.0
23.102083333333333,64.60208333333333,-2875.0
23.102083333333333,64.70208333333333,-2534.0
23.102083333333333,64.80208333333333,-2530.0
23.102083333333333,64.90208333333334,-1815.0
23.102083333333333,65.00208333333333,-1640.0
23.102083333333333,65.10208333333333,-1704.0
23.102083333333333,65.20208333333333,-1863.0
23.102083333333333,65.30208333333333,-1789.0
23.102083333333333,65.40208333333334,-1736.0
23.102083333333333,65.50208333333333,-1939.0
23.102083333333333,65.60208333333333,-1834.0
23.102083333333333,65.70208333333333,-1695.0
23.102083333333333,65.80208333333333,-1531.0
23.102083333333333,65.90208333333334,-1601.0
23.102083333333333,66.00208333333333,-1725.0
23.102083333333333,66.10208333333333,-1592.0
23.102083333333333,66.20208333333333,-1486.0
23.102083333333333,66.30208333333333,-1259.0
23.102083333333333,66.40208333333334,-1014.0
23.102083333333333,66.50208333333333,-771.0
23.102083333333333,66.60208333333333,-416.0
23.102083333333333,66.70208333333333,-329.0
23.102083333333333,66.80208333333333,-208.0
23.102083333333333,66.90208333333334,-334.0
23.102083333333333,67.00208333333333,-1065.5872
23.102083333333333,67.10208333333333,-143.0
23.102083333333333,67.20208333333333,-109.0
23.102083333333333,67.30208333333333,-52.0
23.102083333333333,67.40208333333334,-35.0
23.102083333333333,67.50208333333333,-30.0
23.102083333333333,67.60208333333333,-67.0
23.102083333333333,67.70208333333333,-61.0
23.102083333333333,67.80208333333333,-87.0
23.102083333333333,67.90208333333334,-68.0
23.102083333333333,68.00208333333333,-61.0
23.102083333333333,68.10208333333333,-23.0
23.102083333333333,68.20208333333333,-20.0
23.102083333333333,68.30208333333333,-16.0
23.102083333333333,68.40208333333334,-13.0
23.102083333333333,68.50208333333333,-11.0
23.102083333333333,68.60208333333333,-10.0
23.102083333333333,68.70208333333333,-5.0
23.102083333333333,68.80208333333333,6.420889
23.102083333333333,68.90208333333334,23.758223
23.102083333333333,69.00208333333333,43.917244
23.102083333333333,69.10208333333333,71.97115
23.102083333333333,69.20208333333333,140.30782
23.102083333333333,69.30208333333333,132.76382
23.102083333333333,69.40208333333334,135.46649
23.102083333333333,69.50208333333333,172.04204
23.102083333333333,69.60208333333333,137.68933
23.102083333333333,69.70208333333333,198.28409
23.102083333333333,69.80208333333333,131.02733
23.102083333333333,69.90208333333334,97.0656
23.102083333333333,70.00208333333333,71.72662
23.102083333333333,70.10208333333333,26.439066
23.102083333333333,70.20208333333333,3.0937777
23.102083333333333,70.30208333333333,2.9101155
23.102083333333333,70.40208333333334,2.6877778
23.102083333333333,70.50208333333333,2.0
23.102083333333333,70.60208333333333,4.0
23.102083333333333,70.70208333333333,5.0024443
23.102083333333333,70.80208333333333,4.971911
23.102083333333333,70.90208333333334,6.3275113
23.102083333333333,71.00208333333333,16.017866
23.102083333333333,71.10208333333333,16.2824
23.102083333333333,71.20208333333333,14.328267
23.102083333333333,71.30208333333333,21.6304
23.102083333333333,71.40208333333334,19.027067
23.102083333333333,71.50208333333333,18.353067
23.102083333333333,71.60208333333333,11.440711
23.102083333333333,71.70208333333333,12.096311
23.102083333333333,71.80208333333333,9.291734
23.102083333333333,71.90208333333334,18.048845
23.102083333333333,72.00208333333333,25.178
23.102083333333333,72.10208333333333,28.075155
23.102083333333333,72.20208333333333,34.56049
23.102083333333333,72.30208333333333,41.4704
23.102083333333333,72.40208333333334,47.646755
23.102083333333333,72.50208333333333,53.286446
23.102083333333333,72.60208333333333,59.096043
23.102083333333333,72.70208333333333,62.6576
23.102083333333333,72.80208333333333,65.45267
23.102083333333333,72.90208333333334,71.78835
23.102083333333333,73.00208333333333,82.59715
23.102083333333333,73.10208333333333,81.98951
23.102083333333333,73.20208333333333,102.234314
23.202083333333334,63.40208333333333,-2663.0
23.202083333333334,63.50208333333333,-2639.0
23.202083333333334,63.60208333333333,-2368.0
23.202083333333334,63.702083333333334,-2087.0
23.202083333333334,63.802083333333336,-2269.0
23.202083333333334,63.90208333333333,-2753.0
23.202083333333334,64.00208333333333,-2866.0
23.202083333333334,64.10208333333333,-3349.0
23.202083333333334,64.20208333333333,-3448.0
23.202083333333334,64.30208333333333,-3636.0
23.202083333333334,64.40208333333334,-3264.0
23.202083333333334,64.50208333333333,-2974.0
23.202083333333334,64.60208333333333,-2926.0
23.202083333333334,64.70208333333333,-3130.0
23.202083333333334,64.80208333333333,-2974.0
23.202083333333334,64.90208333333334,-3123.0
23.202083333333334,65.00208333333333,-1680.0
23.202083333333334,65.10208333333333,-1641.0
23.202083333333334,65.20208333333333,-1711.0
23.202083333333334,65.30208333333333,-1651.0
23.202083333333334,65.40208333333334,-1523.0
23.202083333333334,65.50208333333333,-1642.0
23.202083333333334,65.60208333333333,-1601.0
23.202083333333334,65.70208333333333,-1571.0
23.202083333333334,65.80208333333333,-1525.0
23.202083333333334,65.90208333333334,-1469.0
23.202083333333334,66.00208333333333,-1457.0
23.202083333333334,66.10208333333333,-1415.0
23.202083333333334,66.20208333333333,-1281.0
23.202083333333334,66.30208333333333,-1074.0
23.202083333333334,66.40208333333334,-519.0
23.202083333333334,66.50208333333333,-374.0
23.202083333333334,66.60208333333333,-288.0
23.202083333333334,66.70208333333333,-187.0
23.202083333333334,66.80208333333333,-123.0
23.202083333333334,66.90208333333334,-134.0
23.202083333333334,67.00208333333333,-138.0
23.202083333333334,67.10208333333333,-200.0
23.202083333333334,67.20208333333333,-742.0
23.202083333333334,67.30208333333333,-40.0
23.202083333333334,67.40208333333334,-28.0
23.202083333333334,67.50208333333333,-27.0
23.202083333333334,67.60208333333333,-27.0
23.202083333333334,67.70208333333333,-25.0
23.202083333333334,67.80208333333333,-26.0
23.202083333333334,67.90208333333334,-24.0
23.202083333333334,68.00208333333333,-22.0
23.202083333333334,68.10208333333333,-19.0
23.202083333333334,68.20208333333333,-17.0
23.202083333333334,68.30208333333333,-13.0
23.202083333333334,68.40208333333334,-11.0
23.202083333333334,68.50208333333333,-8.0
23.202083333333334,68.60208333333333,-1.0
23.202083333333334,68.70208333333333,6.8349333
23.202083333333334,68.80208333333333,18.586044
23.202083333333334,68.90208333333334,34.456177
23.202083333333334,69.00208333333333,53.68022
23.202083333333334,69.10208333333333,87.09671
23.202083333333334,69.20208333333333,125.90236
23.202083333333334,69.30208333333333,181.12057
23.202083333333334,69.40208333333334,183.00414
23.202083333333334,69.50208333333333,177.89386
23.202083333333334,69.60208333333333,122.50711
23.202083333333334,69.70208333333333,128.79929
23.202083333333334,69.80208333333333,140.09457
23.202083333333334,69.90208333333334,112.9432
23.202083333333334,70.00208333333333,81.1748
23.202083333333334,70.10208333333333,46.466312
23.202083333333334,70.20208333333333,21.024666
23.202083333333334,70.30208333333333,2.6384888
23.202083333333334,70.40208333333334,2.0409334
23.202083333333334,70.50208333333333,9.5471115
23.202083333333334,70.60208333333333,9.775066
23.202083333333334,70.70208333333333,2.1324444
23.202083333333334,70.80208333333333,1.5
23.202083333333334,70.90208333333334,1.5
23.202083333333334,71.00208333333333,1.5
23.202083333333334,71.10208333333333,8.758577
23.202083333333334,71.20208333333333,1.5
23.202083333333334,71.30208333333333,3.7947555
23.202083333333334,71.40208333333334,1.6259111
23.202083333333334,71.50208333333333,3.3284445
23.202083333333334,71.60208333333333,1.7056445
23.202083333333334,71.70208333333333,10.764755
23.202083333333334,71.80208333333333,12.893644
23.202083333333334,71.90208333333334,21.650978
23.202083333333334,72.00208333333333,27.2196
23.202083333333334,72.10208333333333,33.92013
23.202083333333334,72.20208333333333,41.254932
23.202083333333334,72.30208333333333,48.53382
23.202083333333334,72.40208333333334,66.964485
23.202083333333334,72.50208333333333,62.560577
23.202083333333334,72.60208333333333,69.75658
23.202083333333334,72.70208333333333,74.496
23.202083333333334,72.80208333333333,80.244576
23.202083333333334,72.90208333333334,83.77773
23.202083333333334,73.00208333333333,92.16031
23.202083333333334,73.10208333333333,91.449776
23.202083333333334,73.20208333333333,99.1568
23.302083333333336,63.40208333333333,-2542.0
23.302083333333336,63.50208333333333,-2473.0
23.302083333333336,63.60208333333333,-2001.0
23.302083333333336,63.702083333333334,-1739.0
23.302083333333336,63.802083333333336,-1860.0
23.302083333333336,63.90208333333333,-2043.0
23.302083333333336,64.00208333333333,-3259.0
23.302083333333336,64.10208333333333,-3000.0
23.302083333333336,64.20208333333333,-3342.0
23.302083333333336,64.30208333333333,-3214.0
23.302083333333336,64.40208333333334,-3415.0
23.302083333333336,64.50208333333333,-2915.0
23.302083333333336,64.60208333333333,-3155.0
23.302083333333336,64.70208333333333,-3118.0
23.302083333333336,64.80208333333333,-3226.0
23.302083333333336,64.90208333333334,-3265.0
23.302083333333336,65.00208333333333,-2469.0
23.302083333333336,65.10208333333333,-1454.0
23.302083333333336,65.20208333333333,-1430.0
23.302083333333336,65.30208333333333,-1407.0
23.302083333333336,65.40208333333334,-1501.0
23.302083333333336,65.50208333333333,-1426.0
23.302083333333336,65.60208333333333,-1608.0
23.302083333333336,65.70208333333333,-1536.0
23.302083333333336,65.80208333333333,-1425.0
23.302083333333336,65.90208333333334,-1344.0
23.302083333333336,66.00208333333333,-1322.0
23.302083333333336,66.10208333333333,-1289.0
23.302083333333336,66.20208333333333,-1151.0
23.302083333333336,66.30208333333333,-620.0
23.302083333333336,66.40208333333334,-393.0
23.302083333333336,66.50208333333333,-285.0
23.302083333333336,66.60208333333333,-193.0
23.302083333333336,66.70208333333333,-137.0
23.302083333333336,66.80208333333333,-127.0
23.302083333333336,66.90208333333334,-117.0
23.302083333333336,67.00208333333333,-106.0
23.302083333333336,67.10208333333333,-98.0
23.302083333333336,67.20208333333333,-338.0
23.302083333333336,67.30208333333333,-476.0
23.302083333333336,67.40208333333334,-31.0
23.302083333333336,67.50208333333333,-25.0
23.302083333333336,67.60208333333333,-25.0
23.302083333333336,67.70208333333333,-23.0
23.302083333333336,67.80208333333333,-22.0
23.302083333333336,67.90208333333334,-21.0
23.302083333333336,68.00208333333333,-20.0
23.302083333333336,68.10208333333333,-17.0
23.302083333333336,68.20208333333333,-14.0
23.302083333333336,68.30208333333333,-5.0
23.302083333333336,68.40208333333334,-5.0
23.302083333333336,68.50208333333333,-2.0
23.302083333333336,68.60208333333333,1.3116444
23.302083333333336,68.70208333333333,3.1110222
23.302083333333336,68.80208333333333,17.16151
23.302083333333336,68.90208333333334,34.824577
23.302083333333336,69.00208333333333,60.877243
23.302083333333336,69.10208333333333,92.57551
23.302083333333336,69.20208333333333,223.32552
23.302083333333336,69.30208333333333,173.00288
23.302083333333336,69.40208333333334,136.34232
23.302083333333336,69.50208333333333,132.87302
23.302083333333336,69.60208333333333,180.99152
23.302083333333336,69.70208333333333,70.49449
23.302083333333336,69.80208333333333,119.57222
23.302083333333336,69.90208333333334,113.77284
23.302083333333336,70.00208333333333,73.02822
23.302083333333336,70.10208333333333,45.077377
23.302083333333336,70.20208333333333,64.7504
23.302083333333336,70.30208333333333,58.06111
23.302083333333336,70.40208333333334,24.982355
23.302083333333336,70.50208333333333,38.148666
23.302083333333336,70.60208333333333,43.513733
23.302083333333336,70.70208333333333,24.047333
23.302083333333336,70.80208333333333,11.208622
23.302083333333336,70.90208333333334,2.2484
23.302083333333336,71.00208333333333,1.5
23.302083333333336,71.10208333333333,1.5
23.302083333333336,71.20208333333333,1.5
23.302083333333336,71.30208333333333,1.5
23.302083333333336,71.40208333333334,1.5
23.302083333333336,71.50208333333333,2.5139112
23.302083333333336,71.60208333333333,16.35409
23.302083333333336,71.70208333333333,12.663244
23.302083333333336,71.80208333333333,24.12911
23.302083333333336,71.90208333333334,25.925821
23.302083333333336,72.00208333333333,31.887377
23.302083333333336,72.10208333333333,39.798355
23.302083333333336,72.20208333333333,48.85378
23.302083333333336,72.30208333333333,57.542755
23.302083333333336,72.40208333333334,76.93227
23.302083333333336,72.50208333333333,78.08538
23.302083333333336,72.60208333333333,81.91391
23.302083333333336,72.70208333333333,59.923157
23.302083333333336,72.80208333333333,93.90231
23.302083333333336,72.90208333333334,97.32489
23.302083333333336,73.00208333333333,93.16098
23.302083333333336,73.10208333333333,104.77045
23.302083333333336,73.20208333333333,116.40818
23.402083333333334,63.40208333333333,-2489.0
23.402083333333334,63.50208333333333,-2356.0
23.402083333333334,63.60208333333333,-2242.0
23.402083333333334,63.702083333333334,-1991.0
23.402083333333334,63.802083333333336,-1784.0
23.402083333333334,63.90208333333333,-2012.0
23.402083333333334,64.00208333333333,-2880.0
23.402083333333334,64.10208333333333,-3438.0
23.402083333333334,64.20208333333333,-3106.0
23.402083333333334,64.30208333333333,-3402.0
23.402083333333334,64.40208333333334,-2866.0
23.402083333333334,64.50208333333333,-2541.0
23.402083333333334,64.60208333333333,-2234.0
23.402083333333334,64.70208333333333,-2607.0
23.402083333333334,64.80208333333333,-3011.0
23.402083333333334,64.90208333333334,-3059.0
23.402083333333334,65.00208333333333,-3148.0
23.402083333333334,65.10208333333333,-3016.0
23.402083333333334,65.20208333333333,-1413.0
23.402083333333334,65.30208333333333,-1265.0
23.402083333333334,65.40208333333334,-1314.0
23.402083333333334,65.50208333333333,-1352.0
23.402083333333334,65.60208333333333,-1371.0
23.402083333333334,65.70208333333333,-1445.0
23.402083333333334,65.80208333333333,-1299.0
23.402083333333334,65.90208333333334,-1208.0
23.402083333333334,66.00208333333333,-1156.0
23.402083333333334,66.10208333333333,-1070.0
23.402083333333334,66.20208333333333,-691.0
23.402083333333334,66.30208333333333,-482.0
23.402083333333334,66.40208333333334,-290.0
23.402083333333334,66.50208333333333,-200.0
23.402083333333334,66.60208333333333,-136.0
23.402083333333334,66.70208333333333,-125.0
23.402083333333334,66.80208333333333,-107.0
23.402083333333334,66.90208333333334,-101.0
23.402083333333334,67.00208333333333,-99.0
23.402083333333334,67.10208333333333,-97.0
23.402083333333334,67.20208333333333,-90.0
23.402083333333334,67.30208333333333,-593.70496
23.402083333333334,67.40208333333334,-39.0
23.402083333333334,67.50208333333333,-23.0
23.402083333333334,67.60208333333333,-24.0
23.402083333333334,67.70208333333333,-23.0
23.402083333333334,67.80208333333333,-22.0
23.402083333333334,67.90208333333334,-21.0
23.402083333333334,68.00208333333333,-18.0
23.402083333333334,68.10208333333333,-14.0
23.402083333333334,68.20208333333333,-8.0
23.402083333333334,68.30208333333333,-7.0
23.402083333333334,68.40208333333334,-1.0
23.402083333333334,68.50208333333333,-13.0
23.402083333333334,68.60208333333333,20.249556
23.402083333333334,68.70208333333333,26.778755
23.402083333333334,68.80208333333333,21.580845
23.402083333333334,68.90208333333334,40.555866
23.402083333333334,69.00208333333333,80.33013
23.402083333333334,69.10208333333333,123.17706
23.402083333333334,69.20208333333333,113.63382
23.402083333333334,69.30208333333333,83.622
23.402083333333334,69.40208333333334,91.40244
23.402083333333334,69.50208333333333,63.527554
23.402083333333334,69.60208333333333,45.3408
23.402083333333334,69.70208333333333,33.78702
23.402083333333334,69.80208333333333,15.717645
23.402083333333334,69.90208333333334,26.648666
23.402083333333334,70.00208333333333,12.407644
23.402083333333334,70.10208333333333,6.69
23.402083333333334,70.20208333333333,4.4052444
23.402083333333334,70.30208333333333,9.924666
23.402083333333334,70.40208333333334,51.361023
23.402083333333334,70.50208333333333,102.67009
23.402083333333334,70.60208333333333,89.35218
23.402083333333334,70.70208333333333,92.377556
23.402083333333334,70.80208333333333,30.247644
23.402083333333334,70.90208333333334,30.686312
23.402083333333334,71.00208333333333,1.5
23.402083333333334,71.10208333333333,1.5
23.402083333333334,71.20208333333333,1.5
23.402083333333334,71.30208333333333,1.5
23.402083333333334,71.40208333333334,1.5
23.402083333333334,71.50208333333333,1.5
23.402083333333334,71.60208333333333,9.945023
23.402083333333334,71.70208333333333,22.883644
23.402083333333334,71.80208333333333,27.177645
23.402083333333334,71.90208333333334,35.615868
23.402083333333334,72.00208333333333,38.03271
23.402083333333334,72.10208333333333,45.722755
23.402083333333334,72.20208333333333,55.702488
23.402083333333334,72.30208333333333,72.64925
23.402083333333334,72.40208333333334,83.772224
23.402083333333334,72.50208333333333,87.21791
23.402083333333334,72.60208333333333,97.551025
23.402083333333334,72.70208333333333,100.23142
23.402083333333334,72.80208333333333,94.63506
23.402083333333334,72.90208333333334,112.247955
23.402083333333334,73.00208333333333,121.30627
23.402083333333334,73.10208333333333,122.79653
23.402083333333334,73.20208333333333,117.36711
23.50208333333333,63.40208333333333,-2647.0
23.50208333333333,63.50208333333333,-2462.0
23.50208333333333,63.60208333333333,-2266.0
23.50208333333333,63.702083333333334,-2149.0
23.50208333333333,63.802083333333336,-2000.0
23.50208333333333,63.90208333333333,-1954.0
23.50208333333333,64.00208333333333,-2110.0
23.50208333333333,64.10208333333333,-2386.0
23.50208333333333,64.20208333333333,-2475.0
23.50208333333333,64.30208333333333,-2621.0
23.50208333333333,64.40208333333334,-2258.0
23.50208333333333,64.50208333333333,-2344.0
23.50208333333333,64.60208333333333,-2337.0
23.50208333333333,64.70208333333333,-2752.0
23.50208333333333,64.80208333333333,-3109.0
23.50208333333333,64.90208333333334,-2871.0
23.50208333333333,65.00208333333333,-3045.0
23.50208333333333,65.10208333333333,-3022.0
23.50208333333333,65.20208333333333,-2203.0
23.50208333333333,65.30208333333333,-1000.0
23.50208333333333,65.40208333333334,-1253.0
23.50208333333333,65.50208333333333,-1349.0
23.50208333333333,65.60208333333333,-1342.0
23.50208333333333,65.70208333333333,-1327.0
23.50208333333333,65.80208333333333,-1260.0
23.50208333333333,65.90208333333334,-1152.0
23.50208333333333,66.00208333333333,-1021.0
23.50208333333333,66.10208333333333,-808.0
23.50208333333333,66.20208333333333,-706.0
23.50208333333333,66.30208333333333,-319.0
23.50208333333333,66.40208333333334,-213.0
23.50208333333333,66.50208333333333,-152.0
23.50208333333333,66.60208333333333,-129.0
23.50208333333333,66.70208333333333,-108.0
23.50208333333333,66.80208333333333,-99.0
23.50208333333333,66.90208333333334,-96.0
23.50208333333333,67.00208333333333,-115.0
23.50208333333333,67.10208333333333,-95.0
23.50208333333333,67.20208333333333,-87.0
23.50208333333333,67.30208333333333,-426.251
23.50208333333333,67.40208333333334,-89.0
23.50208333333333,67.50208333333333,-30.0
23.50208333333333,67.60208333333333,-23.0
23.50208333333333,67.70208333333333,-22.0
23.50208333333333,67.80208333333333,-21.0
23.50208333333333,67.90208333333334,-19.0
23.50208333333333,68.00208333333333,-15.0
23.50208333333333,68.10208333333333,-5.0
23.50208333333333,68.20208333333333,-7.0
23.50208333333333,68.30208333333333,-10.0
23.50208333333333,68.40208333333334,-5.0
23.50208333333333,68.50208333333333,2.1000888
23.50208333333333,68.60208333333333,47.487022
23.50208333333333,68.70208333333333,66.22298
23.50208333333333,68.80208333333333,81.96849
23.50208333333333,68.90208333333334,53.94591
23.50208333333333,69.00208333333333,112.14609
23.50208333333333,69.10208333333333,81.51422
23.50208333333333,69.20208333333333,49.328888
23.50208333333333,69.30208333333333,47.59387
23.50208333333333,69.40208333333334,32.468224
23.50208333333333,69.50208333333333,6.9140444
23.50208333333333,69.60208333333333,3.426711
23.50208333333333,69.70208333333333,4.820178
23.50208333333333,69.80208333333333,6.0636888
23.50208333333333,69.90208333333334,5.4444
23.50208333333333,70.00208333333333,5.3297334
23.50208333333333,70.10208333333333,1.5
23.50208333333333,70.20208333333333,4.2768445
23.50208333333333,70.30208333333333,20.562532
23.50208333333333,70.40208333333334,90.42218
23.50208333333333,70.50208333333333,94.612175
23.50208333333333,70.60208333333333,120.14502
23.50208333333333,70.70208333333333,125.620445
23.50208333333333,70.80208333333333,70.635155
23.50208333333333,70.90208333333334,41.681465
23.50208333333333,71.00208333333333,30.563868
23.50208333333333,71.10208333333333,1.5
23.50208333333333,71.20208333333333,1.5
23.50208333333333,71.30208333333333,5.5752444
23.50208333333333,71.40208333333334,1.5
23.50208333333333,71.50208333333333,1.5
23.50208333333333,71.60208333333333,14.275823
23.50208333333333,71.70208333333333,18.022934
23.50208333333333,71.80208333333333,28.166134
23.50208333333333,71.90208333333334,31.050133
23.50208333333333,72.00208333333333,39.784134
23.50208333333333,72.10208333333333,48.558712
23.50208333333333,72.20208333333333,59.859287
23.50208333333333,72.30208333333333,73.24427
23.50208333333333,72.40208333333334,91.37622
23.50208333333333,72.50208333333333,96.844
23.50208333333333,72.60208333333333,107.330444
23.50208333333333,72.70208333333333,113.20529
23.50208333333333,72.80208333333333,86.411064
23.50208333333333,72.90208333333334,133.20195
23.50208333333333,73.00208333333333,129.59341
23.50208333333333,73.10208333333333,147.03618
23.50208333333333,73.20208333333333,142.65315
23.602083333333333,63.40208333333333,-2785.0
23.602083333333333,63.50208333333333,-2657.0
23.602083333333333,63.60208333333333,-2485.0
23.602083333333333,63.702083333333334,-2300.0
23.602083333333333,63.802083333333336,-1972.0
23.602083333333333,63.90208333333333,-1882.0
23.602083333333333,64.00208333333333,-1878.0
23.602083333333333,64.10208333333333,-1979.0
23.602083333333333,64.20208333333333,-1764.0
23.602083333333333,64.30208333333333,-1823.0
23.602083333333333,64.40208333333334,-1884.0
23.602083333333333,64.50208333333333,-2041.0
23.602083333333333,64.60208333333333,-2474.0
23.602083333333333,64.70208333333333,-2759.0
23.602083333333333,64.80208333333333,-3060.0
23.602083333333333,64.90208333333334,-3109.0
23.602083333333333,65.00208333333333,-2967.0
23.602083333333333,65.10208333333333,-3041.0
23.602083333333333,65.20208333333333,-2393.0
23.602083333333333,65.30208333333333,-1925.0
23.602083333333333,65.40208333333334,-1228.0
23.602083333333333,65.50208333333333,-1269.0
23.602083333333333,65.60208333333333,-1282.0
23.602083333333333,65.70208333333333,-1213.0
23.602083333333333,65.80208333333333,-1130.0
23.602083333333333,65.90208333333334,-1004.0
23.602083333333333,66.00208333333333,-851.0
23.602083333333333,66.10208333333333,-600.0
23.602083333333333,66.20208333333333,-366.0
23.602083333333333,66.30208333333333,-257.0
23.602083333333333,66.40208333333334,-164.0
23.602083333333333,66.50208333333333,-135.0
23.602083333333333,66.60208333333333,-116.0
23.602083333333333,66.70208333333333,-100.0
23.602083333333333,66.80208333333333,-89.0
23.602083333333333,66.90208333333334,-91.0
23.602083333333333,67.00208333333333,-92.0
23.602083333333333,67.10208333333333,-82.0
23.602083333333333,67.20208333333333,-74.0
23.602083333333333,67.30208333333333,-91.0
23.602083333333333,67.40208333333334,-308.50867
23.602083333333333,67.50208333333333,-41.0
23.602083333333333,67.60208333333333,-26.0
23.602083333333333,67.70208333333333,-20.0
23.602083333333333,67.80208333333333,-18.0
23.602083333333333,67.90208333333334,-14.0
23.602083333333333,68.00208333333333,-9.0
23.602083333333333,68.10208333333333,-2.0
23.602083333333333,68.20208333333333,1.3496667
23.602083333333333,68.30208333333333,1.4647111
23.602083333333333,68.40208333333334,-10.0
23.602083333333333,68.50208333333333,9.010889
23.602083333333333,68.60208333333333,50.366
23.602083333333333,68.70208333333333,88.65018
23.602083333333333,68.80208333333333,65.369865
23.602083333333333,68.90208333333334,116.26458
23.602083333333333,69.00208333333333,62.11
23.602083333333333,69.10208333333333,32.139244
23.602083333333333,69.20208333333333,5.0158668
23.602083333333333,69.30208333333333,2.0142667
23.602083333333333,69.40208333333334,2.6961334
23.602083333333333,69.50208333333333,3.3352
23.602083333333333,69.60208333333333,4.6524887
23.602083333333333,69.70208333333333,5.1467557
23.602083333333333,69.80208333333333,5.827422
23.602083333333333,69.90208333333334,3.8809333
23.602083333333333,70.00208333333333,1.5
23.602083333333333,70.10208333333333,1.5
23.602083333333333,70.20208333333333,1.5
23.602083333333333,70.30208333333333,1.5
23.602083333333333,70.40208333333334,10.973955
23.602083333333333,70.50208333333333,24.5
23.602083333333333,70.60208333333333,41.009068
23.602083333333333,70.70208333333333,54.61449
23.602083333333333,70.80208333333333,54.390934
23.602083333333333,70.90208333333334,51.730087
23.602083333333333,71.00208333333333,11.014133
23.602083333333333,71.10208333333333,1.5
23.602083333333333,71.20208333333333,1.5
23.602083333333333,71.30208333333333,1.5
23.602083333333333,71.40208333333334,8.232311
23.602083333333333,71.50208333333333,12.140356
23.602083333333333,71.60208333333333,16.478088
23.602083333333333,71.70208333333333,29.552845
23.602083333333333,71.80208333333333,29.482
23.602083333333333,71.90208333333334,40.40462
23.602083333333333,72.00208333333333,48.01231
23.602083333333333,72.10208333333333,50.537865
23.602083333333333,72.20208333333333,62.921154
23.602083333333333,72.30208333333333,75.42676
23.602083333333333,72.40208333333334,90.62111
23.602083333333333,72.50208333333333,107.4568
23.602083333333333,72.60208333333333,115.85805
23.602083333333333,72.70208333333333,127.2952
23.602083333333333,72.80208333333333,130.52177
23.602083333333333,72.90208333333334,142.87392
23.602083333333333,73.00208333333333,151.46858
23.602083333333333,73.10208333333333,172.96826
23.602083333333333,73.20208333333333,166.37257
23.702083333333334,63.40208333333333,-3012.0
23.702083333333334,63.50208333333333,-2860.0
23.702083333333334,63.60208333333333,-2580.0
23.702083333333334,63.702083333333334,-2434.0
23.702083333333334,63.802083333333336,-2497.0
23.702083333333334,63.90208333333333,-2218.0
23.702083333333334,64.00208333333333,-2197.0
23.702083333333334,64.10208333333333,-1995.0
23.702083333333334,64.20208333333333,-2048.0
23.702083333333334,64.30208333333333,-2042.0
23.702083333333334,64.40208333333334,-1914.0
23.702083333333334,64.50208333333333,-2020.0
23.702083333333334,64.60208333333333,-2130.0
23.702083333333334,64.70208333333333,-2377.0
23.702083333333334,64.80208333333333,-2765.0
23.702083333333334,64.90208333333334,-3000.0
23.702083333333334,65.00208333333333,-2968.0
23.702083333333334,65.10208333333333,-3000.0
23.702083333333334,65.20208333333333,-2908.0
23.702083333333334,65.30208333333333,-2714.0
23.702083333333334,65.40208333333334,-2005.0
23.702083333333334,65.50208333333333,-2000.0
23.702083333333334,65.60208333333333,-1206.0
23.702083333333334,65.70208333333333,-1075.0
23.702083333333334,65.80208333333333,-1000.0
23.702083333333334,65.90208333333334,-838.0
23.702083333333334,66.00208333333333,-536.0
23.702083333333334,66.10208333333333,-437.0
23.702083333333334,66.20208333333333,-272.0
23.702083333333334,66.30208333333333,-194.0
23.702083333333334,66.40208333333334,-131.0
23.702083333333334,66.50208333333333,-117.0
23.702083333333334,66.60208333333333,-103.0
23.702083333333334,66.70208333333333,-99.0
23.702083333333334,66.80208333333333,-92.0
23.702083333333334,66.90208333333334,-86.0
23.702083333333334,67.00208333333333,-70.0
23.702083333333334,67.10208333333333,-64.0
23.702083333333334,67.20208333333333,-50.0
23.702083333333334,67.30208333333333,-41.0
23.702083333333334,67.40208333333334,-36.0
23.702083333333334,67.50208333333333,-118.0
23.702083333333334,67.60208333333333,-28.0
23.702083333333334,67.70208333333333,-16.0
23.702083333333334,67.80208333333333,-9.0
23.702083333333334,67.90208333333334,-11.0
23.702083333333334,68.00208333333333,-2.0
23.702083333333334,68.10208333333333,-2.0
23.702083333333334,68.20208333333333,-1.0
23.702083333333334,68.30208333333333,-12.0
23.702083333333334,68.40208333333334,1.8326666
23.702083333333334,68.50208333333333,-2.0
23.702083333333334,68.60208333333333,12.723111
23.702083333333334,68.70208333333333,32.096355
23.702083333333334,68.80208333333333,46.262623
23.702083333333334,68.90208333333334,84.27685
23.702083333333334,69.00208333333333,49.346443
23.702083333333334,69.10208333333333,2.012622
23.702083333333334,69.20208333333333,3.5934222
23.702083333333334,69.30208333333333,2.9319556
23.702083333333334,69.40208333333334,3.2413778
23.702083333333334,69.50208333333333,3.7136889
23.702083333333334,69.60208333333333,4.5590224
23.702083333333334,69.70208333333333,5.084711
23.702083333333334,69.80208333333333,5.5112443
23.702083333333334,69.90208333333334,2.6569777
23.702083333333334,70.00208333333333,1.5
23.702083333333334,70.10208333333333,1.5
23.702083333333334,70.20208333333333,1.5
23.702083333333334,70.30208333333333,1.5
23.702083333333334,70.40208333333334,1.5
23.702083333333334,70.50208333333333,1.5
23.702083333333334,70.60208333333333,7.5231557
23.702083333333334,70.70208333333333,15.5
23.702083333333334,70.80208333333333,19.3168
23.702083333333334,70.90208333333334,18.981333
23.702083333333334,71.00208333333333,1.5
23.702083333333334,71.10208333333333,6.222133
23.702083333333334,71.20208333333333,3.1700888
23.702083333333334,71.30208333333333,9.930756
23.702083333333334,71.40208333333334,11.732223
23.702083333333334,71.50208333333333,17.256578
23.702083333333334,71.60208333333333,22.725779
23.702083333333334,71.70208333333333,27.445778
23.702083333333334,71.80208333333333,34.828312
23.702083333333334,71.90208333333334,42.077732
23.702083333333334,72.00208333333333,54.397022
23.702083333333334,72.10208333333333,62.940666
23.702083333333334,72.20208333333333,71.016174
23.702083333333334,72.30208333333333,85.35196
23.702083333333334,72.40208333333334,98.797775
23.702083333333334,72.50208333333333,118.57351
23.702083333333334,72.60208333333333,128.4315
23.702083333333334,72.70208333333333,148.32573
23.702083333333334,72.80208333333333,142.28502
23.702083333333334,72.90208333333334,156.3583
23.702083333333334,73.00208333333333,251.30463
23.702083333333334,73.10208333333333,220.55307
23.702083333333334,73.20208333333333,186.0
23.802083333333336,63.40208333333333,-3161.0
23.802083333333336,63.50208333333333,-2968.0
23.802083333333336,63.60208333333333,-3009.0
23.802083333333336,63.702083333333334,-2961.0
23.802083333333336,63.802083333333336,-2748.0
23.802083333333336,63.90208333333333,-2630.0
23.802083333333336,64.00208333333333,-2395.0
23.802083333333336,64.10208333333333,-2103.0
23.802083333333336,64.20208333333333,-2403.0
23.802083333333336,64.30208333333333,-2149.0
23.802083333333336,64.40208333333334,-2118.0
23.802083333333336,64.50208333333333,-2053.0
23.802083333333336,64.60208333333333,-2055.0
23.802083333333336,64.70208333333333,-2161.0
23.802083333333336,64.80208333333333,-2373.0
23.802083333333336,64.90208333333334,-2536.0
23.802083333333336,65.00208333333333,-2688.0
23.802083333333336,65.10208333333333,-2831.0
23.802083333333336,65.20208333333333,-2801.0
23.802083333333336,65.30208333333333,-2579.0
23.802083333333336,65.40208333333334,-2556.0
23.802083333333336,65.50208333333333,-1844.0
23.802083333333336,65.60208333333333,-1104.0
23.802083333333336,65.70208333333333,-929.0
23.802083333333336,65.80208333333333,-558.0
23.802083333333336,65.90208333333334,-506.0
23.802083333333336,66.00208333333333,-367.0
23.802083333333336,66.10208333333333,-273.0
23.802083333333336,66.20208333333333,-200.0
23.802083333333336,66.30208333333333,-151.0
23.802083333333336,66.40208333333334,-115.0
23.802083333333336,66.50208333333333,-106.0
23.802083333333336,66.60208333333333,-103.0
23.802083333333336,66.70208333333333,-96.0
23.802083333333336,66.80208333333333,-90.0
23.802083333333336,66.90208333333334,-73.0
23.802083333333336,67.00208333333333,-65.0
23.802083333333336,67.10208333333333,-49.0
23.802083333333336,67.20208333333333,-32.0
23.802083333333336,67.30208333333333,-24.0
23.802083333333336,67.40208333333334,-19.0
23.802083333333336,67.50208333333333,-14.0
23.802083333333336,67.60208333333333,-1.0
23.802083333333336,67.70208333333333,1.0
23.802083333333336,67.80208333333333,-2.0
23.802083333333336,67.90208333333334,-3.0
23.802083333333336,68.00208333333333,1.4148889
23.802083333333336,68.10208333333333,1.420619
23.802083333333336,68.20208333333333,-4.0
23.802083333333336,68.30208333333333,1.4786036
23.802083333333336,68.40208333333334,1.9364444
23.802083333333336,68.50208333333333,1.9192444
23.802083333333336,68.60208333333333,-2.0
23.802083333333336,68.70208333333333,4.382222
23.802083333333336,68.80208333333333,15.867778
23.802083333333336,68.90208333333334,1.6086138
23.802083333333336,69.00208333333333,1.1673777
23.802083333333336,69.10208333333333,1.2908
23.802083333333336,69.20208333333333,2.175689
23.802083333333336,69.30208333333333,2.8442223
23.802083333333336,69.40208333333334,2.4714668
23.802083333333336,69.50208333333333,3.1085777
23.802083333333336,69.60208333333333,2.6183555
23.802083333333336,69.70208333333333,3.5967555
23.802083333333336,69.80208333333333,78.32955
23.802083333333336,69.90208333333334,13.881644
23.802083333333336,70.00208333333333,1.5
23.802083333333336,70.10208333333333,1.5
23.802083333333336,70.20208333333333,1.5
23.802083333333336,70.30208333333333,3.5136888
23.802083333333336,70.40208333333334,1.5
23.802083333333336,70.50208333333333,1.5
23.802083333333336,70.60208333333333,3.5510223
23.802083333333336,70.70208333333333,7.901467
23.802083333333336,70.80208333333333,12.810889
23.802083333333336,70.90208333333334,1.5
23.802083333333336,71.00208333333333,5.2856
23.802083333333336,71.10208333333333,20.025734
23.802083333333336,71.20208333333333,26.498312
23.802083333333336,71.30208333333333,17.994844
23.802083333333336,71.40208333333334,12.413466
23.802083333333336,71.50208333333333,21.276045
23.802083333333336,71.60208333333333,25.240755
23.802083333333336,71.70208333333333,32.8972
23.802083333333336,71.80208333333333,39.74009
23.802083333333336,71.90208333333334,48.691334
23.802083333333336,72.00208333333333,59.423954
23.802083333333336,72.10208333333333,72.50996
23.802083333333336,72.20208333333333,86.25066
23.802083333333336,72.30208333333333,102.72471
23.802083333333336,72.40208333333334,117.28204
23.802083333333336,72.50208333333333,134.5416
23.802083333333336,72.60208333333333,145.04343
23.802083333333336,72.70208333333333,167.364
23.802083333333336,72.80208333333333,147.59409
23.802083333333336,72.90208333333334,175.05675
23.802083333333336,73.00208333333333,190.14804
23.802083333333336,73.10208333333333,194.2559
23.802083333333336,73.20208333333333,209.95738
23.902083333333334,63.40208333333333,-3269.0
23.902083333333334,63.50208333333333,-3094.0
23.902083333333334,63.60208333333333,-3152.0
23.902083333333334,63.702083333333334,-3244.0
23.902083333333334,63.802083333333336,-3160.0
23.902083333333334,63.90208333333333,-3089.0
23.902083333333334,64.00208333333333,-2995.0
23.902083333333334,64.10208333333333,-2683.0
23.902083333333334,64.20208333333333,-2780.0
23.902083333333334,64.30208333333333,-2627.0
23.902083333333334,64.40208333333334,-2585.0
23.902083333333334,64.50208333333333,-2319.0
23.902083333333334,64.60208333333333,-2387.0
23.902083333333334,64.70208333333333,-2385.0
23.902083333333334,64.80208333333333,-2254.0
23.902083333333334,64.90208333333334,-2265.0
23.902083333333334,65.00208333333333,-2194.0
23.902083333333334,65.10208333333333,-2310.0
23.902083333333334,65.20208333333333,-1990.0
23.902083333333334,65.30208333333333,-1882.0
23.902083333333334,65.40208333333334,-1799.0
23.902083333333334,65.50208333333333,-1590.0
23.902083333333334,65.60208333333333,-1341.0
23.902083333333334,65.70208333333333,-1060.0
23.902083333333334,65.80208333333333,-430.0
23.902083333333334,65.90208333333334,-353.0
23.902083333333334,66.00208333333333,-251.0
23.902083333333334,66.10208333333333,-219.0
23.902083333333334,66.20208333333333,-161.0
23.902083333333334,66.30208333333333,-121.0
23.902083333333334,66.40208333333334,-104.0
23.902083333333334,66.50208333333333,-102.0
23.902083333333334,66.60208333333333,-95.0
23.902083333333334,66.70208333333333,-88.0
23.902083333333334,66.80208333333333,-86.0
23.902083333333334,66.90208333333334,-81.0
23.902083333333334,67.00208333333333,-68.0
23.902083333333334,67.10208333333333,-38.0
23.902083333333334,67.20208333333333,-23.0
23.902083333333334,67.30208333333333,-18.0
23.902083333333334,67.40208333333334,-13.0
23.902083333333334,67.50208333333333,-9.0
23.902083333333334,67.60208333333333,1.8455555
23.902083333333334,67.70208333333333,0.8710667
23.902083333333334,67.80208333333333,1.3427354
23.902083333333334,67.90208333333334,1.9549333
23.902083333333334,68.00208333333333,1.7978667
23.902083333333334,68.10208333333333,1.5536
23.902083333333334,68.20208333333333,1.6283112
23.902083333333334,68.30208333333333,1.6881776
23.902083333333334,68.40208333333334,1.8584862
23.902083333333334,68.50208333333333,1.0
23.902083333333334,68.60208333333333,1.0
23.902083333333334,68.70208333333333,1.4853922
23.902083333333334,68.80208333333333,2.0
23.902083333333334,68.90208333333334,0.5846222
23.902083333333334,69.00208333333333,2.000775
23.902083333333334,69.10208333333333,1.7333708
23.902083333333334,69.20208333333333,1.862
23.902083333333334,69.30208333333333,2.2924888
23.902083333333334,69.40208333333334,1.7611556
23.902083333333334,69.50208333333333,1.8045778
23.902083333333334,69.60208333333333,1.5153333
23.902083333333334,69.70208333333333,8.686045
23.902083333333334,69.80208333333333,162.36493
23.902083333333334,69.90208333333334,172.98048
23.902083333333334,70.00208333333333,1.5
23.902083333333334,70.10208333333333,1.5
23.902083333333334,70.20208333333333,19.895956
23.902083333333334,70.30208333333333,192.6305
23.902083333333334,70.40208333333334,44.351067
23.902083333333334,70.50208333333333,1.5
23.902083333333334,70.60208333333333,26.357555
23.902083333333334,70.70208333333333,86.259285
23.902083333333334,70.80208333333333,3.9925778
23.902083333333334,70.90208333333334,1.5
23.902083333333334,71.00208333333333,1.5
23.902083333333334,71.10208333333333,9.0444
23.902083333333334,71.20208333333333,12.8284
23.902083333333334,71.30208333333333,10.9968
23.902083333333334,71.40208333333334,14.988
23.902083333333334,71.50208333333333,27.44671
23.902083333333334,71.60208333333333,34.166977
23.902083333333334,71.70208333333333,40.45569
23.902083333333334,71.80208333333333,47.289734
23.902083333333334,71.90208333333334,53.384224
23.902083333333334,72.00208333333333,62.92098
23.902083333333334,72.10208333333333,74.8812
23.902083333333334,72.20208333333333,95.83156
23.902083333333334,72.30208333333333,112.82009
23.902083333333334,72.40208333333334,139.34494
23.902083333333334,72.50208333333333,156.03453
23.902083333333334,72.60208333333333,173.74791
23.902083333333334,72.70208333333333,188.1383
23.902083333333334,72.80208333333333,147.59427
23.902083333333334,72.90208333333334,236.04861
23.902083333333334,73.00208333333333,233.73752
23.902083333333334,73.10208333333333,218.69284
23.902083333333334,73.20208333333333,446.97403
24.00208333333333,63.40208333333333,-3186.0
24.00208333333333,63.50208333333333,-3198.0
24.00208333333333,63.60208333333333,-3162.0
24.00208333333333,63.702083333333334,-3117.0
24.00208333333333,63.802083333333336,-3246.0
24.00208333333333,63.90208333333333,-3179.0
24.00208333333333,64.00208333333333,-3163.0
24.00208333333333,64.10208333333333,-3001.0
24.00208333333333,64.20208333333333,-3091.0
24.00208333333333,64.30208333333333,-3083.0
24.00208333333333,64.40208333333334,-3198.0
24.00208333333333,64.50208333333333,-2745.0
24.00208333333333,64.60208333333333,-2566.0
24.00208333333333,64.70208333333333,-2651.0
24.00208333333333,64.80208333333333,-2506.0
24.00208333333333,64.90208333333334,-2361.0
24.00208333333333,65.00208333333333,-2263.0
24.00208333333333,65.10208333333333,-2149.0
24.00208333333333,65.20208333333333,-2085.0
24.00208333333333,65.30208333333333,-1920.0
24.00208333333333,65.40208333333334,-1589.0
24.00208333333333,65.50208333333333,-1314.0
24.00208333333333,65.60208333333333,-1575.0
24.00208333333333,65.70208333333333,-851.0
24.00208333333333,65.80208333333333,-448.0
24.00208333333333,65.90208333333334,-299.0
24.00208333333333,66.00208333333333,-224.0
24.00208333333333,66.10208333333333,-175.0
24.00208333333333,66.20208333333333,-127.0
24.00208333333333,66.30208333333333,-104.0
24.00208333333333,66.40208333333334,-99.0
24.00208333333333,66.50208333333333,-92.0
24.00208333333333,66.60208333333333,-87.0
24.00208333333333,66.70208333333333,-77.0
24.00208333333333,66.80208333333333,-86.0
24.00208333333333,66.90208333333334,-85.0
24.00208333333333,67.00208333333333,-56.0
24.00208333333333,67.10208333333333,-30.0
24.00208333333333,67.20208333333333,-20.0
24.00208333333333,67.30208333333333,-14.0
24.00208333333333,67.40208333333334,-1.0
24.00208333333333,67.50208333333333,1.1954808
24.00208333333333,67.60208333333333,1.1720657
24.00208333333333,67.70208333333333,1.4086666
24.00208333333333,67.80208333333333,3.0229332
24.00208333333333,67.90208333333334,3.2906666
24.00208333333333,68.00208333333333,2.4652445
24.00208333333333,68.10208333333333,1.6486316
24.00208333333333,68.20208333333333,-1.0
24.00208333333333,68.30208333333333,1.7166667
24.00208333333333,68.40208333333334,1.7641605
24.00208333333333,68.50208333333333,2.0
24.00208333333333,68.60208333333333,1.0
24.00208333333333,68.70208333333333,1.5369725
24.00208333333333,68.80208333333333,2.0
24.00208333333333,68.90208333333334,0.93993866
24.00208333333333,69.00208333333333,-1.0
24.00208333333333,69.10208333333333,-1.0
24.00208333333333,69.20208333333333,2.2352445
24.00208333333333,69.30208333333333,1.9076
24.00208333333333,69.40208333333334,2.0584445
24.00208333333333,69.50208333333333,2.4395556
24.00208333333333,69.60208333333333,3.6485777
24.00208333333333,69.70208333333333,4.984844
24.00208333333333,69.80208333333333,1.5
24.00208333333333,69.90208333333334,1.5
24.00208333333333,70.00208333333333,1.5
24.00208333333333,70.10208333333333,1.5
24.00208333333333,70.20208333333333,1.5
24.00208333333333,70.30208333333333,1.5
24.00208333333333,70.40208333333334,1.5
24.00208333333333,70.50208333333333,1.5
24.00208333333333,70.60208333333333,1.5
24.00208333333333,70.70208333333333,1.5
24.00208333333333,70.80208333333333,1.5
24.00208333333333,70.90208333333334,1.5
24.00208333333333,71.00208333333333,1.5
24.00208333333333,71.10208333333333,1.5
24.00208333333333,71.20208333333333,1.5
24.00208333333333,71.30208333333333,1.5
24.00208333333333,71.40208333333334,17.798489
24.00208333333333,71.50208333333333,26.236712
24.00208333333333,71.60208333333333,43.25258
24.00208333333333,71.70208333333333,43.764446
24.00208333333333,71.80208333333333,54.363644
24.00208333333333,71.90208333333334,65.91773
24.00208333333333,72.00208333333333,78.00742
24.00208333333333,72.10208333333333,88.957825
24.00208333333333,72.20208333333333,102.827774
24.00208333333333,72.30208333333333,131.66475
24.00208333333333,72.40208333333334,160.566
24.00208333333333,72.50208333333333,181.91809
24.00208333333333,72.60208333333333,206.23058
24.00208333333333,72.70208333333333,231.30293
24.00208333333333,72.80208333333333,216.82484
24.00208333333333,72.90208333333334,188.0
24.00208333333333,73.00208333333333,194.66147
24.00208333333333,73.10208333333333,227.48494
24.00208333333333,73.20208333333333,454.74033
24.102083333333333,63.40208333333333,-3119.0
24.102083333333333,63.50208333333333,-3087.0
24.102083333333333,63.60208333333333,-3097.0
24.102083333333333,63.702083333333334,-3218.0
24.102083333333333,63.802083333333336,-3312.0
24.102083333333333,63.90208333333333,-2818.0
24.102083333333333,64.00208333333333,-3207.0
24.102083333333333,64.10208333333333,-3162.0
24.102083333333333,64.20208333333333,-3133.0
24.102083333333333,64.30208333333333,-3178.0
24.102083333333333,64.40208333333334,-3115.0
24.102083333333333,64.50208333333333,-3061.0
24.102083333333333,64.60208333333333,-2857.0
24.102083333333333,64.70208333333333,-2815.0
24.102083333333333,64.80208333333333,-2855.0
24.102083333333333,64.90208333333334,-2618.0
24.102083333333333,65.00208333333333,-2544.0
24.102083333333333,65.10208333333333,-2428.0
24.102083333333333,65.20208333333333,-2146.0
24.102083333333333,65.30208333333333,-1944.0
24.102083333333333,65.40208333333334,-1065.0
24.102083333333333,65.50208333333333,-1054.0
24.102083333333333,65.60208333333333,-1084.0
24.102083333333333,65.70208333333333,-1089.0
24.102083333333333,65.80208333333333,-813.0
24.102083333333333,65.90208333333334,-232.0
24.102083333333333,66.00208333333333,-201.0
24.102083333333333,66.10208333333333,-135.0
24.102083333333333,66.20208333333333,-109.0
24.102083333333333,66.30208333333333,-100.0
24.102083333333333,66.40208333333334,-98.0
24.102083333333333,66.50208333333333,-92.0
24.102083333333333,66.60208333333333,-84.0
24.102083333333333,66.70208333333333,-73.0
24.102083333333333,66.80208333333333,-67.0
24.102083333333333,66.90208333333334,-79.0
24.102083333333333,67.00208333333333,-54.0
24.102083333333333,67.10208333333333,-47.0
24.102083333333333,67.20208333333333,-22.0
24.102083333333333,67.30208333333333,-10.0
24.102083333333333,67.40208333333334,1.2717333
24.102083333333333,67.50208333333333,1.3089573
24.102083333333333,67.60208333333333,2.9733777
24.102083333333333,67.70208333333333,2.1604
24.102083333333333,67.80208333333333,2.6455188
24.102083333333333,67.90208333333334,3.2268445
24.102083333333333,68.00208333333333,1.6072
24.102083333333333,68.10208333333333,1.2831683
24.102083333333333,68.20208333333333,1.4454666
24.102083333333333,68.30208333333333,2.2258666
24.102083333333333,68.40208333333334,1.6834127
24.102083333333333,68.50208333333333,2.1712444
24.102083333333333,68.60208333333333,2.0815556
24.102083333333333,68.70208333333333,-2.0
24.102083333333333,68.80208333333333,-2.0
24.102083333333333,68.90208333333334,-1.0
24.102083333333333,69.00208333333333,-1.0
24.102083333333333,69.10208333333333,3.0
24.102083333333333,69.20208333333333,3.2535112
24.102083333333333,69.30208333333333,4.4795556
24.102083333333333,69.40208333333334,3.9641778
24.102083333333333,69.50208333333333,5.615378
24.102083333333333,69.60208333333333,7.3540444
24.102083333333333,69.70208333333333,3.0977778
24.102083333333333,69.80208333333333,2.8054667
24.102083333333333,69.90208333333334,4.2556887
24.102083333333333,70.00208333333333,1.5
24.102083333333333,70.10208333333333,1.5
24.102083333333333,70.20208333333333,1.5
24.102083333333333,70.30208333333333,1.5
24.102083333333333,70.40208333333334,1.5
24.102083333333333,70.50208333333333,1.5
24.102083333333333,70.60208333333333,1.5
24.102083333333333,70.70208333333333,1.5
24.102083333333333,70.80208333333333,1.5
24.102083333333333,70.90208333333334,1.5
24.102083333333333,71.00208333333333,1.5
24.102083333333333,71.10208333333333,1.5
24.102083333333333,71.20208333333333,1.5
24.102083333333333,71.30208333333333,1.5
24.102083333333333,71.40208333333334,18.721777
24.102083333333333,71.50208333333333,28.100622
24.102083333333333,71.60208333333333,37.536713
24.102083333333333,71.70208333333333,53.6292
24.102083333333333,71.80208333333333,64.525154
24.102083333333333,71.90208333333334,76.60689
24.102083333333333,72.00208333333333,92.84133
24.102083333333333,72.10208333333333,108.36467
24.102083333333333,72.20208333333333,121.00533
24.102083333333333,72.30208333333333,146.07191
24.102083333333333,72.40208333333334,185.64716
24.102083333333333,72.50208333333333,220.06506
24.102083333333333,72.60208333333333,224.96515
24.102083333333333,72.70208333333333,251.21133
24.102083333333333,72.80208333333333,216.48125
24.102083333333333,72.90208333333334,207.29036
24.102083333333333,73.00208333333333,213.34898
24.102083333333333,73.10208333333333,254.40764
24.102083333333333,73.20208333333333,409.65063
24.202083333333334,63.40208333333333,-3142.0
24.202083333333334,63.50208333333333,-3222.0
24.202083333333334,63.60208333333333,-3155.0
24.202083333333334,63.702083333333334,-3220.0
24.202083333333334,63.802083333333336,-3272.0
24.202083333333334,63.90208333333333,-3052.0
24.202083333333334,64.00208333333333,-3148.0
24.202083333333334,64.10208333333333,-3163.0
24.202083333333334,64.20208333333333,-3161.0
24.202083333333334,64.30208333333333,-3123.0
24.202083333333334,64.40208333333334,-3147.0
24.202083333333334,64.50208333333333,-3110.0
24.202083333333334,64.60208333333333,-3087.0
24.202083333333334,64.70208333333333,-2957.0
24.202083333333334,64.80208333333333,-2988.0
24.202083333333334,64.90208333333334,-2857.0
24.202083333333334,65.00208333333333,-2715.0
24.202083333333334,65.10208333333333,-2594.0
24.202083333333334,65.20208333333333,-2421.0
24.202083333333334,65.30208333333333,-2197.0
24.202083333333334,65.40208333333334,-1777.0
24.202083333333334,65.50208333333333,-1023.0
24.202083333333334,65.60208333333333,-894.0
24.202083333333334,65.70208333333333,-918.0
24.202083333333334,65.80208333333333,-682.0
24.202083333333334,65.90208333333334,-236.0
24.202083333333334,66.00208333333333,-146.0
24.202083333333334,66.10208333333333,-116.0
24.202083333333334,66.20208333333333,-100.0
24.202083333333334,66.30208333333333,-94.0
24.202083333333334,66.40208333333334,-94.0
24.202083333333334,66.50208333333333,-73.0
24.202083333333334,66.60208333333333,-83.0
24.202083333333334,66.70208333333333,-64.0
24.202083333333334,66.80208333333333,-73.0
24.202083333333334,66.90208333333334,-65.0
24.202083333333334,67.00208333333333,-56.0
24.202083333333334,67.10208333333333,-23.0
24.202083333333334,67.20208333333333,-16.0
24.202083333333334,67.30208333333333,-2.0
24.202083333333334,67.40208333333334,1.1594223
24.202083333333334,67.50208333333333,1.6719018
24.202083333333334,67.60208333333333,1.9802222
24.202083333333334,67.70208333333333,3.3548
24.202083333333334,67.80208333333333,4.2975554
24.202083333333334,67.90208333333334,3.7786667
24.202083333333334,68.00208333333333,0.5
24.202083333333334,68.10208333333333,3.6696444
24.202083333333334,68.20208333333333,0.6393413
24.202083333333334,68.30208333333333,1.5
24.202083333333334,68.40208333333334,2.8664443
24.202083333333334,68.50208333333333,2.0122666
24.202083333333334,68.60208333333333,3.0
24.202083333333334,68.70208333333333,-2.0
24.202083333333334,68.80208333333333,-1.0
24.202083333333334,68.90208333333334,-1.0
24.202083333333334,69.00208333333333,2.6065779
24.202083333333334,69.10208333333333,1.1893333
24.202083333333334,69.20208333333333,5.454578
24.202083333333334,69.30208333333333,3.108711
24.202083333333334,69.40208333333334,3.3158667
24.202083333333334,69.50208333333333,3.7742667
24.202083333333334,69.60208333333333,3.6186223
24.202083333333334,69.70208333333333,5.7426224
24.202083333333334,69.80208333333333,4.4367557
24.202083333333334,69.90208333333334,4.1952443
24.202083333333334,70.00208333333333,4.0561776
24.202083333333334,70.10208333333333,1.5
24.202083333333334,70.20208333333333,1.5
24.202083333333334,70.30208333333333,1.5
24.202083333333334,70.40208333333334,1.5
24.202083333333334,70.50208333333333,1.5
24.202083333333334,70.60208333333333,1.5
24.202083333333334,70.70208333333333,1.5
24.202083333333334,70.80208333333333,1.5
24.202083333333334,70.90208333333334,1.5
24.202083333333334,71.00208333333333,1.5
24.202083333333334,71.10208333333333,1.5
24.202083333333334,71.20208333333333,1.5
24.202083333333334,71.30208333333333,1.5
24.202083333333334,71.40208333333334,16.625288
24.202083333333334,71.50208333333333,29.464844
24.202083333333334,71.60208333333333,41.503067
24.202083333333334,71.70208333333333,56.39431
24.202083333333334,71.80208333333333,77.12938
24.202083333333334,71.90208333333334,93.12502
24.202083333333334,72.00208333333333,107.6024
24.202083333333334,72.10208333333333,109.432755
24.202083333333334,72.20208333333333,146.00142
24.202083333333334,72.30208333333333,160.842
24.202083333333334,72.40208333333334,208.6769
24.202083333333334,72.50208333333333,242.1308
24.202083333333334,72.60208333333333,306.6749
24.202083333333334,72.70208333333333,271.5285
24.202083333333334,72.80208333333333,368.8329
24.202083333333334,72.90208333333334,252.42125
24.202083333333334,73.00208333333333,216.89235
24.202083333333334,73.10208333333333,264.62823
24.202083333333334,73.20208333333333,436.93872
24.302083333333336,63.40208333333333,-2931.0
24.302083333333336,63.50208333333333,-2986.0
24.302083333333336,63.60208333333333,-2565.0
24.302083333333336,63.702083333333334,-2667.0
24.302083333333336,63.802083333333336,-3119.0
24.302083333333336,63.90208333333333,-3138.0
24.302083333333336,64.00208333333333,-3047.0
24.302083333333336,64.10208333333333,-2450.0
24.302083333333336,64.20208333333333,-2614.0
24.302083333333336,64.30208333333333,-3130.0
24.302083333333336,64.40208333333334,-3063.0
24.302083333333336,64.50208333333333,-3085.0
24.302083333333336,64.60208333333333,-3049.0
24.302083333333336,64.70208333333333,-3119.0
24.302083333333336,64.80208333333333,-3042.0
24.302083333333336,64.90208333333334,-3025.0
24.302083333333336,65.00208333333333,-2855.0
24.302083333333336,65.10208333333333,-2773.0
24.302083333333336,65.20208333333333,-2602.0
24.302083333333336,65.30208333333333,-2343.0
24.302083333333336,65.40208333333334,-2036.0
24.302083333333336,65.50208333333333,-1765.0
24.302083333333336,65.60208333333333,-1036.0
24.302083333333336,65.70208333333333,-585.0
24.302083333333336,65.80208333333333,-384.0
24.302083333333336,65.90208333333334,-195.0
24.302083333333336,66.00208333333333,-117.0
24.302083333333336,66.10208333333333,-98.0
24.302083333333336,66.20208333333333,-96.0
24.302083333333336,66.30208333333333,-89.0
24.302083333333336,66.40208333333334,-76.0
24.302083333333336,66.50208333333333,-70.0
24.302083333333336,66.60208333333333,-75.0
24.302083333333336,66.70208333333333,-81.0
24.302083333333336,66.80208333333333,-73.0
24.302083333333336,66.90208333333334,-50.0
24.302083333333336,67.00208333333333,-36.0
24.302083333333336,67.10208333333333,-21.0
24.302083333333336,67.20208333333333,-6.0
24.302083333333336,67.30208333333333,1.6470222
24.302083333333336,67.40208333333334,1.3125131
24.302083333333336,67.50208333333333,2.0
24.302083333333336,67.60208333333333,4.2802224
24.302083333333336,67.70208333333333,5.2408
24.302083333333336,67.80208333333333,6.4800444
24.302083333333336,67.90208333333334,4.0324
24.302083333333336,68.00208333333333,3.3007555
24.302083333333336,68.10208333333333,5.012578
24.302083333333336,68.20208333333333,4.092
24.302083333333336,68.30208333333333,3.3732889
24.302083333333336,68.40208333333334,3.0894222
24.302083333333336,68.50208333333333,1.9257778
24.302083333333336,68.60208333333333,-1.0
24.302083333333336,68.70208333333333,1.9580889
24.302083333333336,68.80208333333333,5.0
24.302083333333336,68.90208333333334,2.6535294
24.302083333333336,69.00208333333333,2.8544443
24.302083333333336,69.10208333333333,2.828311
24.302083333333336,69.20208333333333,14.272978
24.302083333333336,69.30208333333333,31.753689
24.302083333333336,69.40208333333334,34.6396
24.302083333333336,69.50208333333333,11.345111
24.302083333333336,69.60208333333333,12.845156
24.302083333333336,69.70208333333333,6.768711
24.302083333333336,69.80208333333333,12.335244
24.302083333333336,69.90208333333334,18.43831
24.302083333333336,70.00208333333333,19.753468
24.302083333333336,70.10208333333333,10.469867
24.302083333333336,70.20208333333333,1.5
24.302083333333336,70.30208333333333,1.5
24.302083333333336,70.40208333333334,1.5
24.302083333333336,70.50208333333333,1.5117778
24.302083333333336,70.60208333333333,18.227423
24.302083333333336,70.70208333333333,81.38582
24.302083333333336,70.80208333333333,43.982445
24.302083333333336,70.90208333333334,1.5
24.302083333333336,71.00208333333333,1.5
24.302083333333336,71.10208333333333,1.5
24.302083333333336,71.20208333333333,1.5
24.302083333333336,71.30208333333333,8.670045
24.302083333333336,71.40208333333334,21.066444
24.302083333333336,71.50208333333333,31.1864
24.302083333333336,71.60208333333333,42.305244
24.302083333333336,71.70208333333333,58.418266
24.302083333333336,71.80208333333333,80.3536
24.302083333333336,71.90208333333334,103.42791
24.302083333333336,72.00208333333333,119.60609
24.302083333333336,72.10208333333333,136.294
24.302083333333336,72.20208333333333,122.78426
24.302083333333336,72.30208333333333,166.20374
24.302083333333336,72.40208333333334,183.62943
24.302083333333336,72.50208333333333,211.54115
24.302083333333336,72.60208333333333,300.13266
24.302083333333336,72.70208333333333,368.2749
24.302083333333336,72.80208333333333,429.35657
24.302083333333336,72.90208333333334,457.532
24.302083333333336,73.00208333333333,287.99142
24.302083333333336,73.10208333333333,292.30942
24.302083333333336,73.20208333333333,390.8206
24.402083333333334,63.40208333333333,-2325.0
24.402083333333334,63.50208333333333,-2747.0
24.402083333333334,63.60208333333333,-2428.0
24.402083333333334,63.702083333333334,-2625.0
24.402083333333334,63.802083333333336,-2000.0
24.402083333333334,63.90208333333333,-2648.0
24.402083333333334,64.00208333333333,-2553.0
24.402083333333334,64.10208333333333,-2739.0
24.402083333333334,64.20208333333333,-2797.0
24.402083333333334,64.30208333333333,-2498.0
24.402083333333334,64.40208333333334,-2483.0
24.402083333333334,64.50208333333333,-3116.0
24.402083333333334,64.60208333333333,-3017.0
24.402083333333334,64.70208333333333,-3036.0
24.402083333333334,64.80208333333333,-3049.0
24.402083333333334,64.90208333333334,-3034.0
24.402083333333334,65.00208333333333,-3048.0
24.402083333333334,65.10208333333333,-2234.0
24.402083333333334,65.20208333333333,-2829.0
24.402083333333334,65.30208333333333,-2604.0
24.402083333333334,65.40208333333334,-2253.0
24.402083333333334,65.50208333333333,-1962.0
24.402083333333334,65.60208333333333,-1592.0
24.402083333333334,65.70208333333333,-1187.0
24.402083333333334,65.80208333333333,-501.0
24.402083333333334,65.90208333333334,-147.0
24.402083333333334,66.00208333333333,-112.0
24.402083333333334,66.10208333333333,-98.0
24.402083333333334,66.20208333333333,-94.0
24.402083333333334,66.30208333333333,-82.0
24.402083333333334,66.40208333333334,-78.0
24.402083333333334,66.50208333333333,-77.0
24.402083333333334,66.60208333333333,-73.0
24.402083333333334,66.70208333333333,-70.0
24.402083333333334,66.80208333333333,-65.0
24.402083333333334,66.90208333333334,-56.0
24.402083333333334,67.00208333333333,-47.0
24.402083333333334,67.10208333333333,-18.0
24.402083333333334,67.20208333333333,-4.0
24.402083333333334,67.30208333333333,1.0
24.402083333333334,67.40208333333334,1.5000454
24.402083333333334,67.50208333333333,1.8590868
24.402083333333334,67.60208333333333,2.9145777
24.402083333333334,67.70208333333333,2.6982667
24.402083333333334,67.80208333333333,4.1960444
24.402083333333334,67.90208333333334,7.526311
24.402083333333334,68.00208333333333,6.3084
24.402083333333334,68.10208333333333,6.251289
24.402083333333334,68.20208333333333,4.7005334
24.402083333333334,68.30208333333333,4.5129776
24.402083333333334,68.40208333333334,4.1390224
24.402083333333334,68.50208333333333,4.318222
24.402083333333334,68.60208333333333,3.2076445
24.402083333333334,68.70208333333333,2.6905334
24.402083333333334,68.80208333333333,3.1721334
24.402083333333334,68.90208333333334,2.471289
24.402083333333334,69.00208333333333,4.82
24.402083333333334,69.10208333333333,13.426578
24.402083333333334,69.20208333333333,13.2146225
24.402083333333334,69.30208333333333,26.145512
24.402083333333334,69.40208333333334,33.351467
24.402083333333334,69.50208333333333,32.620354
24.402083333333334,69.60208333333333,27.132711
24.402083333333334,69.70208333333333,25.527866
24.402083333333334,69.80208333333333,24.899288
24.402083333333334,69.90208333333334,16.010845
24.402083333333334,70.00208333333333,13.566177
24.402083333333334,70.10208333333333,7.2084002
24.402083333333334,70.20208333333333,35.066757
24.402083333333334,70.30208333333333,25.064623
24.402083333333334,70.40208333333334,10.078578
24.402083333333334,70.50208333333333,8.495511
24.402083333333334,70.60208333333333,7.6655555
24.402083333333334,70.70208333333333,44.494446
24.402083333333334,70.80208333333333,31.630756
24.402083333333334,70.90208333333334,17.355467
24.402083333333334,71.00208333333333,22.598667
24.402083333333334,71.10208333333333,14.919644
24.402083333333334,71.20208333333333,1.5
24.402083333333334,71.30208333333333,6.713289
24.402083333333334,71.40208333333334,11.722667
24.402083333333334,71.50208333333333,28.316
24.402083333333334,71.60208333333333,44.248577
24.402083333333334,71.70208333333333,64.58911
24.402083333333334,71.80208333333333,88.7752
24.402083333333334,71.90208333333334,109.26609
24.402083333333334,72.00208333333333,137.11916
24.402083333333334,72.10208333333333,152.93524
24.402083333333334,72.20208333333333,175.28084
24.402083333333334,72.30208333333333,164.12808
24.402083333333334,72.40208333333334,225.73427
24.402083333333334,72.50208333333333,515.8338
24.402083333333334,72.60208333333333,204.79613
24.402083333333334,72.70208333333333,260.2978
24.402083333333334,72.80208333333333,362.83755
24.402083333333334,72.90208333333334,490.71375
24.402083333333334,73.00208333333333,336.48404
24.402083333333334,73.10208333333333,319.66003
24.402083333333334,73.20208333333333,358.27872
24.50208333333333,63.40208333333333,-1993.0
24.50208333333333,63.50208333333333,-2364.0
24.50208333333333,63.60208333333333,-2417.0
24.50208333333333,63.702083333333334,-1967.0
24.50208333333333,63.802083333333336,-1404.0
24.50208333333333,63.90208333333333,-1607.0
24.50208333333333,64.00208333333333,-2054.0
24.50208333333333,64.10208333333333,-1959.0
24.50208333333333,64.20208333333333,-2353.0
24.50208333333333,64.30208333333333,-2174.0
24.50208333333333,64.40208333333334,-2363.0
24.50208333333333,64.50208333333333,-1996.0
24.50208333333333,64.60208333333333,-1780.0
24.50208333333333,64.70208333333333,-2708.0
24.50208333333333,64.80208333333333,-2838.0
24.50208333333333,64.90208333333334,-2698.0
24.50208333333333,65.00208333333333,-2652.0
24.50208333333333,65.10208333333333,-2661.0
24.50208333333333,65.20208333333333,-2592.0
24.50208333333333,65.30208333333333,-2837.0
24.50208333333333,65.40208333333334,-2526.0
24.50208333333333,65.50208333333333,-2335.0
24.50208333333333,65.60208333333333,-2054.0
24.50208333333333,65.70208333333333,-1415.0
24.50208333333333,65.80208333333333,-1114.0
24.50208333333333,65.90208333333334,-474.0
24.50208333333333,66.00208333333333,-128.0
24.50208333333333,66.10208333333333,-116.0
24.50208333333333,66.20208333333333,-99.0
24.50208333333333,66.30208333333333,-75.0
24.50208333333333,66.40208333333334,-53.0
24.50208333333333,66.50208333333333,-78.0
24.50208333333333,66.60208333333333,-66.0
24.50208333333333,66.70208333333333,-50.0
24.50208333333333,66.80208333333333,-50.0
24.50208333333333,66.90208333333334,-39.0
24.50208333333333,67.00208333333333,-25.0
24.50208333333333,67.10208333333333,-14.0
24.50208333333333,67.20208333333333,-5.0
24.50208333333333,67.30208333333333,2.0307207
24.50208333333333,67.40208333333334,1.0
24.50208333333333,67.50208333333333,2.2354221
24.50208333333333,67.60208333333333,2.8224
24.50208333333333,67.70208333333333,3.2899556
24.50208333333333,67.80208333333333,5.8837776
24.50208333333333,67.90208333333334,5.833956
24.50208333333333,68.00208333333333,5.9799557
24.50208333333333,68.10208333333333,6.3664
24.50208333333333,68.20208333333333,6.276578
24.50208333333333,68.30208333333333,5.0228887
24.50208333333333,68.40208333333334,5.3708
24.50208333333333,68.50208333333333,5.624178
24.50208333333333,68.60208333333333,4.833911
24.50208333333333,68.70208333333333,5.647511
24.50208333333333,68.80208333333333,4.566889
24.50208333333333,68.90208333333334,5.637689
24.50208333333333,69.00208333333333,4.3644443
24.50208333333333,69.10208333333333,5.9720445
24.50208333333333,69.20208333333333,5.781105
24.50208333333333,69.30208333333333,31.75969
24.50208333333333,69.40208333333334,46.909466
24.50208333333333,69.50208333333333,42.760357
24.50208333333333,69.60208333333333,32.437912
24.50208333333333,69.70208333333333,32.00511
24.50208333333333,69.80208333333333,47.69249
24.50208333333333,69.90208333333334,58.817734
24.50208333333333,70.00208333333333,65.27369
24.50208333333333,70.10208333333333,44.778
24.50208333333333,70.20208333333333,59.940933
24.50208333333333,70.30208333333333,61.102978
24.50208333333333,70.40208333333334,16.686089
24.50208333333333,70.50208333333333,18.549822
24.50208333333333,70.60208333333333,22.923822
24.50208333333333,70.70208333333333,8.137156
24.50208333333333,70.80208333333333,28.013689
24.50208333333333,70.90208333333334,2.3892446
24.50208333333333,71.00208333333333,7.1657333
24.50208333333333,71.10208333333333,1.5
24.50208333333333,71.20208333333333,6.8384
24.50208333333333,71.30208333333333,7.5611553
24.50208333333333,71.40208333333334,21.1936
24.50208333333333,71.50208333333333,29.981379
24.50208333333333,71.60208333333333,41.431202
24.50208333333333,71.70208333333333,54.68929
24.50208333333333,71.80208333333333,80.71711
24.50208333333333,71.90208333333334,105.17391
24.50208333333333,72.00208333333333,127.4756
24.50208333333333,72.10208333333333,166.55449
24.50208333333333,72.20208333333333,208.0003
24.50208333333333,72.30208333333333,217.44853
24.50208333333333,72.40208333333334,208.05933
24.50208333333333,72.50208333333333,264.26022
24.50208333333333,72.60208333333333,304.3253
24.50208333333333,72.70208333333333,278.75604
24.50208333333333,72.80208333333333,266.65204
24.50208333333333,72.90208333333334,411.8258
24.50208333333333,73.00208333333333,459.78595
24.50208333333333,73.10208333333333,357.27948
24.50208333333333,73.20208333333333,478.35022
24.602083333333333,63.40208333333333,-1763.0
24.602083333333333,63.50208333333333,-1241.0
24.602083333333333,63.60208333333333,-1944.0
24.602083333333333,63.702083333333334,-1988.0
24.602083333333333,63.802083333333336,-1951.0
24.602083333333333,63.90208333333333,-2025.0
24.602083333333333,64.00208333333333,-2128.0
24.602083333333333,64.10208333333333,-1701.0
24.602083333333333,64.20208333333333,-1412.0
24.602083333333333,64.30208333333333,-1742.0
24.602083333333333,64.40208333333334,-1687.0
24.602083333333333,64.50208333333333,-1087.0
24.602083333333333,64.60208333333333,-1158.0
24.602083333333333,64.70208333333333,-1717.0
24.602083333333333,64.80208333333333,-1791.0
24.602083333333333,64.90208333333334,-1917.0
24.602083333333333,65.00208333333333,-1759.0
24.602083333333333,65.10208333333333,-1814.0
24.602083333333333,65.20208333333333,-2000.0
24.602083333333333,65.30208333333333,-2588.0
24.602083333333333,65.40208333333334,-2321.0
24.602083333333333,65.50208333333333,-2477.0
24.602083333333333,65.60208333333333,-1982.0
24.602083333333333,65.70208333333333,-1833.0
24.602083333333333,65.80208333333333,-1393.0
24.602083333333333,65.90208333333334,-944.0
24.602083333333333,66.00208333333333,-272.0
24.602083333333333,66.10208333333333,-191.0
24.602083333333333,66.20208333333333,-107.0
24.602083333333333,66.30208333333333,-80.0
24.602083333333333,66.40208333333334,-75.0
24.602083333333333,66.50208333333333,-54.0
24.602083333333333,66.60208333333333,-48.0
24.602083333333333,66.70208333333333,-53.0
24.602083333333333,66.80208333333333,-38.0
24.602083333333333,66.90208333333334,-26.0
24.602083333333333,67.00208333333333,-19.0
24.602083333333333,67.10208333333333,-2.0
24.602083333333333,67.20208333333333,-3.0
24.602083333333333,67.30208333333333,1.6981295
24.602083333333333,67.40208333333334,1.6707207
24.602083333333333,67.50208333333333,3.0123112
24.602083333333333,67.60208333333333,3.5480888
24.602083333333333,67.70208333333333,5.3070664
24.602083333333333,67.80208333333333,6.6029334
24.602083333333333,67.90208333333334,8.833423
24.602083333333333,68.00208333333333,3.485111
24.602083333333333,68.10208333333333,7.7142224
24.602083333333333,68.20208333333333,6.408178
24.602083333333333,68.30208333333333,7.243067
24.602083333333333,68.40208333333334,6.962222
24.602083333333333,68.50208333333333,7.7879558
24.602083333333333,68.60208333333333,7.538133
24.602083333333333,68.70208333333333,6.5707555
24.602083333333333,68.80208333333333,7.947289
24.602083333333333,68.90208333333334,6.5797334
24.602083333333333,69.00208333333333,6.330089
24.602083333333333,69.10208333333333,7.2466664
24.602083333333333,69.20208333333333,5.2966223
24.602083333333333,69.30208333333333,5.242
24.602083333333333,69.40208333333334,19.10271
24.602083333333333,69.50208333333333,37.038445
24.602083333333333,69.60208333333333,24.657822
24.602083333333333,69.70208333333333,51.8808
24.602083333333333,69.80208333333333,54.19142
24.602083333333333,69.90208333333334,70.94831
24.602083333333333,70.00208333333333,74.764755
24.602083333333333,70.10208333333333,65.3716
24.602083333333333,70.20208333333333,55.293957
24.602083333333333,70.30208333333333,76.24338
24.602083333333333,70.40208333333334,55.96449
24.602083333333333,70.50208333333333,37.106045
24.602083333333333,70.60208333333333,54.413246
24.602083333333333,70.70208333333333,52.64129
24.602083333333333,70.80208333333333,14.9864
24.602083333333333,70.90208333333334,33.970577
24.602083333333333,71.00208333333333,1.5
24.602083333333333,71.10208333333333,6.8149776
24.602083333333333,71.20208333333333,7.243511
24.602083333333333,71.30208333333333,9.674578
24.602083333333333,71.40208333333334,26.951511
24.602083333333333,71.50208333333333,33.661022
24.602083333333333,71.60208333333333,45.816666
24.602083333333333,71.70208333333333,59.7932
24.602083333333333,71.80208333333333,78.007286
24.602083333333333,71.90208333333334,101.63511
24.602083333333333,72.00208333333333,130.38245
24.602083333333333,72.10208333333333,164.13414
24.602083333333333,72.20208333333333,212.07196
24.602083333333333,72.30208333333333,242.81648
24.602083333333333,72.40208333333334,266.23138
24.602083333333333,72.50208333333333,241.28044
24.602083333333333,72.60208333333333,261.9748
24.602083333333333,72.70208333333333,1190.8478
24.602083333333333,72.80208333333333,445.94855
24.602083333333333,72.90208333333334,322.40698
24.602083333333333,73.00208333333333,369.50992
24.602083333333333,73.10208333333333,490.85303
24.602083333333333,73.20208333333333,442.8389
