20.302083333333332,67.20208333333333,-3016.0
20.302083333333332,67.30208333333333,-2997.0
20.302083333333332,67.40208333333334,-2997.0
20.302083333333332,67.50208333333333,-3051.0
20.302083333333332,67.60208333333333,-3027.0
20.302083333333332,67.70208333333333,-2997.0
20.302083333333332,67.80208333333333,-3055.0
20.302083333333332,67.90208333333334,-2946.0
20.302083333333332,68.00208333333333,-2952.0
20.302083333333332,68.10208333333333,-2996.0
20.302083333333332,68.20208333333333,-2936.0
20.302083333333332,68.30208333333333,-3023.0
20.302083333333332,68.40208333333334,-3157.0
20.302083333333332,68.50208333333333,-3019.0
20.302083333333332,68.60208333333333,-3048.0
20.302083333333332,68.70208333333333,-3062.0
20.302083333333332,68.80208333333333,-2756.0
20.302083333333332,68.90208333333334,-2467.0
20.302083333333332,69.00208333333333,-1977.0
20.302083333333332,69.10208333333333,-1258.0
20.302083333333332,69.20208333333333,-950.0
20.302083333333332,69.30208333333333,-611.0
20.302083333333332,69.40208333333334,-233.0
20.302083333333332,69.50208333333333,-111.0
20.302083333333332,69.60208333333333,-85.0
20.302083333333332,69.70208333333333,-94.0
20.302083333333332,69.80208333333333,-73.0
20.302083333333332,69.90208333333334,-78.0
20.302083333333332,70.00208333333333,-89.0
20.302083333333332,70.10208333333333,-68.0
20.302083333333332,70.20208333333333,-75.0
20.302083333333332,70.30208333333333,-76.0
20.302083333333332,70.40208333333334,-84.0
20.302083333333332,70.50208333333333,-85.0
20.302083333333332,70.60208333333333,-79.0
20.302083333333332,70.70208333333333,-72.0
20.302083333333332,70.80208333333333,-75.0
20.302083333333332,70.90208333333334,-58.0
20.302083333333332,71.00208333333333,-51.0
20.302083333333332,71.10208333333333,-44.0
20.302083333333332,71.20208333333333,-35.0
20.302083333333332,71.30208333333333,-31.0
20.302083333333332,71.40208333333334,-31.0
20.302083333333332,71.50208333333333,-30.0
20.302083333333332,71.60208333333333,-28.0
20.302083333333332,71.70208333333333,-26.0
20.302083333333332,71.80208333333333,-25.0
20.302083333333332,71.90208333333334,-23.0
20.302083333333332,72.00208333333333,-27.0
20.302083333333332,72.10208333333333,-21.0
20.302083333333332,72.20208333333333,-30.0
20.302083333333332,72.30208333333333,-30.0
20.302083333333332,72.40208333333334,-32.0
20.302083333333332,72.50208333333333,-42.0
20.302083333333332,72.60208333333333,-27.0
20.302083333333332,72.70208333333333,-12.0
20.302083333333332,72.80208333333333,17.8312
20.302083333333332,72.90208333333334,22.58729
20.302083333333332,73.00208333333333,38.16169
20.302083333333332,73.10208333333333,109.819954
20.302083333333332,73.20208333333333,195.21333
20.402083333333334,67.20208333333333,-2982.0
20.402083333333334,67.30208333333333,-3036.0
20.402083333333334,67.40208333333334,-3046.0
20.402083333333334,67.50208333333333,-3001.0
20.402083333333334,67.60208333333333,-2994.0
20.402083333333334,67.70208333333333,-3006.0
20.402083333333334,67.80208333333333,-3033.0
20.402083333333334,67.90208333333334,-2999.0
20.402083333333334,68.00208333333333,-3024.0
20.402083333333334,68.10208333333333,-2998.0
20.402083333333334,68.20208333333333,-2920.0
20.402083333333334,68.30208333333333,-3000.0
20.402083333333334,68.40208333333334,-3017.0
20.402083333333334,68.50208333333333,-3021.0
20.402083333333334,68.60208333333333,-3016.0
20.402083333333334,68.70208333333333,-2934.0
20.402083333333334,68.80208333333333,-2941.0
20.402083333333334,68.90208333333334,-2520.0
20.402083333333334,69.00208333333333,-1721.0
20.402083333333334,69.10208333333333,-1245.0
20.402083333333334,69.20208333333333,-881.0
20.402083333333334,69.30208333333333,-470.0
20.402083333333334,69.40208333333334,-159.0
20.402083333333334,69.50208333333333,-100.0
20.402083333333334,69.60208333333333,-81.0
20.402083333333334,69.70208333333333,-87.0
20.402083333333334,69.80208333333333,-66.0
20.402083333333334,69.90208333333334,-73.0
20.402083333333334,70.00208333333333,-61.0
20.402083333333334,70.10208333333333,-72.0
20.402083333333334,70.20208333333333,-71.0
20.402083333333334,70.30208333333333,-81.0
20.402083333333334,70.40208333333334,-78.0
20.402083333333334,70.50208333333333,-69.0
20.402083333333334,70.60208333333333,-61.0
20.402083333333334,70.70208333333333,-58.0
20.402083333333334,70.80208333333333,-50.0
20.402083333333334,70.90208333333334,-47.0
20.402083333333334,71.00208333333333,-41.0
20.402083333333334,71.10208333333333,-35.0
20.402083333333334,71.20208333333333,-29.0
20.402083333333334,71.30208333333333,-27.0
20.402083333333334,71.40208333333334,-26.0
20.402083333333334,71.50208333333333,-25.0
20.402083333333334,71.60208333333333,-28.0
20.402083333333334,71.70208333333333,-26.0
20.402083333333334,71.80208333333333,-27.0
20.402083333333334,71.90208333333334,-22.0
20.402083333333334,72.00208333333333,-25.0
20.402083333333334,72.10208333333333,-21.0
20.402083333333334,72.20208333333333,-20.0
20.402083333333334,72.30208333333333,-30.0
20.402083333333334,72.40208333333334,-31.0
20.402083333333334,72.50208333333333,-32.0
20.402083333333334,72.60208333333333,-26.0
20.402083333333334,72.70208333333333,-14.0
20.402083333333334,72.80208333333333,-2.0
20.402083333333334,72.90208333333334,26.729866
20.402083333333334,73.00208333333333,29.481823
20.402083333333334,73.10208333333333,67.708534
20.402083333333334,73.20208333333333,203.81107
20.50208333333333,67.20208333333333,-3061.0
20.50208333333333,67.30208333333333,-3069.0
20.50208333333333,67.40208333333334,-3155.0
20.50208333333333,67.50208333333333,-3073.0
20.50208333333333,67.60208333333333,-3100.0
20.50208333333333,67.70208333333333,-3036.0
20.50208333333333,67.80208333333333,-2933.0
20.50208333333333,67.90208333333334,-3008.0
20.50208333333333,68.00208333333333,-2950.0
20.50208333333333,68.10208333333333,-2939.0
20.50208333333333,68.20208333333333,-2915.0
20.50208333333333,68.30208333333333,-2862.0
20.50208333333333,68.40208333333334,-2731.0
20.50208333333333,68.50208333333333,-2932.0
20.50208333333333,68.60208333333333,-2991.0
20.50208333333333,68.70208333333333,-2985.0
20.50208333333333,68.80208333333333,-2729.0
20.50208333333333,68.90208333333334,-2210.0
20.50208333333333,69.00208333333333,-1807.0
20.50208333333333,69.10208333333333,-1158.0
20.50208333333333,69.20208333333333,-910.0
20.50208333333333,69.30208333333333,-354.0
20.50208333333333,69.40208333333334,-123.0
20.50208333333333,69.50208333333333,-87.0
20.50208333333333,69.60208333333333,-84.0
20.50208333333333,69.70208333333333,-100.0
20.50208333333333,69.80208333333333,-70.0
20.50208333333333,69.90208333333334,-63.0
20.50208333333333,70.00208333333333,-63.0
20.50208333333333,70.10208333333333,-70.0
20.50208333333333,70.20208333333333,-69.0
20.50208333333333,70.30208333333333,-64.0
20.50208333333333,70.40208333333334,-58.0
20.50208333333333,70.50208333333333,-50.0
20.50208333333333,70.60208333333333,-45.0
20.50208333333333,70.70208333333333,-42.0
20.50208333333333,70.80208333333333,-38.0
20.50208333333333,70.90208333333334,-36.0
20.50208333333333,71.00208333333333,-34.0
20.50208333333333,71.10208333333333,-30.0
20.50208333333333,71.20208333333333,-27.0
20.50208333333333,71.30208333333333,-24.0
20.50208333333333,71.40208333333334,-23.0
20.50208333333333,71.50208333333333,-22.0
20.50208333333333,71.60208333333333,-22.0
20.50208333333333,71.70208333333333,-22.0
20.50208333333333,71.80208333333333,-20.0
20.50208333333333,71.90208333333334,-23.0
20.50208333333333,72.00208333333333,-22.0
20.50208333333333,72.10208333333333,-21.0
20.50208333333333,72.20208333333333,-16.0
20.50208333333333,72.30208333333333,-27.0
20.50208333333333,72.40208333333334,-31.0
20.50208333333333,72.50208333333333,-30.0
20.50208333333333,72.60208333333333,-23.0
20.50208333333333,72.70208333333333,-13.0
20.50208333333333,72.80208333333333,-7.0
20.50208333333333,72.90208333333334,4.4533334
20.50208333333333,73.00208333333333,32.717865
20.50208333333333,73.10208333333333,49.230976
20.50208333333333,73.20208333333333,89.958176
20.602083333333333,67.20208333333333,-2944.0
20.602083333333333,67.30208333333333,-2928.0
20.602083333333333,67.40208333333334,-2967.0
20.602083333333333,67.50208333333333,-3005.0
20.602083333333333,67.60208333333333,-3008.0
20.602083333333333,67.70208333333333,-2908.0
20.602083333333333,67.80208333333333,-2951.0
20.602083333333333,67.90208333333334,-2937.0
20.602083333333333,68.00208333333333,-2921.0
20.602083333333333,68.10208333333333,-2920.0
20.602083333333333,68.20208333333333,-2894.0
20.602083333333333,68.30208333333333,-2854.0
20.602083333333333,68.40208333333334,-2783.0
20.602083333333333,68.50208333333333,-2962.0
20.602083333333333,68.60208333333333,-2902.0
20.602083333333333,68.70208333333333,-2675.0
20.602083333333333,68.80208333333333,-2280.0
20.602083333333333,68.90208333333334,-1977.0
20.602083333333333,69.00208333333333,-1567.0
20.602083333333333,69.10208333333333,-1183.0
20.602083333333333,69.20208333333333,-794.0
20.602083333333333,69.30208333333333,-185.0
20.602083333333333,69.40208333333334,-99.0
20.602083333333333,69.50208333333333,-72.0
20.602083333333333,69.60208333333333,-79.0
20.602083333333333,69.70208333333333,-85.0
20.602083333333333,69.80208333333333,-91.0
20.602083333333333,69.90208333333334,-65.0
20.602083333333333,70.00208333333333,-70.0
20.602083333333333,70.10208333333333,-64.0
20.602083333333333,70.20208333333333,-63.0
20.602083333333333,70.30208333333333,-52.0
20.602083333333333,70.40208333333334,-46.0
20.602083333333333,70.50208333333333,-40.0
20.602083333333333,70.60208333333333,-35.0
20.602083333333333,70.70208333333333,-30.0
20.602083333333333,70.80208333333333,-29.0
20.602083333333333,70.90208333333334,-28.0
20.602083333333333,71.00208333333333,-29.0
20.602083333333333,71.10208333333333,-27.0
20.602083333333333,71.20208333333333,-25.0
20.602083333333333,71.30208333333333,-22.0
20.602083333333333,71.40208333333334,-21.0
20.602083333333333,71.50208333333333,-20.0
20.602083333333333,71.60208333333333,-19.0
20.602083333333333,71.70208333333333,-19.0
20.602083333333333,71.80208333333333,-21.0
20.602083333333333,71.90208333333334,-19.0
20.602083333333333,72.00208333333333,-20.0
20.602083333333333,72.10208333333333,-21.0
20.602083333333333,72.20208333333333,-19.0
20.602083333333333,72.30208333333333,-23.0
20.602083333333333,72.40208333333334,-30.0
20.602083333333333,72.50208333333333,-25.0
20.602083333333333,72.60208333333333,-21.0
20.602083333333333,72.70208333333333,-13.0
20.602083333333333,72.80208333333333,-5.0
20.602083333333333,72.90208333333334,4.167333
20.602083333333333,73.00208333333333,17.250444
20.602083333333333,73.10208333333333,38.86458
20.602083333333333,73.20208333333333,89.81831
20.702083333333334,67.20208333333333,-2828.0
20.702083333333334,67.30208333333333,-2880.0
20.702083333333334,67.40208333333334,-2931.0
20.702083333333334,67.50208333333333,-2972.0
20.702083333333334,67.60208333333333,-2933.0
20.702083333333334,67.70208333333333,-2940.0
20.702083333333334,67.80208333333333,-2900.0
20.702083333333334,67.90208333333334,-2901.0
20.702083333333334,68.00208333333333,-2883.0
20.702083333333334,68.10208333333333,-2853.0
20.702083333333334,68.20208333333333,-2835.0
20.702083333333334,68.30208333333333,-2781.0
20.702083333333334,68.40208333333334,-2823.0
20.702083333333334,68.50208333333333,-2575.0
20.702083333333334,68.60208333333333,-2705.0
20.702083333333334,68.70208333333333,-2648.0
20.702083333333334,68.80208333333333,-1881.0
20.702083333333334,68.90208333333334,-1678.0
20.702083333333334,69.00208333333333,-1243.0
20.702083333333334,69.10208333333333,-796.0
20.702083333333334,69.20208333333333,-461.0
20.702083333333334,69.30208333333333,-132.0
20.702083333333334,69.40208333333334,-91.0
20.702083333333334,69.50208333333333,-77.0
20.702083333333334,69.60208333333333,-113.0
20.702083333333334,69.70208333333333,-94.0
20.702083333333334,69.80208333333333,-113.0
20.702083333333334,69.90208333333334,-70.0
20.702083333333334,70.00208333333333,-64.0
20.702083333333334,70.10208333333333,-62.0
20.702083333333334,70.20208333333333,-50.0
20.702083333333334,70.30208333333333,-43.0
20.702083333333334,70.40208333333334,-36.0
20.702083333333334,70.50208333333333,-31.0
20.702083333333334,70.60208333333333,-25.0
20.702083333333334,70.70208333333333,-20.0
20.702083333333334,70.80208333333333,9.0
20.702083333333334,70.90208333333334,14.7832
20.702083333333334,71.00208333333333,-21.0
20.702083333333334,71.10208333333333,-22.0
20.702083333333334,71.20208333333333,-22.0
20.702083333333334,71.30208333333333,-20.0
20.702083333333334,71.40208333333334,-19.0
20.702083333333334,71.50208333333333,-17.0
20.702083333333334,71.60208333333333,-16.0
20.702083333333334,71.70208333333333,-16.0
20.702083333333334,71.80208333333333,-16.0
20.702083333333334,71.90208333333334,-10.0
20.702083333333334,72.00208333333333,-10.0
20.702083333333334,72.10208333333333,-8.0
20.702083333333334,72.20208333333333,-19.0
20.702083333333334,72.30208333333333,-19.0
20.702083333333334,72.40208333333334,-23.0
20.702083333333334,72.50208333333333,-29.0
20.702083333333334,72.60208333333333,-19.0
20.702083333333334,72.70208333333333,-11.0
20.702083333333334,72.80208333333333,-3.0
20.702083333333334,72.90208333333334,3.882
20.702083333333334,73.00208333333333,17.252579
20.702083333333334,73.10208333333333,24.781422
20.702083333333334,73.20208333333333,54.538887
20.802083333333332,67.20208333333333,-2539.0
20.802083333333332,67.30208333333333,-2824.0
20.802083333333332,67.40208333333334,-2888.0
20.802083333333332,67.50208333333333,-2874.0
20.802083333333332,67.60208333333333,-2846.0
20.802083333333332,67.70208333333333,-2890.0
20.802083333333332,67.80208333333333,-2877.0
20.802083333333332,67.90208333333334,-2880.0
20.802083333333332,68.00208333333333,-2847.0
20.802083333333332,68.10208333333333,-2841.0
20.802083333333332,68.20208333333333,-2806.0
20.802083333333332,68.30208333333333,-2740.0
20.802083333333332,68.40208333333334,-2626.0
20.802083333333332,68.50208333333333,-2515.0
20.802083333333332,68.60208333333333,-2378.0
20.802083333333332,68.70208333333333,-2101.0
20.802083333333332,68.80208333333333,-2154.0
20.802083333333332,68.90208333333334,-1828.0
20.802083333333332,69.00208333333333,-1318.0
20.802083333333332,69.10208333333333,-662.0
20.802083333333332,69.20208333333333,-302.0
20.802083333333332,69.30208333333333,-100.0
20.802083333333332,69.40208333333334,-83.0
20.802083333333332,69.50208333333333,-98.0
20.802083333333332,69.60208333333333,-78.0
20.802083333333332,69.70208333333333,-75.0
20.802083333333332,69.80208333333333,-80.0
20.802083333333332,69.90208333333334,-59.0
20.802083333333332,70.00208333333333,-53.0
20.802083333333332,70.10208333333333,-45.0
20.802083333333332,70.20208333333333,-38.0
20.802083333333332,70.30208333333333,-33.0
20.802083333333332,70.40208333333334,-27.0
20.802083333333332,70.50208333333333,-20.0
20.802083333333332,70.60208333333333,4.433422
20.802083333333332,70.70208333333333,10.923467
20.802083333333332,70.80208333333333,11.981556
20.802083333333332,70.90208333333334,12.157778
20.802083333333332,71.00208333333333,17.636667
20.802083333333332,71.10208333333333,11.185555
20.802083333333332,71.20208333333333,3.2478223
20.802083333333332,71.30208333333333,-17.0
20.802083333333332,71.40208333333334,-15.0
20.802083333333332,71.50208333333333,-15.0
20.802083333333332,71.60208333333333,-13.0
20.802083333333332,71.70208333333333,-14.0
20.802083333333332,71.80208333333333,-14.0
20.802083333333332,71.90208333333334,-11.0
20.802083333333332,72.00208333333333,-19.0
20.802083333333332,72.10208333333333,-21.0
20.802083333333332,72.20208333333333,-6.0
20.802083333333332,72.30208333333333,-24.0
20.802083333333332,72.40208333333334,-9.0
20.802083333333332,72.50208333333333,-29.0
20.802083333333332,72.60208333333333,-18.0
20.802083333333332,72.70208333333333,-9.0
20.802083333333332,72.80208333333333,-2.0
20.802083333333332,72.90208333333334,11.656445
20.802083333333332,73.00208333333333,9.685111
20.802083333333332,73.10208333333333,40.247955
20.802083333333332,73.20208333333333,51.10938
20.902083333333334,67.20208333333333,-2518.0
20.902083333333334,67.30208333333333,-2620.0
20.902083333333334,67.40208333333334,-2722.0
20.902083333333334,67.50208333333333,-2825.0
20.902083333333334,67.60208333333333,-2872.0
20.902083333333334,67.70208333333333,-2877.0
20.902083333333334,67.80208333333333,-2866.0
20.902083333333334,67.90208333333334,-2881.0
20.902083333333334,68.00208333333333,-2864.0
20.902083333333334,68.10208333333333,-2775.0
20.902083333333334,68.20208333333333,-2697.0
20.902083333333334,68.30208333333333,-2597.0
20.902083333333334,68.40208333333334,-2478.0
20.902083333333334,68.50208333333333,-2170.0
20.902083333333334,68.60208333333333,-2224.0
20.902083333333334,68.70208333333333,-2000.0
20.902083333333334,68.80208333333333,-1586.0
20.902083333333334,68.90208333333334,-1831.0
20.902083333333334,69.00208333333333,-1144.0
20.902083333333334,69.10208333333333,-1386.0
20.902083333333334,69.20208333333333,-545.0
20.902083333333334,69.30208333333333,-84.0
20.902083333333334,69.40208333333334,-82.0
20.902083333333334,69.50208333333333,-76.0
20.902083333333334,69.60208333333333,-70.0
20.902083333333334,69.70208333333333,-64.0
20.902083333333334,69.80208333333333,-57.0
20.902083333333334,69.90208333333334,-49.0
20.902083333333334,70.00208333333333,-43.0
20.902083333333334,70.10208333333333,-36.0
20.902083333333334,70.20208333333333,-29.0
20.902083333333334,70.30208333333333,-22.0
20.902083333333334,70.40208333333334,5.499111
20.902083333333334,70.50208333333333,20.218977
20.902083333333334,70.60208333333333,48.415157
20.902083333333334,70.70208333333333,42.960754
20.902083333333334,70.80208333333333,55.539467
20.902083333333334,70.90208333333334,64.71502
20.902083333333334,71.00208333333333,56.132313
20.902083333333334,71.10208333333333,45.30409
20.902083333333334,71.20208333333333,32.745243
20.902083333333334,71.30208333333333,14.404978
20.902083333333334,71.40208333333334,21.424534
20.902083333333334,71.50208333333333,-7.0
20.902083333333334,71.60208333333333,-12.0
20.902083333333334,71.70208333333333,-13.0
20.902083333333334,71.80208333333333,-13.0
20.902083333333334,71.90208333333334,-12.0
20.902083333333334,72.00208333333333,-20.0
20.902083333333334,72.10208333333333,-20.0
20.902083333333334,72.20208333333333,-7.0
20.902083333333334,72.30208333333333,-23.0
20.902083333333334,72.40208333333334,-10.0
20.902083333333334,72.50208333333333,-6.0
20.902083333333334,72.60208333333333,-18.0
20.902083333333334,72.70208333333333,-8.0
20.902083333333334,72.80208333333333,3.9283555
20.902083333333334,72.90208333333334,12.1436
20.902083333333334,73.00208333333333,20.237467
20.902083333333334,73.10208333333333,36.79
20.902083333333334,73.20208333333333,46.635376
21.00208333333333,67.20208333333333,-2616.0
21.00208333333333,67.30208333333333,-2552.0
21.00208333333333,67.40208333333334,-2480.0
21.00208333333333,67.50208333333333,-2351.0
21.00208333333333,67.60208333333333,-2383.0
21.00208333333333,67.70208333333333,-2701.0
21.00208333333333,67.80208333333333,-2753.0
21.00208333333333,67.90208333333334,-2653.0
21.00208333333333,68.00208333333333,-2720.0
21.00208333333333,68.10208333333333,-2710.0
21.00208333333333,68.20208333333333,-2462.0
21.00208333333333,68.30208333333333,-2434.0
21.00208333333333,68.40208333333334,-2130.0
21.00208333333333,68.50208333333333,-2138.0
21.00208333333333,68.60208333333333,-2007.0
21.00208333333333,68.70208333333333,-2097.0
21.00208333333333,68.80208333333333,-1421.0
21.00208333333333,68.90208333333334,-1054.0
21.00208333333333,69.00208333333333,-872.0
21.00208333333333,69.10208333333333,-343.0
21.00208333333333,69.20208333333333,-110.0
21.00208333333333,69.30208333333333,-77.0
21.00208333333333,69.40208333333334,-72.0
21.00208333333333,69.50208333333333,-78.0
21.00208333333333,69.60208333333333,-63.0
21.00208333333333,69.70208333333333,-51.0
21.00208333333333,69.80208333333333,-50.0
21.00208333333333,69.90208333333334,-40.0
21.00208333333333,70.00208333333333,-34.0
21.00208333333333,70.10208333333333,-27.0
21.00208333333333,70.20208333333333,-16.0
21.00208333333333,70.30208333333333,12.901289
21.00208333333333,70.40208333333334,42.514046
21.00208333333333,70.50208333333333,58.044754
21.00208333333333,70.60208333333333,112.27155
21.00208333333333,70.70208333333333,134.21556
21.00208333333333,70.80208333333333,130.79182
21.00208333333333,70.90208333333334,151.84845
21.00208333333333,71.00208333333333,167.0333
21.00208333333333,71.10208333333333,134.6676
21.00208333333333,71.20208333333333,109.507645
21.00208333333333,71.30208333333333,56.35898
21.00208333333333,71.40208333333334,36.375023
21.00208333333333,71.50208333333333,2.7258666
21.00208333333333,71.60208333333333,1.4689248
21.00208333333333,71.70208333333333,4.54192
21.00208333333333,71.80208333333333,-14.0
21.00208333333333,71.90208333333334,-10.0
21.00208333333333,72.00208333333333,-12.0
21.00208333333333,72.10208333333333,-7.0
21.00208333333333,72.20208333333333,-20.0
21.00208333333333,72.30208333333333,-5.0
21.00208333333333,72.40208333333334,-30.0
21.00208333333333,72.50208333333333,-20.0
21.00208333333333,72.60208333333333,-20.0
21.00208333333333,72.70208333333333,-2.0
21.00208333333333,72.80208333333333,3.555911
21.00208333333333,72.90208333333334,7.8076
21.00208333333333,73.00208333333333,14.7296
21.00208333333333,73.10208333333333,21.307734
21.00208333333333,73.20208333333333,45.19813
21.102083333333333,67.20208333333333,-2428.0
21.102083333333333,67.30208333333333,-2455.0
21.102083333333333,67.40208333333334,-2492.0
21.102083333333333,67.50208333333333,-2470.0
21.102083333333333,67.60208333333333,-2321.0
21.102083333333333,67.70208333333333,-1619.0
21.102083333333333,67.80208333333333,-1726.0
21.102083333333333,67.90208333333334,-1621.0
21.102083333333333,68.00208333333333,-1393.0
21.102083333333333,68.10208333333333,-1659.0
21.102083333333333,68.20208333333333,-1994.0
21.102083333333333,68.30208333333333,-2108.0
21.102083333333333,68.40208333333334,-1889.0
21.102083333333333,68.50208333333333,-1719.0
21.102083333333333,68.60208333333333,-1488.0
21.102083333333333,68.70208333333333,-1373.0
21.102083333333333,68.80208333333333,-1004.0
21.102083333333333,68.90208333333334,-321.0
21.102083333333333,69.00208333333333,-115.0
21.102083333333333,69.10208333333333,-97.0
21.102083333333333,69.20208333333333,-84.0
21.102083333333333,69.30208333333333,-78.0
21.102083333333333,69.40208333333334,-77.0
21.102083333333333,69.50208333333333,-64.0
21.102083333333333,69.60208333333333,-56.0
21.102083333333333,69.70208333333333,-47.0
21.102083333333333,69.80208333333333,-39.0
21.102083333333333,69.90208333333334,-31.0
21.102083333333333,70.00208333333333,-25.0
21.102083333333333,70.10208333333333,-7.0
21.102083333333333,70.20208333333333,29.415422
21.102083333333333,70.30208333333333,29.604979
21.102083333333333,70.40208333333334,99.754
21.102083333333333,70.50208333333333,112.89804
21.102083333333333,70.60208333333333,175.7244
21.102083333333333,70.70208333333333,249.48996
21.102083333333333,70.80208333333333,210.68343
21.102083333333333,70.90208333333334,240.21391
21.102083333333333,71.00208333333333,256.4174
21.102083333333333,71.10208333333333,230.28137
21.102083333333333,71.20208333333333,269.44943
21.102083333333333,71.30208333333333,140.16916
21.102083333333333,71.40208333333334,84.385864
21.102083333333333,71.50208333333333,53.641823
21.102083333333333,71.60208333333333,45.535023
21.102083333333333,71.70208333333333,32.138046
21.102083333333333,71.80208333333333,9.417867
21.102083333333333,71.90208333333334,-5.0
21.102083333333333,72.00208333333333,-12.0
21.102083333333333,72.10208333333333,-19.0
21.102083333333333,72.20208333333333,-17.0
21.102083333333333,72.30208333333333,-7.0
21.102083333333333,72.40208333333334,-21.0
21.102083333333333,72.50208333333333,-19.0
21.102083333333333,72.60208333333333,-9.0
21.102083333333333,72.70208333333333,7.7567716
21.102083333333333,72.80208333333333,5.389467
21.102083333333333,72.90208333333334,13.206756
21.102083333333333,73.00208333333333,20.7548
21.102083333333333,73.10208333333333,21.3524
21.102083333333333,73.20208333333333,37.34671
21.202083333333334,67.20208333333333,-2334.0
21.202083333333334,67.30208333333333,-2391.0
21.202083333333334,67.40208333333334,-2392.0
21.202083333333334,67.50208333333333,-2352.0
21.202083333333334,67.60208333333333,-2122.0
21.202083333333334,67.70208333333333,-2058.0
21.202083333333334,67.80208333333333,-2136.0
21.202083333333334,67.90208333333334,-1318.0
21.202083333333334,68.00208333333333,-1184.0
21.202083333333334,68.10208333333333,-1006.0
21.202083333333334,68.20208333333333,-1003.0
21.202083333333334,68.30208333333333,-456.0
21.202083333333334,68.40208333333334,-280.0
21.202083333333334,68.50208333333333,-500.0
21.202083333333334,68.60208333333333,-648.0
21.202083333333334,68.70208333333333,-422.0
21.202083333333334,68.80208333333333,-164.0
21.202083333333334,68.90208333333334,-107.0
21.202083333333334,69.00208333333333,-96.0
21.202083333333334,69.10208333333333,-85.0
21.202083333333334,69.20208333333333,-86.0
21.202083333333334,69.30208333333333,-98.0
21.202083333333334,69.40208333333334,-80.0
21.202083333333334,69.50208333333333,-57.0
21.202083333333334,69.60208333333333,-50.0
21.202083333333334,69.70208333333333,-37.0
21.202083333333334,69.80208333333333,-30.0
21.202083333333334,69.90208333333334,-23.0
21.202083333333334,70.00208333333333,-5.0
21.202083333333334,70.10208333333333,19.071245
21.202083333333334,70.20208333333333,31.82849
21.202083333333334,70.30208333333333,56.212223
21.202083333333334,70.40208333333334,97.260086
21.202083333333334,70.50208333333333,224.17155
21.202083333333334,70.60208333333333,173.69484
21.202083333333334,70.70208333333333,227.58409
21.202083333333334,70.80208333333333,318.903
21.202083333333334,70.90208333333334,366.29294
21.202083333333334,71.00208333333333,350.39188
21.202083333333334,71.10208333333333,290.4291
21.202083333333334,71.20208333333333,288.31213
21.202083333333334,71.30208333333333,187.72098
21.202083333333334,71.40208333333334,124.301025
21.202083333333334,71.50208333333333,133.9029
21.202083333333334,71.60208333333333,114.87587
21.202083333333334,71.70208333333333,80.27227
21.202083333333334,71.80208333333333,53.58462
21.202083333333334,71.90208333333334,29.619066
21.202083333333334,72.00208333333333,7.8636446
21.202083333333334,72.10208333333333,15.485867
21.202083333333334,72.20208333333333,-26.0
21.202083333333334,72.30208333333333,-22.0
21.202083333333334,72.40208333333334,-11.0
21.202083333333334,72.50208333333333,-10.0
21.202083333333334,72.60208333333333,-2.0
21.202083333333334,72.70208333333333,4.277689
21.202083333333334,72.80208333333333,10.604134
21.202083333333334,72.90208333333334,17.256
21.202083333333334,73.00208333333333,26.154444
21.202083333333334,73.10208333333333,32.026356
21.202083333333334,73.20208333333333,40.2356
21.302083333333332,67.20208333333333,-2258.0
21.302083333333332,67.30208333333333,-2347.0
21.302083333333332,67.40208333333334,-2392.0
21.302083333333332,67.50208333333333,-2207.0
21.302083333333332,67.60208333333333,-2000.0
21.302083333333332,67.70208333333333,-1618.0
21.302083333333332,67.80208333333333,-1862.0
21.302083333333332,67.90208333333334,-1514.0
21.302083333333332,68.00208333333333,-792.0
21.302083333333332,68.10208333333333,-335.0
21.302083333333332,68.20208333333333,-97.0
21.302083333333332,68.30208333333333,-213.0
21.302083333333332,68.40208333333334,-181.0
21.302083333333332,68.50208333333333,-141.0
21.302083333333332,68.60208333333333,-138.0
21.302083333333332,68.70208333333333,-132.0
21.302083333333332,68.80208333333333,-100.0
21.302083333333332,68.90208333333334,-123.0
21.302083333333332,69.00208333333333,-91.0
21.302083333333332,69.10208333333333,-79.0
21.302083333333332,69.20208333333333,-77.0
21.302083333333332,69.30208333333333,-83.0
21.302083333333332,69.40208333333334,-50.0
21.302083333333332,69.50208333333333,-46.0
21.302083333333332,69.60208333333333,-39.0
21.302083333333332,69.70208333333333,-30.0
21.302083333333332,69.80208333333333,-23.0
21.302083333333332,69.90208333333334,-10.0
21.302083333333332,70.00208333333333,5.055333
21.302083333333332,70.10208333333333,21.242666
21.302083333333332,70.20208333333333,36.900223
21.302083333333332,70.30208333333333,56.604843
21.302083333333332,70.40208333333334,80.67009
21.302083333333332,70.50208333333333,118.96791
21.302083333333332,70.60208333333333,127.37249
21.302083333333332,70.70208333333333,141.03493
21.302083333333332,70.80208333333333,206.98706
21.302083333333332,70.90208333333334,280.4322
21.302083333333332,71.00208333333333,225.5165
21.302083333333332,71.10208333333333,245.37787
21.302083333333332,71.20208333333333,187.71751
21.302083333333332,71.30208333333333,171.58707
21.302083333333332,71.40208333333334,180.68742
21.302083333333332,71.50208333333333,223.16235
21.302083333333332,71.60208333333333,174.184
21.302083333333332,71.70208333333333,163.2376
21.302083333333332,71.80208333333333,109.98751
21.302083333333332,71.90208333333334,58.446354
21.302083333333332,72.00208333333333,37.337822
21.302083333333332,72.10208333333333,4.3297715
21.302083333333332,72.20208333333333,-9.0
21.302083333333332,72.30208333333333,-20.0
21.302083333333332,72.40208333333334,-22.0
21.302083333333332,72.50208333333333,-9.0
21.302083333333332,72.60208333333333,3.8404446
21.302083333333332,72.70208333333333,6.647333
21.302083333333332,72.80208333333333,12.042444
21.302083333333332,72.90208333333334,18.586311
21.302083333333332,73.00208333333333,14.805244
21.302083333333332,73.10208333333333,31.544178
21.302083333333332,73.20208333333333,61.041245
21.402083333333334,67.20208333333333,-2132.0
21.402083333333334,67.30208333333333,-2238.0
21.402083333333334,67.40208333333334,-2276.0
21.402083333333334,67.50208333333333,-2213.0
21.402083333333334,67.60208333333333,-1803.0
21.402083333333334,67.70208333333333,-1495.0
21.402083333333334,67.80208333333333,-1230.0
21.402083333333334,67.90208333333334,-1040.0
21.402083333333334,68.00208333333333,-681.0
21.402083333333334,68.10208333333333,-246.0
21.402083333333334,68.20208333333333,-185.0
21.402083333333334,68.30208333333333,-144.0
21.402083333333334,68.40208333333334,-129.0
21.402083333333334,68.50208333333333,-100.0
21.402083333333334,68.60208333333333,-101.0
21.402083333333334,68.70208333333333,-98.0
21.402083333333334,68.80208333333333,-94.0
21.402083333333334,68.90208333333334,-85.0
21.402083333333334,69.00208333333333,-77.0
21.402083333333334,69.10208333333333,-66.0
21.402083333333334,69.20208333333333,-61.0
21.402083333333334,69.30208333333333,-50.0
21.402083333333334,69.40208333333334,-46.0
21.402083333333334,69.50208333333333,-38.0
21.402083333333334,69.60208333333333,-30.0
21.402083333333334,69.70208333333333,-23.0
21.402083333333334,69.80208333333333,-10.0
21.402083333333334,69.90208333333334,2.8065333
21.402083333333334,70.00208333333333,9.3169775
21.402083333333334,70.10208333333333,14.735155
21.402083333333334,70.20208333333333,16.038445
21.402083333333334,70.30208333333333,33.2392
21.402083333333334,70.40208333333334,46.105022
21.402083333333334,70.50208333333333,60.816357
21.402083333333334,70.60208333333333,76.45325
21.402083333333334,70.70208333333333,101.21725
21.402083333333334,70.80208333333333,147.14893
21.402083333333334,70.90208333333334,195.7929
21.402083333333334,71.00208333333333,192.24875
21.402083333333334,71.10208333333333,156.11516
21.402083333333334,71.20208333333333,125.22853
21.402083333333334,71.30208333333333,104.63964
21.402083333333334,71.40208333333334,86.21289
21.402083333333334,71.50208333333333,78.26716
21.402083333333334,71.60208333333333,73.601776
21.402083333333334,71.70208333333333,57.5088
21.402083333333334,71.80208333333333,89.02045
21.402083333333334,71.90208333333334,96.055374
21.402083333333334,72.00208333333333,16.8904
21.402083333333334,72.10208333333333,37.14649
21.402083333333334,72.20208333333333,-2.0
21.402083333333334,72.30208333333333,-14.0
21.402083333333334,72.40208333333334,-18.0
21.402083333333334,72.50208333333333,-10.0
21.402083333333334,72.60208333333333,-3.0
21.402083333333334,72.70208333333333,7.818267
21.402083333333334,72.80208333333333,9.9956
21.402083333333334,72.90208333333334,13.453511
21.402083333333334,73.00208333333333,22.632
21.402083333333334,73.10208333333333,41.5964
21.402083333333334,73.20208333333333,69.13893
21.50208333333333,67.20208333333333,-2018.0
21.50208333333333,67.30208333333333,-2153.0
21.50208333333333,67.40208333333334,-2270.0
21.50208333333333,67.50208333333333,-2141.0
21.50208333333333,67.60208333333333,-2018.0
21.50208333333333,67.70208333333333,-1262.0
21.50208333333333,67.80208333333333,-560.0
21.50208333333333,67.90208333333334,-370.0
21.50208333333333,68.00208333333333,-384.0
21.50208333333333,68.10208333333333,-196.0
21.50208333333333,68.20208333333333,-142.0
21.50208333333333,68.30208333333333,-122.0
21.50208333333333,68.40208333333334,-100.0
21.50208333333333,68.50208333333333,-99.0
21.50208333333333,68.60208333333333,-93.0
21.50208333333333,68.70208333333333,-85.0
21.50208333333333,68.80208333333333,-78.0
21.50208333333333,68.90208333333334,-71.0
21.50208333333333,69.00208333333333,-66.0
21.50208333333333,69.10208333333333,-54.0
21.50208333333333,69.20208333333333,-51.0
21.50208333333333,69.30208333333333,-46.0
21.50208333333333,69.40208333333334,-47.0
21.50208333333333,69.50208333333333,-40.0
21.50208333333333,69.60208333333333,-23.0
21.50208333333333,69.70208333333333,-14.0
21.50208333333333,69.80208333333333,2.6897333
21.50208333333333,69.90208333333334,4.9566665
21.50208333333333,70.00208333333333,7.1236444
21.50208333333333,70.10208333333333,16.099333
21.50208333333333,70.20208333333333,43.156666
21.50208333333333,70.30208333333333,42.15178
21.50208333333333,70.40208333333334,49.305557
21.50208333333333,70.50208333333333,602.80457
21.50208333333333,70.60208333333333,200.72142
21.50208333333333,70.70208333333333,134.94196
21.50208333333333,70.80208333333333,153.98271
21.50208333333333,70.90208333333334,183.82396
21.50208333333333,71.00208333333333,138.60143
21.50208333333333,71.10208333333333,127.39182
21.50208333333333,71.20208333333333,110.99124
21.50208333333333,71.30208333333333,91.60525
21.50208333333333,71.40208333333334,78.66924
21.50208333333333,71.50208333333333,91.94391
21.50208333333333,71.60208333333333,87.57311
21.50208333333333,71.70208333333333,87.2176
21.50208333333333,71.80208333333333,190.62257
21.50208333333333,71.90208333333334,54.06702
21.50208333333333,72.00208333333333,95.78813
21.50208333333333,72.10208333333333,118.74355
21.50208333333333,72.20208333333333,56.596935
21.50208333333333,72.30208333333333,-20.0
21.50208333333333,72.40208333333334,-21.0
21.50208333333333,72.50208333333333,-10.0
21.50208333333333,72.60208333333333,-3.0
21.50208333333333,72.70208333333333,7.8297777
21.50208333333333,72.80208333333333,10.049245
21.50208333333333,72.90208333333334,14.463555
21.50208333333333,73.00208333333333,41.9484
21.50208333333333,73.10208333333333,32.99809
21.50208333333333,73.20208333333333,51.000088
21.602083333333333,67.20208333333333,-2009.0
21.602083333333333,67.30208333333333,-2057.0
21.602083333333333,67.40208333333334,-2144.0
21.602083333333333,67.50208333333333,-2134.0
21.602083333333333,67.60208333333333,-1997.0
21.602083333333333,67.70208333333333,-1383.0
21.602083333333333,67.80208333333333,-1017.0
21.602083333333333,67.90208333333334,-500.0
21.602083333333333,68.00208333333333,-205.0
21.602083333333333,68.10208333333333,-145.0
21.602083333333333,68.20208333333333,-126.0
21.602083333333333,68.30208333333333,-103.0
21.602083333333333,68.40208333333334,-104.0
21.602083333333333,68.50208333333333,-92.0
21.602083333333333,68.60208333333333,-83.0
21.602083333333333,68.70208333333333,-74.0
21.602083333333333,68.80208333333333,-68.0
21.602083333333333,68.90208333333334,-61.0
21.602083333333333,69.00208333333333,-57.0
21.602083333333333,69.10208333333333,-56.0
21.602083333333333,69.20208333333333,-49.0
21.602083333333333,69.30208333333333,-39.0
21.602083333333333,69.40208333333334,-32.0
21.602083333333333,69.50208333333333,-24.0
21.602083333333333,69.60208333333333,-12.0
21.602083333333333,69.70208333333333,1.9185778
21.602083333333333,69.80208333333333,6.368311
21.602083333333333,69.90208333333334,11.294444
21.602083333333333,70.00208333333333,12.488178
21.602083333333333,70.10208333333333,17.992622
21.602083333333333,70.20208333333333,32.79711
21.602083333333333,70.30208333333333,62.43413
21.602083333333333,70.40208333333334,47.20849
21.602083333333333,70.50208333333333,88.54609
21.602083333333333,70.60208333333333,115.64582
21.602083333333333,70.70208333333333,135.9295
21.602083333333333,70.80208333333333,146.37875
21.602083333333333,70.90208333333334,168.78902
21.602083333333333,71.00208333333333,163.60631
21.602083333333333,71.10208333333333,143.37106
21.602083333333333,71.20208333333333,115.28613
21.602083333333333,71.30208333333333,114.221954
21.602083333333333,71.40208333333334,95.94111
21.602083333333333,71.50208333333333,98.36036
21.602083333333333,71.60208333333333,111.65716
21.602083333333333,71.70208333333333,102.31525
21.602083333333333,71.80208333333333,79.491425
21.602083333333333,71.90208333333334,81.42111
21.602083333333333,72.00208333333333,114.92413
21.602083333333333,72.10208333333333,225.60626
21.602083333333333,72.20208333333333,48.664757
21.602083333333333,72.30208333333333,1.0
21.602083333333333,72.40208333333334,-30.0
21.602083333333333,72.50208333333333,-14.0
21.602083333333333,72.60208333333333,-1.0
21.602083333333333,72.70208333333333,4.6057777
21.602083333333333,72.80208333333333,4.656
21.602083333333333,72.90208333333334,15.155644
21.602083333333333,73.00208333333333,18.80169
21.602083333333333,73.10208333333333,28.980444
21.602083333333333,73.20208333333333,54.69551
21.702083333333334,67.20208333333333,-1972.0
21.702083333333334,67.30208333333333,-1987.0
21.702083333333334,67.40208333333334,-2039.0
21.702083333333334,67.50208333333333,-1998.0
21.702083333333334,67.60208333333333,-1994.0
21.702083333333334,67.70208333333333,-1774.0
21.702083333333334,67.80208333333333,-1303.0
21.702083333333334,67.90208333333334,-1112.0
21.702083333333334,68.00208333333333,-207.0
21.702083333333334,68.10208333333333,-165.0
21.702083333333334,68.20208333333333,-113.0
21.702083333333334,68.30208333333333,-105.0
21.702083333333334,68.40208333333334,-102.0
21.702083333333334,68.50208333333333,-85.0
21.702083333333334,68.60208333333333,-79.0
21.702083333333334,68.70208333333333,-68.0
21.702083333333334,68.80208333333333,-64.0
21.702083333333334,68.90208333333334,-58.0
21.702083333333334,69.00208333333333,-53.0
21.702083333333334,69.10208333333333,-50.0
21.702083333333334,69.20208333333333,-41.0
21.702083333333334,69.30208333333333,-34.0
21.702083333333334,69.40208333333334,-25.0
21.702083333333334,69.50208333333333,-8.0
21.702083333333334,69.60208333333333,18.169645
21.702083333333334,69.70208333333333,26.081955
21.702083333333334,69.80208333333333,84.82138
21.702083333333334,69.90208333333334,31.591734
21.702083333333334,70.00208333333333,61.07489
21.702083333333334,70.10208333333333,56.843422
21.702083333333334,70.20208333333333,28.564444
21.702083333333334,70.30208333333333,35.64449
21.702083333333334,70.40208333333334,59.59413
21.702083333333334,70.50208333333333,75.43849
21.702083333333334,70.60208333333333,106.93169
21.702083333333334,70.70208333333333,100.67742
21.702083333333334,70.80208333333333,125.7884
21.702083333333334,70.90208333333334,149.78609
21.702083333333334,71.00208333333333,165.8511
21.702083333333334,71.10208333333333,157.76324
21.702083333333334,71.20208333333333,152.92853
21.702083333333334,71.30208333333333,137.41512
21.702083333333334,71.40208333333334,121.51507
21.702083333333334,71.50208333333333,96.00871
21.702083333333334,71.60208333333333,78.78947
21.702083333333334,71.70208333333333,70.533775
21.702083333333334,71.80208333333333,73.79858
21.702083333333334,71.90208333333334,57.70911
21.702083333333334,72.00208333333333,56.853867
21.702083333333334,72.10208333333333,49.486267
21.702083333333334,72.20208333333333,13.383555
21.702083333333334,72.30208333333333,-2.0
21.702083333333334,72.40208333333334,-9.0
21.702083333333334,72.50208333333333,-17.0
21.702083333333334,72.60208333333333,6.6831555
21.702083333333334,72.70208333333333,7.2409334
21.702083333333334,72.80208333333333,7.6035113
21.702083333333334,72.90208333333334,13.322489
21.702083333333334,73.00208333333333,13.483155
21.702083333333334,73.10208333333333,19.1976
21.702083333333334,73.20208333333333,43.573776
21.802083333333332,67.20208333333333,-1935.0
21.802083333333332,67.30208333333333,-1943.0
21.802083333333332,67.40208333333334,-1970.0
21.802083333333332,67.50208333333333,-1936.0
21.802083333333332,67.60208333333333,-1596.0
21.802083333333332,67.70208333333333,-1825.0
21.802083333333332,67.80208333333333,-1360.0
21.802083333333332,67.90208333333334,-1060.0
21.802083333333332,68.00208333333333,-357.0
21.802083333333332,68.10208333333333,-123.0
21.802083333333332,68.20208333333333,-100.0
21.802083333333332,68.30208333333333,-135.0
21.802083333333332,68.40208333333334,-135.0
21.802083333333332,68.50208333333333,-83.0
21.802083333333332,68.60208333333333,-65.0
21.802083333333332,68.70208333333333,-62.0
21.802083333333332,68.80208333333333,-60.0
21.802083333333332,68.90208333333334,-57.0
21.802083333333332,69.00208333333333,-51.0
21.802083333333332,69.10208333333333,-44.0
21.802083333333332,69.20208333333333,-35.0
21.802083333333332,69.30208333333333,-24.0
21.802083333333332,69.40208333333334,11.615644
21.802083333333332,69.50208333333333,12.926933
21.802083333333332,69.60208333333333,18.132534
21.802083333333332,69.70208333333333,238.73471
21.802083333333332,69.80208333333333,69.24533
21.802083333333332,69.90208333333334,57.927334
21.802083333333332,70.00208333333333,126.95062
21.802083333333332,70.10208333333333,227.66307
21.802083333333332,70.20208333333333,64.33622
21.802083333333332,70.30208333333333,61.518
21.802083333333332,70.40208333333334,80.50231
21.802083333333332,70.50208333333333,57.6556
21.802083333333332,70.60208333333333,72.85169
21.802083333333332,70.70208333333333,124.1504
21.802083333333332,70.80208333333333,105.0
21.802083333333332,70.90208333333334,116.836624
21.802083333333332,71.00208333333333,137.11284
21.802083333333332,71.10208333333333,153.33275
21.802083333333332,71.20208333333333,185.83778
21.802083333333332,71.30208333333333,155.97844
21.802083333333332,71.40208333333334,126.852356
21.802083333333332,71.50208333333333,92.766846
21.802083333333332,71.60208333333333,74.362625
21.802083333333332,71.70208333333333,42.463554
21.802083333333332,71.80208333333333,21.555822
21.802083333333332,71.90208333333334,8.9156885
21.802083333333332,72.00208333333333,6.137778
21.802083333333332,72.10208333333333,5.6752
21.802083333333332,72.20208333333333,5.253378
21.802083333333332,72.30208333333333,-12.0
21.802083333333332,72.40208333333334,-21.0
21.802083333333332,72.50208333333333,-6.0
21.802083333333332,72.60208333333333,5.5136
21.802083333333332,72.70208333333333,7.0101776
21.802083333333332,72.80208333333333,8.4144
21.802083333333332,72.90208333333334,12.725378
21.802083333333332,73.00208333333333,17.018755
21.802083333333332,73.10208333333333,22.474667
21.802083333333332,73.20208333333333,20.791466
21.902083333333334,67.20208333333333,-1868.0
21.902083333333334,67.30208333333333,-1910.0
21.902083333333334,67.40208333333334,-1824.0
21.902083333333334,67.50208333333333,-1850.0
21.902083333333334,67.60208333333333,-1728.0
21.902083333333334,67.70208333333333,-880.0
21.902083333333334,67.80208333333333,-1125.0
21.902083333333334,67.90208333333334,-882.0
21.902083333333334,68.00208333333333,-200.0
21.902083333333334,68.10208333333333,-150.0
21.902083333333334,68.20208333333333,-108.0
21.902083333333334,68.30208333333333,-116.0
21.902083333333334,68.40208333333334,-89.0
21.902083333333334,68.50208333333333,-67.0
21.902083333333334,68.60208333333333,-69.0
21.902083333333334,68.70208333333333,-62.0
21.902083333333334,68.80208333333333,-57.0
21.902083333333334,68.90208333333334,-53.0
21.902083333333334,69.00208333333333,-45.0
21.902083333333334,69.10208333333333,-39.0
21.902083333333334,69.20208333333333,-25.0
21.902083333333334,69.30208333333333,13.133644
21.902083333333334,69.40208333333334,2.8116438
21.902083333333334,69.50208333333333,8.296667
21.902083333333334,69.60208333333333,20.924755
21.902083333333334,69.70208333333333,42.56311
21.902083333333334,69.80208333333333,60.651646
21.902083333333334,69.90208333333334,88.49062
21.902083333333334,70.00208333333333,104.130135
21.902083333333334,70.10208333333333,87.62076
21.902083333333334,70.20208333333333,103.34102
21.902083333333334,70.30208333333333,92.10547
21.902083333333334,70.40208333333334,108.88249
21.902083333333334,70.50208333333333,97.79285
21.902083333333334,70.60208333333333,92.52987
21.902083333333334,70.70208333333333,124.34729
21.902083333333334,70.80208333333333,126.43387
21.902083333333334,70.90208333333334,136.72293
21.902083333333334,71.00208333333333,145.01555
21.902083333333334,71.10208333333333,168.41551
21.902083333333334,71.20208333333333,192.4464
21.902083333333334,71.30208333333333,167.22337
21.902083333333334,71.40208333333334,132.46733
21.902083333333334,71.50208333333333,98.42289
21.902083333333334,71.60208333333333,73.49635
21.902083333333334,71.70208333333333,59.64249
21.902083333333334,71.80208333333333,26.489288
21.902083333333334,71.90208333333334,10.590533
21.902083333333334,72.00208333333333,6.9071555
21.902083333333334,72.10208333333333,6.447111
21.902083333333334,72.20208333333333,5.0
21.902083333333334,72.30208333333333,-8.0
21.902083333333334,72.40208333333334,-9.0
21.902083333333334,72.50208333333333,-3.0
21.902083333333334,72.60208333333333,1.0
21.902083333333334,72.70208333333333,5.2116446
21.902083333333334,72.80208333333333,10.846267
21.902083333333334,72.90208333333334,13.503289
21.902083333333334,73.00208333333333,18.459688
21.902083333333334,73.10208333333333,24.829155
21.902083333333334,73.20208333333333,29.751423
22.00208333333333,67.20208333333333,-1841.0
22.00208333333333,67.30208333333333,-1839.0
22.00208333333333,67.40208333333334,-1820.0
22.00208333333333,67.50208333333333,-1709.0
22.00208333333333,67.60208333333333,-1402.0
22.00208333333333,67.70208333333333,-1099.0
22.00208333333333,67.80208333333333,-687.0
22.00208333333333,67.90208333333334,-200.0
22.00208333333333,68.00208333333333,-133.0
22.00208333333333,68.10208333333333,-113.0
22.00208333333333,68.20208333333333,-107.0
22.00208333333333,68.30208333333333,-91.0
22.00208333333333,68.40208333333334,-79.0
22.00208333333333,68.50208333333333,-69.0
22.00208333333333,68.60208333333333,-65.0
22.00208333333333,68.70208333333333,-58.0
22.00208333333333,68.80208333333333,-55.0
22.00208333333333,68.90208333333334,-47.0
22.00208333333333,69.00208333333333,-39.0
22.00208333333333,69.10208333333333,-29.0
22.00208333333333,69.20208333333333,3.2764
22.00208333333333,69.30208333333333,33.18689
22.00208333333333,69.40208333333334,30.314577
22.00208333333333,69.50208333333333,12.487066
22.00208333333333,69.60208333333333,48.683643
22.00208333333333,69.70208333333333,57.757023
22.00208333333333,69.80208333333333,67.1348
22.00208333333333,69.90208333333334,111.50698
22.00208333333333,70.00208333333333,126.98218
22.00208333333333,70.10208333333333,126.6192
22.00208333333333,70.20208333333333,152.34315
22.00208333333333,70.30208333333333,140.71178
22.00208333333333,70.40208333333334,131.77205
22.00208333333333,70.50208333333333,111.088715
22.00208333333333,70.60208333333333,134.77538
22.00208333333333,70.70208333333333,137.5431
22.00208333333333,70.80208333333333,136.3368
22.00208333333333,70.90208333333334,170.15236
22.00208333333333,71.00208333333333,168.84729
22.00208333333333,71.10208333333333,173.74031
22.00208333333333,71.20208333333333,188.77045
22.00208333333333,71.30208333333333,202.57707
22.00208333333333,71.40208333333334,146.25787
22.00208333333333,71.50208333333333,122.08573
22.00208333333333,71.60208333333333,83.42253
22.00208333333333,71.70208333333333,55.184044
22.00208333333333,71.80208333333333,33.329376
22.00208333333333,71.90208333333334,15.620489
22.00208333333333,72.00208333333333,8.095511
22.00208333333333,72.10208333333333,6.289289
22.00208333333333,72.20208333333333,5.8188
22.00208333333333,72.30208333333333,-7.0
22.00208333333333,72.40208333333334,-6.0
22.00208333333333,72.50208333333333,2.0
22.00208333333333,72.60208333333333,7.2215557
22.00208333333333,72.70208333333333,7.636489
22.00208333333333,72.80208333333333,8.3912
22.00208333333333,72.90208333333334,13.757867
22.00208333333333,73.00208333333333,18.964134
22.00208333333333,73.10208333333333,24.870134
22.00208333333333,73.20208333333333,33.74
22.102083333333333,67.20208333333333,-1820.0
22.102083333333333,67.30208333333333,-1793.0
22.102083333333333,67.40208333333334,-1684.0
22.102083333333333,67.50208333333333,-1497.0
22.102083333333333,67.60208333333333,-743.0
22.102083333333333,67.70208333333333,-500.0
22.102083333333333,67.80208333333333,-181.0
22.102083333333333,67.90208333333334,-127.0
22.102083333333333,68.00208333333333,-113.0
22.102083333333333,68.10208333333333,-96.0
22.102083333333333,68.20208333333333,-87.0
22.102083333333333,68.30208333333333,-74.0
22.102083333333333,68.40208333333334,-68.0
22.102083333333333,68.50208333333333,-73.0
22.102083333333333,68.60208333333333,-55.0
22.102083333333333,68.70208333333333,-50.0
22.102083333333333,68.80208333333333,-48.0
22.102083333333333,68.90208333333334,-43.0
22.102083333333333,69.00208333333333,-31.0
22.102083333333333,69.10208333333333,-3.1566668
22.102083333333333,69.20208333333333,9.549245
22.102083333333333,69.30208333333333,36.363777
22.102083333333333,69.40208333333334,36.97111
22.102083333333333,69.50208333333333,26.753334
22.102083333333333,69.60208333333333,63.7516
22.102083333333333,69.70208333333333,92.397156
22.102083333333333,69.80208333333333,116.72653
22.102083333333333,69.90208333333334,123.526535
22.102083333333333,70.00208333333333,132.91858
22.102083333333333,70.10208333333333,192.28365
22.102083333333333,70.20208333333333,164.39778
22.102083333333333,70.30208333333333,171.4513
22.102083333333333,70.40208333333334,142.70769
22.102083333333333,70.50208333333333,148.18752
22.102083333333333,70.60208333333333,141.60266
22.102083333333333,70.70208333333333,159.55338
22.102083333333333,70.80208333333333,177.44933
22.102083333333333,70.90208333333334,194.78178
22.102083333333333,71.00208333333333,192.54147
22.102083333333333,71.10208333333333,245.3424
22.102083333333333,71.20208333333333,234.95515
22.102083333333333,71.30208333333333,234.08195
22.102083333333333,71.40208333333334,174.17831
22.102083333333333,71.50208333333333,179.16974
22.102083333333333,71.60208333333333,112.761024
22.102083333333333,71.70208333333333,73.06844
22.102083333333333,71.80208333333333,43.91822
22.102083333333333,71.90208333333334,20.263021
22.102083333333333,72.00208333333333,8.711866
22.102083333333333,72.10208333333333,6.9571114
22.102083333333333,72.20208333333333,6.411511
22.102083333333333,72.30208333333333,4.6175323
22.102083333333333,72.40208333333334,-10.0
22.102083333333333,72.50208333333333,-3.0
22.102083333333333,72.60208333333333,9.278178
22.102083333333333,72.70208333333333,9.584622
22.102083333333333,72.80208333333333,13.144267
22.102083333333333,72.90208333333334,16.838667
22.102083333333333,73.00208333333333,19.293867
22.102083333333333,73.10208333333333,22.0828
22.102083333333333,73.20208333333333,27.512533
22.202083333333334,67.20208333333333,-1708.0
22.202083333333334,67.30208333333333,-1657.0
22.202083333333334,67.40208333333334,-1483.0
22.202083333333334,67.50208333333333,-1129.0
22.202083333333334,67.60208333333333,-579.0
22.202083333333334,67.70208333333333,-141.0
22.202083333333334,67.80208333333333,-122.0
22.202083333333334,67.90208333333334,-111.0
22.202083333333334,68.00208333333333,-101.0
22.202083333333334,68.10208333333333,-94.0
22.202083333333334,68.20208333333333,-81.0
22.202083333333334,68.30208333333333,-66.0
22.202083333333334,68.40208333333334,-63.0
22.202083333333334,68.50208333333333,-48.0
22.202083333333334,68.60208333333333,-42.0
22.202083333333334,68.70208333333333,-37.0
22.202083333333334,68.80208333333333,-37.0
22.202083333333334,68.90208333333334,-37.0
22.202083333333334,69.00208333333333,9.656711
22.202083333333334,69.10208333333333,12.838044
22.202083333333334,69.20208333333333,31.610445
22.202083333333334,69.30208333333333,19.663645
22.202083333333334,69.40208333333334,33.935867
22.202083333333334,69.50208333333333,44.703022
22.202083333333334,69.60208333333333,40.62271
22.202083333333334,69.70208333333333,69.1568
22.202083333333334,69.80208333333333,70.55707
22.202083333333334,69.90208333333334,79.26271
22.202083333333334,70.00208333333333,74.84609
22.202083333333334,70.10208333333333,145.03316
22.202083333333334,70.20208333333333,134.9779
22.202083333333334,70.30208333333333,122.768486
22.202083333333334,70.40208333333334,100.176575
22.202083333333334,70.50208333333333,118.75102
22.202083333333334,70.60208333333333,136.5787
22.202083333333334,70.70208333333333,139.56902
22.202083333333334,70.80208333333333,160.31645
22.202083333333334,70.90208333333334,180.21431
22.202083333333334,71.00208333333333,201.08377
22.202083333333334,71.10208333333333,235.30307
22.202083333333334,71.20208333333333,276.24725
22.202083333333334,71.30208333333333,201.128
22.202083333333334,71.40208333333334,160.48933
22.202083333333334,71.50208333333333,149.99426
22.202083333333334,71.60208333333333,112.47991
22.202083333333334,71.70208333333333,78.13204
22.202083333333334,71.80208333333333,46.060978
22.202083333333334,71.90208333333334,29.128845
22.202083333333334,72.00208333333333,9.735955
22.202083333333334,72.10208333333333,8.555956
22.202083333333334,72.20208333333333,6.9767113
22.202083333333334,72.30208333333333,6.2914224
22.202083333333334,72.40208333333334,-2.0
22.202083333333334,72.50208333333333,-2.0
22.202083333333334,72.60208333333333,10.953067
22.202083333333334,72.70208333333333,-4.0
22.202083333333334,72.80208333333333,7.7341776
22.202083333333334,72.90208333333334,22.827467
22.202083333333334,73.00208333333333,26.300089
22.202083333333334,73.10208333333333,25.633022
22.202083333333334,73.20208333333333,28.340712
22.302083333333332,67.20208333333333,-1576.0
22.302083333333332,67.30208333333333,-1444.0
22.302083333333332,67.40208333333334,-1159.0
22.302083333333332,67.50208333333333,-209.0
22.302083333333332,67.60208333333333,-104.0
22.302083333333332,67.70208333333333,-112.0
22.302083333333332,67.80208333333333,-101.0
22.302083333333332,67.90208333333334,-99.0
22.302083333333332,68.00208333333333,-153.0
22.302083333333332,68.10208333333333,-90.0
22.302083333333332,68.20208333333333,-68.0
22.302083333333332,68.30208333333333,-62.0
22.302083333333332,68.40208333333334,-50.0
22.302083333333332,68.50208333333333,-43.0
22.302083333333332,68.60208333333333,-27.0
22.302083333333332,68.70208333333333,-27.0
22.302083333333332,68.80208333333333,-31.0
22.302083333333332,68.90208333333334,-30.0
22.302083333333332,69.00208333333333,16.792534
22.302083333333332,69.10208333333333,17.068089
22.302083333333332,69.20208333333333,-1.0
22.302083333333332,69.30208333333333,-1.0
22.302083333333332,69.40208333333334,2.4875112
22.302083333333332,69.50208333333333,7.0930223
22.302083333333332,69.60208333333333,6.674089
22.302083333333332,69.70208333333333,35.928978
22.302083333333332,69.80208333333333,26.600311
22.302083333333332,69.90208333333334,34.69902
22.302083333333332,70.00208333333333,41.99649
22.302083333333332,70.10208333333333,60.43929
22.302083333333332,70.20208333333333,84.15351
22.302083333333332,70.30208333333333,90.762535
22.302083333333332,70.40208333333334,76.21725
22.302083333333332,70.50208333333333,87.400314
22.302083333333332,70.60208333333333,98.027374
22.302083333333332,70.70208333333333,106.13987
22.302083333333332,70.80208333333333,125.83493
22.302083333333332,70.90208333333334,152.40973
22.302083333333332,71.00208333333333,169.19983
22.302083333333332,71.10208333333333,215.33911
22.302083333333332,71.20208333333333,229.11244
22.302083333333332,71.30208333333333,177.53156
22.302083333333332,71.40208333333334,151.08107
22.302083333333332,71.50208333333333,122.0056
22.302083333333332,71.60208333333333,92.40974
22.302083333333332,71.70208333333333,79.19342
22.302083333333332,71.80208333333333,49.351734
22.302083333333332,71.90208333333334,33.68991
22.302083333333332,72.00208333333333,13.085778
22.302083333333332,72.10208333333333,9.638311
22.302083333333332,72.20208333333333,7.6201777
22.302083333333332,72.30208333333333,7.041511
22.302083333333332,72.40208333333334,5.9196887
22.302083333333332,72.50208333333333,6.668267
22.302083333333332,72.60208333333333,7.126
22.302083333333332,72.70208333333333,21.593245
22.302083333333332,72.80208333333333,21.663511
22.302083333333332,72.90208333333334,27.112934
22.302083333333332,73.00208333333333,29.785334
22.302083333333332,73.10208333333333,34.37142
22.302083333333332,73.20208333333333,37.931824
22.402083333333334,67.20208333333333,-1488.0
22.402083333333334,67.30208333333333,-759.0
22.402083333333334,67.40208333333334,-200.0
22.402083333333334,67.50208333333333,-150.0
22.402083333333334,67.60208333333333,-116.0
22.402083333333334,67.70208333333333,-102.0
22.402083333333334,67.80208333333333,-96.0
22.402083333333334,67.90208333333334,-118.0
22.402083333333334,68.00208333333333,-95.0
22.402083333333334,68.10208333333333,-66.0
22.402083333333334,68.20208333333333,-59.0
22.402083333333334,68.30208333333333,-62.0
22.402083333333334,68.40208333333334,-41.0
22.402083333333334,68.50208333333333,-27.0
22.402083333333334,68.60208333333333,-22.0
22.402083333333334,68.70208333333333,-24.0
22.402083333333334,68.80208333333333,-25.0
22.402083333333334,68.90208333333334,-20.0
22.402083333333334,69.00208333333333,3.322178
22.402083333333334,69.10208333333333,2.284466
22.402083333333334,69.20208333333333,-1.0
22.402083333333334,69.30208333333333,-19.0
22.402083333333334,69.40208333333334,-5.0
22.402083333333334,69.50208333333333,-2.0
22.402083333333334,69.60208333333333,-7.0
22.402083333333334,69.70208333333333,2.4176445
22.402083333333334,69.80208333333333,1.4457333
22.402083333333334,69.90208333333334,20.959911
22.402083333333334,70.00208333333333,23.332666
22.402083333333334,70.10208333333333,24.603777
22.402083333333334,70.20208333333333,44.146667
22.402083333333334,70.30208333333333,57.599865
22.402083333333334,70.40208333333334,52.5
22.402083333333334,70.50208333333333,79.89253
22.402083333333334,70.60208333333333,71.029915
22.402083333333334,70.70208333333333,89.4244
22.402083333333334,70.80208333333333,110.84685
22.402083333333334,70.90208333333334,152.42915
22.402083333333334,71.00208333333333,158.76706
22.402083333333334,71.10208333333333,201.82854
22.402083333333334,71.20208333333333,203.11302
22.402083333333334,71.30208333333333,166.60275
22.402083333333334,71.40208333333334,154.64827
22.402083333333334,71.50208333333333,127.58142
22.402083333333334,71.60208333333333,91.77951
22.402083333333334,71.70208333333333,67.627335
22.402083333333334,71.80208333333333,47.38933
22.402083333333334,71.90208333333334,30.527466
22.402083333333334,72.00208333333333,16.8612
22.402083333333334,72.10208333333333,10.3362665
22.402083333333334,72.20208333333333,8.403422
22.402083333333334,72.30208333333333,7.441911
22.402083333333334,72.40208333333334,8.865955
22.402083333333334,72.50208333333333,10.063111
22.402083333333334,72.60208333333333,13.212755
22.402083333333334,72.70208333333333,21.4288
22.402083333333334,72.80208333333333,27.728355
22.402083333333334,72.90208333333334,31.09111
22.402083333333334,73.00208333333333,36.2984
22.402083333333334,73.10208333333333,30.6616
22.402083333333334,73.20208333333333,42.18089
22.50208333333333,67.20208333333333,-1424.0
22.50208333333333,67.30208333333333,-574.0
22.50208333333333,67.40208333333334,-160.0
22.50208333333333,67.50208333333333,-132.0
22.50208333333333,67.60208333333333,-102.0
22.50208333333333,67.70208333333333,-98.0
22.50208333333333,67.80208333333333,-104.0
22.50208333333333,67.90208333333334,-80.0
22.50208333333333,68.00208333333333,-84.0
22.50208333333333,68.10208333333333,-76.0
22.50208333333333,68.20208333333333,-68.0
22.50208333333333,68.30208333333333,-49.0
22.50208333333333,68.40208333333334,-35.0
22.50208333333333,68.50208333333333,-23.0
22.50208333333333,68.60208333333333,-21.0
22.50208333333333,68.70208333333333,-23.0
22.50208333333333,68.80208333333333,-22.0
22.50208333333333,68.90208333333334,-35.0
22.50208333333333,69.00208333333333,-20.0
22.50208333333333,69.10208333333333,-10.0
22.50208333333333,69.20208333333333,-5.0
22.50208333333333,69.30208333333333,-2.0
22.50208333333333,69.40208333333334,-1.0
22.50208333333333,69.50208333333333,-19.0
22.50208333333333,69.60208333333333,-32.0
22.50208333333333,69.70208333333333,-28.0
22.50208333333333,69.80208333333333,0.080689654
22.50208333333333,69.90208333333334,-12.0
22.50208333333333,70.00208333333333,6.8988442
22.50208333333333,70.10208333333333,5.9991555
22.50208333333333,70.20208333333333,16.387644
22.50208333333333,70.30208333333333,31.4632
22.50208333333333,70.40208333333334,42.20631
22.50208333333333,70.50208333333333,61.392624
22.50208333333333,70.60208333333333,54.7068
22.50208333333333,70.70208333333333,86.93978
22.50208333333333,70.80208333333333,96.07231
22.50208333333333,70.90208333333334,116.4424
22.50208333333333,71.00208333333333,111.43449
22.50208333333333,71.10208333333333,131.5052
22.50208333333333,71.20208333333333,173.04213
22.50208333333333,71.30208333333333,154.8156
22.50208333333333,71.40208333333334,147.60315
22.50208333333333,71.50208333333333,112.53862
22.50208333333333,71.60208333333333,88.63813
22.50208333333333,71.70208333333333,73.385864
22.50208333333333,71.80208333333333,43.16538
22.50208333333333,71.90208333333334,25.58689
22.50208333333333,72.00208333333333,13.203111
22.50208333333333,72.10208333333333,10.423111
22.50208333333333,72.20208333333333,8.181822
22.50208333333333,72.30208333333333,9.816177
22.50208333333333,72.40208333333334,8.768622
22.50208333333333,72.50208333333333,15.599733
22.50208333333333,72.60208333333333,17.836666
22.50208333333333,72.70208333333333,24.97631
22.50208333333333,72.80208333333333,29.829733
22.50208333333333,72.90208333333334,36.24351
22.50208333333333,73.00208333333333,42.428757
22.50208333333333,73.10208333333333,33.291245
22.50208333333333,73.20208333333333,41.612446
22.602083333333333,67.20208333333333,-219.0
22.602083333333333,67.30208333333333,-137.0
22.602083333333333,67.40208333333334,-144.0
22.602083333333333,67.50208333333333,-101.0
22.602083333333333,67.60208333333333,-100.0
22.602083333333333,67.70208333333333,-100.0
22.602083333333333,67.80208333333333,-87.0
22.602083333333333,67.90208333333334,-94.0
22.602083333333333,68.00208333333333,-102.0
22.602083333333333,68.10208333333333,-71.0
22.602083333333333,68.20208333333333,-55.0
22.602083333333333,68.30208333333333,-39.0
22.602083333333333,68.40208333333334,-30.0
22.602083333333333,68.50208333333333,-23.0
22.602083333333333,68.60208333333333,-21.0
22.602083333333333,68.70208333333333,-19.0
22.602083333333333,68.80208333333333,-29.0
22.602083333333333,68.90208333333334,-47.0
22.602083333333333,69.00208333333333,-31.0
22.602083333333333,69.10208333333333,-30.0
22.602083333333333,69.20208333333333,-30.0
22.602083333333333,69.30208333333333,-27.0
22.602083333333333,69.40208333333334,-46.0
22.602083333333333,69.50208333333333,-20.0
22.602083333333333,69.60208333333333,-34.0
22.602083333333333,69.70208333333333,-45.0
22.602083333333333,69.80208333333333,-35.0
22.602083333333333,69.90208333333334,-23.0
22.602083333333333,70.00208333333333,-1.0
22.602083333333333,70.10208333333333,-6.0
22.602083333333333,70.20208333333333,3.513365
22.602083333333333,70.30208333333333,18.54511
22.602083333333333,70.40208333333334,26.792133
22.602083333333333,70.50208333333333,51.119556
22.602083333333333,70.60208333333333,42.36911
22.602083333333333,70.70208333333333,67.63467
22.602083333333333,70.80208333333333,82.7128
22.602083333333333,70.90208333333334,100.860664
22.602083333333333,71.00208333333333,88.77333
22.602083333333333,71.10208333333333,105.61938
22.602083333333333,71.20208333333333,140.77005
22.602083333333333,71.30208333333333,147.59538
22.602083333333333,71.40208333333334,118.04875
22.602083333333333,71.50208333333333,115.768936
22.602083333333333,71.60208333333333,89.73564
22.602083333333333,71.70208333333333,64.53462
22.602083333333333,71.80208333333333,45.998623
22.602083333333333,71.90208333333334,27.79191
22.602083333333333,72.00208333333333,13.016178
22.602083333333333,72.10208333333333,9.543244
22.602083333333333,72.20208333333333,10.266623
22.602083333333333,72.30208333333333,12.067378
22.602083333333333,72.40208333333334,12.9844
22.602083333333333,72.50208333333333,14.625378
22.602083333333333,72.60208333333333,16.325823
22.602083333333333,72.70208333333333,26.811022
22.602083333333333,72.80208333333333,33.307335
22.602083333333333,72.90208333333334,37.07542
22.602083333333333,73.00208333333333,45.8856
22.602083333333333,73.10208333333333,48.541466
22.602083333333333,73.20208333333333,49.63591
22.702083333333334,67.20208333333333,-146.0
22.702083333333334,67.30208333333333,-124.0
22.702083333333334,67.40208333333334,-111.0
22.702083333333334,67.50208333333333,-101.0
22.702083333333334,67.60208333333333,-94.0
22.702083333333334,67.70208333333333,-99.0
22.702083333333334,67.80208333333333,-99.0
22.702083333333334,67.90208333333334,-107.0
22.702083333333334,68.00208333333333,-74.0
22.702083333333334,68.10208333333333,-56.0
22.702083333333334,68.20208333333333,-45.0
22.702083333333334,68.30208333333333,-36.0
22.702083333333334,68.40208333333334,-26.0
22.702083333333334,68.50208333333333,-20.0
22.702083333333334,68.60208333333333,-21.0
22.702083333333334,68.70208333333333,-20.0
22.702083333333334,68.80208333333333,-23.0
22.702083333333334,68.90208333333334,-26.0
22.702083333333334,69.00208333333333,-32.0
22.702083333333334,69.10208333333333,-39.0
22.702083333333334,69.20208333333333,-50.0
22.702083333333334,69.30208333333333,-10.0
22.702083333333334,69.40208333333334,-30.0
22.702083333333334,69.50208333333333,-30.0
22.702083333333334,69.60208333333333,-16.0
22.702083333333334,69.70208333333333,-21.0
22.702083333333334,69.80208333333333,-31.0
22.702083333333334,69.90208333333334,-37.0
22.702083333333334,70.00208333333333,-24.0
22.702083333333334,70.10208333333333,-14.0
22.702083333333334,70.20208333333333,-4.0
22.702083333333334,70.30208333333333,7.7762666
22.702083333333334,70.40208333333334,10.890489
22.702083333333334,70.50208333333333,18.709244
22.702083333333334,70.60208333333333,29.946222
22.702083333333334,70.70208333333333,47.2372
22.702083333333334,70.80208333333333,75.6276
22.702083333333334,70.90208333333334,62.939957
22.702083333333334,71.00208333333333,82.59907
22.702083333333334,71.10208333333333,116.181335
22.702083333333334,71.20208333333333,110.994934
22.702083333333334,71.30208333333333,130.97116
22.702083333333334,71.40208333333334,112.29938
22.702083333333334,71.50208333333333,94.07231
22.702083333333334,71.60208333333333,76.377556
22.702083333333334,71.70208333333333,58.568623
22.702083333333334,71.80208333333333,40.04218
22.702083333333334,71.90208333333334,23.891644
22.702083333333334,72.00208333333333,11.728089
22.702083333333334,72.10208333333333,10.2708
22.702083333333334,72.20208333333333,11.708266
22.702083333333334,72.30208333333333,16.1984
22.702083333333334,72.40208333333334,17.428177
22.702083333333334,72.50208333333333,17.902666
22.702083333333334,72.60208333333333,19.368845
22.702083333333334,72.70208333333333,26.4628
22.702083333333334,72.80208333333333,31.888756
22.702083333333334,72.90208333333334,39.3496
22.702083333333334,73.00208333333333,45.975113
22.702083333333334,73.10208333333333,50.628757
22.702083333333334,73.20208333333333,58.408535
22.802083333333332,67.20208333333333,-116.0
22.802083333333332,67.30208333333333,-101.0
22.802083333333332,67.40208333333334,-101.0
22.802083333333332,67.50208333333333,-85.0
22.802083333333332,67.60208333333333,-56.0
22.802083333333332,67.70208333333333,-51.0
22.802083333333332,67.80208333333333,-58.0
22.802083333333332,67.90208333333334,-50.0
22.802083333333332,68.00208333333333,-49.0
22.802083333333332,68.10208333333333,-42.0
22.802083333333332,68.20208333333333,-36.0
22.802083333333332,68.30208333333333,-30.0
22.802083333333332,68.40208333333334,-22.0
22.802083333333332,68.50208333333333,-19.0
22.802083333333332,68.60208333333333,-17.0
22.802083333333332,68.70208333333333,-18.0
22.802083333333332,68.80208333333333,-19.0
22.802083333333332,68.90208333333334,-18.0
22.802083333333332,69.00208333333333,-17.0
22.802083333333332,69.10208333333333,-19.0
22.802083333333332,69.20208333333333,-10.0
22.802083333333332,69.30208333333333,-7.0
22.802083333333332,69.40208333333334,1.0
22.802083333333332,69.50208333333333,2.498311
22.802083333333332,69.60208333333333,5.313956
22.802083333333332,69.70208333333333,4.6976
22.802083333333332,69.80208333333333,-7.0
22.802083333333332,69.90208333333334,-11.0
22.802083333333332,70.00208333333333,-18.0
22.802083333333332,70.10208333333333,-12.0
22.802083333333332,70.20208333333333,-7.0
22.802083333333332,70.30208333333333,-9.0
22.802083333333332,70.40208333333334,3.4754221
22.802083333333332,70.50208333333333,11.653067
22.802083333333332,70.60208333333333,20.25711
22.802083333333332,70.70208333333333,36.4404
22.802083333333332,70.80208333333333,46.89409
22.802083333333332,70.90208333333334,79.03876
22.802083333333332,71.00208333333333,100.0924
22.802083333333332,71.10208333333333,89.90142
22.802083333333332,71.20208333333333,84.00947
22.802083333333332,71.30208333333333,102.52391
22.802083333333332,71.40208333333334,108.44795
22.802083333333332,71.50208333333333,96.8716
22.802083333333332,71.60208333333333,77.571335
22.802083333333332,71.70208333333333,60.54649
22.802083333333332,71.80208333333333,40.524532
22.802083333333332,71.90208333333334,22.155111
22.802083333333332,72.00208333333333,9.805555
22.802083333333332,72.10208333333333,13.039955
22.802083333333332,72.20208333333333,21.652845
22.802083333333332,72.30208333333333,18.361689
22.802083333333332,72.40208333333334,23.06169
22.802083333333332,72.50208333333333,23.949467
22.802083333333332,72.60208333333333,24.731644
22.802083333333332,72.70208333333333,31.567822
22.802083333333332,72.80208333333333,32.252754
22.802083333333332,72.90208333333334,39.14858
22.802083333333332,73.00208333333333,43.88907
22.802083333333332,73.10208333333333,54.405735
22.802083333333332,73.20208333333333,59.448265
22.902083333333334,67.20208333333333,-100.0
22.902083333333334,67.30208333333333,-105.0
22.902083333333334,67.40208333333334,-59.0
22.902083333333334,67.50208333333333,-40.0
22.902083333333334,67.60208333333333,-45.0
22.902083333333334,67.70208333333333,-31.0
22.902083333333334,67.80208333333333,-35.0
22.902083333333334,67.90208333333334,-31.0
22.902083333333334,68.00208333333333,-31.0
22.902083333333334,68.10208333333333,-30.0
22.902083333333334,68.20208333333333,-29.0
22.902083333333334,68.30208333333333,-24.0
22.902083333333334,68.40208333333334,-20.0
22.902083333333334,68.50208333333333,-16.0
22.902083333333334,68.60208333333333,-15.0
22.902083333333334,68.70208333333333,-16.0
22.902083333333334,68.80208333333333,-16.0
22.902083333333334,68.90208333333334,-14.0
22.902083333333334,69.00208333333333,-13.0
22.902083333333334,69.10208333333333,2.6533778
22.902083333333334,69.20208333333333,16.801155
22.902083333333334,69.30208333333333,26.446667
22.902083333333334,69.40208333333334,30.137066
22.902083333333334,69.50208333333333,37.000668
22.902083333333334,69.60208333333333,38.029243
22.902083333333334,69.70208333333333,36.49089
22.902083333333334,69.80208333333333,22.48151
22.902083333333334,69.90208333333334,7.5122223
22.902083333333334,70.00208333333333,-1.0
22.902083333333334,70.10208333333333,-2.0
22.902083333333334,70.20208333333333,-3.0
22.902083333333334,70.30208333333333,-5.0
22.902083333333334,70.40208333333334,2.8855555
22.902083333333334,70.50208333333333,3.1459556
22.902083333333334,70.60208333333333,13.2392
22.902083333333334,70.70208333333333,27.480444
22.902083333333334,70.80208333333333,29.310266
22.902083333333334,70.90208333333334,48.973732
22.902083333333334,71.00208333333333,64.58542
22.902083333333334,71.10208333333333,65.812935
22.902083333333334,71.20208333333333,75.8936
22.902083333333334,71.30208333333333,69.228714
22.902083333333334,71.40208333333334,75.726715
22.902083333333334,71.50208333333333,81.35413
22.902083333333334,71.60208333333333,60.493732
22.902083333333334,71.70208333333333,52.177113
22.902083333333334,71.80208333333333,36.034935
22.902083333333334,71.90208333333334,17.6572
22.902083333333334,72.00208333333333,16.047466
22.902083333333334,72.10208333333333,18.950089
22.902083333333334,72.20208333333333,19.693333
22.902083333333334,72.30208333333333,21.556711
22.902083333333334,72.40208333333334,27.023378
22.902083333333334,72.50208333333333,27.723156
22.902083333333334,72.60208333333333,36.25631
22.902083333333334,72.70208333333333,38.580845
22.902083333333334,72.80208333333333,41.26462
22.902083333333334,72.90208333333334,49.282978
22.902083333333334,73.00208333333333,52.811066
22.902083333333334,73.10208333333333,67.47102
22.902083333333334,73.20208333333333,73.252174
23.00208333333333,67.20208333333333,-108.0
23.00208333333333,67.30208333333333,-62.0
23.00208333333333,67.40208333333334,-40.0
23.00208333333333,67.50208333333333,-29.0
23.00208333333333,67.60208333333333,-81.0
23.00208333333333,67.70208333333333,-61.0
23.00208333333333,67.80208333333333,-82.0
23.00208333333333,67.90208333333334,-83.0
23.00208333333333,68.00208333333333,-68.0
23.00208333333333,68.10208333333333,-30.0
23.00208333333333,68.20208333333333,-23.0
23.00208333333333,68.30208333333333,-20.0
23.00208333333333,68.40208333333334,-11.0
23.00208333333333,68.50208333333333,-13.0
23.00208333333333,68.60208333333333,-15.0
23.00208333333333,68.70208333333333,-12.0
23.00208333333333,68.80208333333333,-11.0
23.00208333333333,68.90208333333334,-4.0
23.00208333333333,69.00208333333333,13.436133
23.00208333333333,69.10208333333333,29.177511
23.00208333333333,69.20208333333333,51.500313
23.00208333333333,69.30208333333333,59.301643
23.00208333333333,69.40208333333334,72.905334
23.00208333333333,69.50208333333333,76.767426
23.00208333333333,69.60208333333333,69.47013
23.00208333333333,69.70208333333333,75.2964
23.00208333333333,69.80208333333333,61.690357
23.00208333333333,69.90208333333334,51.64809
23.00208333333333,70.00208333333333,31.741777
23.00208333333333,70.10208333333333,10.744223
23.00208333333333,70.20208333333333,2.881705
23.00208333333333,70.30208333333333,3.0766666
23.00208333333333,70.40208333333334,10.0
23.00208333333333,70.50208333333333,2.6985333
23.00208333333333,70.60208333333333,8.885422
23.00208333333333,70.70208333333333,16.407022
23.00208333333333,70.80208333333333,22.3492
23.00208333333333,70.90208333333334,27.920267
23.00208333333333,71.00208333333333,39.216713
23.00208333333333,71.10208333333333,39.291733
23.00208333333333,71.20208333333333,50.115112
23.00208333333333,71.30208333333333,61.146935
23.00208333333333,71.40208333333334,57.8424
23.00208333333333,71.50208333333333,46.22271
23.00208333333333,71.60208333333333,41.67458
23.00208333333333,71.70208333333333,42.129776
23.00208333333333,71.80208333333333,29.18431
23.00208333333333,71.90208333333334,15.886312
23.00208333333333,72.00208333333333,19.670979
23.00208333333333,72.10208333333333,22.609423
23.00208333333333,72.20208333333333,26.738445
23.00208333333333,72.30208333333333,29.98591
23.00208333333333,72.40208333333334,41.0764
23.00208333333333,72.50208333333333,42.37249
23.00208333333333,72.60208333333333,47.674488
23.00208333333333,72.70208333333333,48.571335
23.00208333333333,72.80208333333333,49.473022
23.00208333333333,72.90208333333334,61.175022
23.00208333333333,73.00208333333333,71.10409
23.00208333333333,73.10208333333333,74.62875
23.00208333333333,73.20208333333333,98.18271
23.102083333333333,67.20208333333333,-109.0
23.102083333333333,67.30208333333333,-52.0
23.102083333333333,67.40208333333334,-35.0
23.102083333333333,67.50208333333333,-30.0
23.102083333333333,67.60208333333333,-67.0
23.102083333333333,67.70208333333333,-61.0
23.102083333333333,67.80208333333333,-87.0
23.102083333333333,67.90208333333334,-68.0
23.102083333333333,68.00208333333333,-61.0
23.102083333333333,68.10208333333333,-23.0
23.102083333333333,68.20208333333333,-20.0
23.102083333333333,68.30208333333333,-16.0
23.102083333333333,68.40208333333334,-13.0
23.102083333333333,68.50208333333333,-11.0
23.102083333333333,68.60208333333333,-10.0
23.102083333333333,68.70208333333333,-5.0
23.102083333333333,68.80208333333333,6.420889
23.102083333333333,68.90208333333334,23.758223
23.102083333333333,69.00208333333333,43.917244
23.102083333333333,69.10208333333333,71.97115
23.102083333333333,69.20208333333333,140.30782
23.102083333333333,69.30208333333333,132.76382
23.102083333333333,69.40208333333334,135.46649
23.102083333333333,69.50208333333333,172.04204
23.102083333333333,69.60208333333333,137.68933
23.102083333333333,69.70208333333333,198.28409
23.102083333333333,69.80208333333333,131.02733
23.102083333333333,69.90208333333334,97.0656
23.102083333333333,70.00208333333333,71.72662
23.102083333333333,70.10208333333333,26.439066
23.102083333333333,70.20208333333333,3.0937777
23.102083333333333,70.30208333333333,2.9101155
23.102083333333333,70.40208333333334,2.6877778
23.102083333333333,70.50208333333333,2.0
23.102083333333333,70.60208333333333,4.0
23.102083333333333,70.70208333333333,5.0024443
23.102083333333333,70.80208333333333,4.971911
23.102083333333333,70.90208333333334,6.3275113
23.102083333333333,71.00208333333333,16.017866
23.102083333333333,71.10208333333333,16.2824
23.102083333333333,71.20208333333333,14.328267
23.102083333333333,71.30208333333333,21.6304
23.102083333333333,71.40208333333334,19.027067
23.102083333333333,71.50208333333333,18.353067
23.102083333333333,71.60208333333333,11.440711
23.102083333333333,71.70208333333333,12.096311
23.102083333333333,71.80208333333333,9.291734
23.102083333333333,71.90208333333334,18.048845
23.102083333333333,72.00208333333333,25.178
23.102083333333333,72.10208333333333,28.075155
23.102083333333333,72.20208333333333,34.56049
23.102083333333333,72.30208333333333,41.4704
23.102083333333333,72.40208333333334,47.646755
23.102083333333333,72.50208333333333,53.286446
23.102083333333333,72.60208333333333,59.096043
23.102083333333333,72.70208333333333,62.6576
23.102083333333333,72.80208333333333,65.45267
23.102083333333333,72.90208333333334,71.78835
23.102083333333333,73.00208333333333,82.59715
23.102083333333333,73.10208333333333,81.98951
23.102083333333333,73.20208333333333,102.234314
23.202083333333334,67.20208333333333,-742.0
23.202083333333334,67.30208333333333,-40.0
23.202083333333334,67.40208333333334,-28.0
23.202083333333334,67.50208333333333,-27.0
23.202083333333334,67.60208333333333,-27.0
23.202083333333334,67.70208333333333,-25.0
23.202083333333334,67.80208333333333,-26.0
23.202083333333334,67.90208333333334,-24.0
23.202083333333334,68.00208333333333,-22.0
23.202083333333334,68.10208333333333,-19.0
23.202083333333334,68.20208333333333,-17.0
23.202083333333334,68.30208333333333,-13.0
23.202083333333334,68.40208333333334,-11.0
23.202083333333334,68.50208333333333,-8.0
23.202083333333334,68.60208333333333,-1.0
23.202083333333334,68.70208333333333,6.8349333
23.202083333333334,68.80208333333333,18.586044
23.202083333333334,68.90208333333334,34.456177
23.202083333333334,69.00208333333333,53.68022
23.202083333333334,69.10208333333333,87.09671
23.202083333333334,69.20208333333333,125.90236
23.202083333333334,69.30208333333333,181.12057
23.202083333333334,69.40208333333334,183.00414
23.202083333333334,69.50208333333333,177.89386
23.202083333333334,69.60208333333333,122.50711
23.202083333333334,69.70208333333333,128.79929
23.202083333333334,69.80208333333333,140.09457
23.202083333333334,69.90208333333334,112.9432
23.202083333333334,70.00208333333333,81.1748
23.202083333333334,70.10208333333333,46.466312
23.202083333333334,70.20208333333333,21.024666
23.202083333333334,70.30208333333333,2.6384888
23.202083333333334,70.40208333333334,2.0409334
23.202083333333334,70.50208333333333,9.5471115
23.202083333333334,70.60208333333333,9.775066
23.202083333333334,70.70208333333333,2.1324444
23.202083333333334,70.80208333333333,1.5
23.202083333333334,70.90208333333334,1.5
23.202083333333334,71.00208333333333,1.5
23.202083333333334,71.10208333333333,8.758577
23.202083333333334,71.20208333333333,1.5
23.202083333333334,71.30208333333333,3.7947555
23.202083333333334,71.40208333333334,1.6259111
23.202083333333334,71.50208333333333,3.3284445
23.202083333333334,71.60208333333333,1.7056445
23.202083333333334,71.70208333333333,10.764755
23.202083333333334,71.80208333333333,12.893644
23.202083333333334,71.90208333333334,21.650978
23.202083333333334,72.00208333333333,27.2196
23.202083333333334,72.10208333333333,33.92013
23.202083333333334,72.20208333333333,41.254932
23.202083333333334,72.30208333333333,48.53382
23.202083333333334,72.40208333333334,66.964485
23.202083333333334,72.50208333333333,62.560577
23.202083333333334,72.60208333333333,69.75658
23.202083333333334,72.70208333333333,74.496
23.202083333333334,72.80208333333333,80.244576
23.202083333333334,72.90208333333334,83.77773
23.202083333333334,73.00208333333333,92.16031
23.202083333333334,73.10208333333333,91.449776
23.202083333333334,73.20208333333333,99.1568
23.302083333333336,67.20208333333333,-338.0
23.302083333333336,67.30208333333333,-476.0
23.302083333333336,67.40208333333334,-31.0
23.302083333333336,67.50208333333333,-25.0
23.302083333333336,67.60208333333333,-25.0
23.302083333333336,67.70208333333333,-23.0
23.302083333333336,67.80208333333333,-22.0
23.302083333333336,67.90208333333334,-21.0
23.302083333333336,68.00208333333333,-20.0
23.302083333333336,68.10208333333333,-17.0
23.302083333333336,68.20208333333333,-14.0
23.302083333333336,68.30208333333333,-5.0
23.302083333333336,68.40208333333334,-5.0
23.302083333333336,68.50208333333333,-2.0
23.302083333333336,68.60208333333333,1.3116444
23.302083333333336,68.70208333333333,3.1110222
23.302083333333336,68.80208333333333,17.16151
23.302083333333336,68.90208333333334,34.824577
23.302083333333336,69.00208333333333,60.877243
23.302083333333336,69.10208333333333,92.57551
23.302083333333336,69.20208333333333,223.32552
23.302083333333336,69.30208333333333,173.00288
23.302083333333336,69.40208333333334,136.34232
23.302083333333336,69.50208333333333,132.87302
23.302083333333336,69.60208333333333,180.99152
23.302083333333336,69.70208333333333,70.49449
23.302083333333336,69.80208333333333,119.57222
23.302083333333336,69.90208333333334,113.77284
23.302083333333336,70.00208333333333,73.02822
23.302083333333336,70.10208333333333,45.077377
23.302083333333336,70.20208333333333,64.7504
23.302083333333336,70.30208333333333,58.06111
23.302083333333336,70.40208333333334,24.982355
23.302083333333336,70.50208333333333,38.148666
23.302083333333336,70.60208333333333,43.513733
23.302083333333336,70.70208333333333,24.047333
23.302083333333336,70.80208333333333,11.208622
23.302083333333336,70.90208333333334,2.2484
23.302083333333336,71.00208333333333,1.5
23.302083333333336,71.10208333333333,1.5
23.302083333333336,71.20208333333333,1.5
23.302083333333336,71.30208333333333,1.5
23.302083333333336,71.40208333333334,1.5
23.302083333333336,71.50208333333333,2.5139112
23.302083333333336,71.60208333333333,16.35409
23.302083333333336,71.70208333333333,12.663244
23.302083333333336,71.80208333333333,24.12911
23.302083333333336,71.90208333333334,25.925821
23.302083333333336,72.00208333333333,31.887377
23.302083333333336,72.10208333333333,39.798355
23.302083333333336,72.20208333333333,48.85378
23.302083333333336,72.30208333333333,57.542755
23.302083333333336,72.40208333333334,76.93227
23.302083333333336,72.50208333333333,78.08538
23.302083333333336,72.60208333333333,81.91391
23.302083333333336,72.70208333333333,59.923157
23.302083333333336,72.80208333333333,93.90231
23.302083333333336,72.90208333333334,97.32489
23.302083333333336,73.00208333333333,93.16098
23.302083333333336,73.10208333333333,104.77045
23.302083333333336,73.20208333333333,116.40818
23.402083333333334,67.20208333333333,-90.0
23.402083333333334,67.30208333333333,-593.70496
23.402083333333334,67.40208333333334,-39.0
23.402083333333334,67.50208333333333,-23.0
23.402083333333334,67.60208333333333,-24.0
23.402083333333334,67.70208333333333,-23.0
23.402083333333334,67.80208333333333,-22.0
23.402083333333334,67.90208333333334,-21.0
23.402083333333334,68.00208333333333,-18.0
23.402083333333334,68.10208333333333,-14.0
23.402083333333334,68.20208333333333,-8.0
23.402083333333334,68.30208333333333,-7.0
23.402083333333334,68.40208333333334,-1.0
23.402083333333334,68.50208333333333,-13.0
23.402083333333334,68.60208333333333,20.249556
23.402083333333334,68.70208333333333,26.778755
23.402083333333334,68.80208333333333,21.580845
23.402083333333334,68.90208333333334,40.555866
23.402083333333334,69.00208333333333,80.33013
23.402083333333334,69.10208333333333,123.17706
23.402083333333334,69.20208333333333,113.63382
23.402083333333334,69.30208333333333,83.622
23.402083333333334,69.40208333333334,91.40244
23.402083333333334,69.50208333333333,63.527554
23.402083333333334,69.60208333333333,45.3408
23.402083333333334,69.70208333333333,33.78702
23.402083333333334,69.80208333333333,15.717645
23.402083333333334,69.90208333333334,26.648666
23.402083333333334,70.00208333333333,12.407644
23.402083333333334,70.10208333333333,6.69
23.402083333333334,70.20208333333333,4.4052444
23.402083333333334,70.30208333333333,9.924666
23.402083333333334,70.40208333333334,51.361023
23.402083333333334,70.50208333333333,102.67009
23.402083333333334,70.60208333333333,89.35218
23.402083333333334,70.70208333333333,92.377556
23.402083333333334,70.80208333333333,30.247644
23.402083333333334,70.90208333333334,30.686312
23.402083333333334,71.00208333333333,1.5
23.402083333333334,71.10208333333333,1.5
23.402083333333334,71.20208333333333,1.5
23.402083333333334,71.30208333333333,1.5
23.402083333333334,71.40208333333334,1.5
23.402083333333334,71.50208333333333,1.5
23.402083333333334,71.60208333333333,9.945023
23.402083333333334,71.70208333333333,22.883644
23.402083333333334,71.80208333333333,27.177645
23.402083333333334,71.90208333333334,35.615868
23.402083333333334,72.00208333333333,38.03271
23.402083333333334,72.10208333333333,45.722755
23.402083333333334,72.20208333333333,55.702488
23.402083333333334,72.30208333333333,72.64925
23.402083333333334,72.40208333333334,83.772224
23.402083333333334,72.50208333333333,87.21791
23.402083333333334,72.60208333333333,97.551025
23.402083333333334,72.70208333333333,100.23142
23.402083333333334,72.80208333333333,94.63506
23.402083333333334,72.90208333333334,112.247955
23.402083333333334,73.00208333333333,121.30627
23.402083333333334,73.10208333333333,122.79653
23.402083333333334,73.20208333333333,117.36711
23.50208333333333,67.20208333333333,-87.0
23.50208333333333,67.30208333333333,-426.251
23.50208333333333,67.40208333333334,-89.0
23.50208333333333,67.50208333333333,-30.0
23.50208333333333,67.60208333333333,-23.0
23.50208333333333,67.70208333333333,-22.0
23.50208333333333,67.80208333333333,-21.0
23.50208333333333,67.90208333333334,-19.0
23.50208333333333,68.00208333333333,-15.0
23.50208333333333,68.10208333333333,-5.0
23.50208333333333,68.20208333333333,-7.0
23.50208333333333,68.30208333333333,-10.0
23.50208333333333,68.40208333333334,-5.0
23.50208333333333,68.50208333333333,2.1000888
23.50208333333333,68.60208333333333,47.487022
23.50208333333333,68.70208333333333,66.22298
23.50208333333333,68.80208333333333,81.96849
23.50208333333333,68.90208333333334,53.94591
23.50208333333333,69.00208333333333,112.14609
23.50208333333333,69.10208333333333,81.51422
23.50208333333333,69.20208333333333,49.328888
23.50208333333333,69.30208333333333,47.59387
23.50208333333333,69.40208333333334,32.468224
23.50208333333333,69.50208333333333,6.9140444
23.50208333333333,69.60208333333333,3.426711
23.50208333333333,69.70208333333333,4.820178
23.50208333333333,69.80208333333333,6.0636888
23.50208333333333,69.90208333333334,5.4444
23.50208333333333,70.00208333333333,5.3297334
23.50208333333333,70.10208333333333,1.5
23.50208333333333,70.20208333333333,4.2768445
23.50208333333333,70.30208333333333,20.562532
23.50208333333333,70.40208333333334,90.42218
23.50208333333333,70.50208333333333,94.612175
23.50208333333333,70.60208333333333,120.14502
23.50208333333333,70.70208333333333,125.620445
23.50208333333333,70.80208333333333,70.635155
23.50208333333333,70.90208333333334,41.681465
23.50208333333333,71.00208333333333,30.563868
23.50208333333333,71.10208333333333,1.5
23.50208333333333,71.20208333333333,1.5
23.50208333333333,71.30208333333333,5.5752444
23.50208333333333,71.40208333333334,1.5
23.50208333333333,71.50208333333333,1.5
23.50208333333333,71.60208333333333,14.275823
23.50208333333333,71.70208333333333,18.022934
23.50208333333333,71.80208333333333,28.166134
23.50208333333333,71.90208333333334,31.050133
23.50208333333333,72.00208333333333,39.784134
23.50208333333333,72.10208333333333,48.558712
23.50208333333333,72.20208333333333,59.859287
23.50208333333333,72.30208333333333,73.24427
23.50208333333333,72.40208333333334,91.37622
23.50208333333333,72.50208333333333,96.844
23.50208333333333,72.60208333333333,107.330444
23.50208333333333,72.70208333333333,113.20529
23.50208333333333,72.80208333333333,86.411064
23.50208333333333,72.90208333333334,133.20195
23.50208333333333,73.00208333333333,129.59341
23.50208333333333,73.10208333333333,147.03618
23.50208333333333,73.20208333333333,142.65315
23.602083333333333,67.20208333333333,-74.0
23.602083333333333,67.30208333333333,-91.0
23.602083333333333,67.40208333333334,-308.50867
23.602083333333333,67.50208333333333,-41.0
23.602083333333333,67.60208333333333,-26.0
23.602083333333333,67.70208333333333,-20.0
23.602083333333333,67.80208333333333,-18.0
23.602083333333333,67.90208333333334,-14.0
23.602083333333333,68.00208333333333,-9.0
23.602083333333333,68.10208333333333,-2.0
23.602083333333333,68.20208333333333,1.3496667
23.602083333333333,68.30208333333333,1.4647111
23.602083333333333,68.40208333333334,-10.0
23.602083333333333,68.50208333333333,9.010889
23.602083333333333,68.60208333333333,50.366
23.602083333333333,68.70208333333333,88.65018
23.602083333333333,68.80208333333333,65.369865
23.602083333333333,68.90208333333334,116.26458
23.602083333333333,69.00208333333333,62.11
23.602083333333333,69.10208333333333,32.139244
23.602083333333333,69.20208333333333,5.0158668
23.602083333333333,69.30208333333333,2.0142667
23.602083333333333,69.40208333333334,2.6961334
23.602083333333333,69.50208333333333,3.3352
23.602083333333333,69.60208333333333,4.6524887
23.602083333333333,69.70208333333333,5.1467557
23.602083333333333,69.80208333333333,5.827422
23.602083333333333,69.90208333333334,3.8809333
23.602083333333333,70.00208333333333,1.5
23.602083333333333,70.10208333333333,1.5
23.602083333333333,70.20208333333333,1.5
23.602083333333333,70.30208333333333,1.5
23.602083333333333,70.40208333333334,10.973955
23.602083333333333,70.50208333333333,24.5
23.602083333333333,70.60208333333333,41.009068
23.602083333333333,70.70208333333333,54.61449
23.602083333333333,70.80208333333333,54.390934
23.602083333333333,70.90208333333334,51.730087
23.602083333333333,71.00208333333333,11.014133
23.602083333333333,71.10208333333333,1.5
23.602083333333333,71.20208333333333,1.5
23.602083333333333,71.30208333333333,1.5
23.602083333333333,71.40208333333334,8.232311
23.602083333333333,71.50208333333333,12.140356
23.602083333333333,71.60208333333333,16.478088
23.602083333333333,71.70208333333333,29.552845
23.602083333333333,71.80208333333333,29.482
23.602083333333333,71.90208333333334,40.40462
23.602083333333333,72.00208333333333,48.01231
23.602083333333333,72.10208333333333,50.537865
23.602083333333333,72.20208333333333,62.921154
23.602083333333333,72.30208333333333,75.42676
23.602083333333333,72.40208333333334,90.62111
23.602083333333333,72.50208333333333,107.4568
23.602083333333333,72.60208333333333,115.85805
23.602083333333333,72.70208333333333,127.2952
23.602083333333333,72.80208333333333,130.52177
23.602083333333333,72.90208333333334,142.87392
23.602083333333333,73.00208333333333,151.46858
23.602083333333333,73.10208333333333,172.96826
23.602083333333333,73.20208333333333,166.37257
23.702083333333334,67.20208333333333,-50.0
23.702083333333334,67.30208333333333,-41.0
23.702083333333334,67.40208333333334,-36.0
23.702083333333334,67.50208333333333,-118.0
23.702083333333334,67.60208333333333,-28.0
23.702083333333334,67.70208333333333,-16.0
23.702083333333334,67.80208333333333,-9.0
23.702083333333334,67.90208333333334,-11.0
23.702083333333334,68.00208333333333,-2.0
23.702083333333334,68.10208333333333,-2.0
23.702083333333334,68.20208333333333,-1.0
23.702083333333334,68.30208333333333,-12.0
23.702083333333334,68.40208333333334,1.8326666
23.702083333333334,68.50208333333333,-2.0
23.702083333333334,68.60208333333333,12.723111
23.702083333333334,68.70208333333333,32.096355
23.702083333333334,68.80208333333333,46.262623
23.702083333333334,68.90208333333334,84.27685
23.702083333333334,69.00208333333333,49.346443
23.702083333333334,69.10208333333333,2.012622
23.702083333333334,69.20208333333333,3.5934222
23.702083333333334,69.30208333333333,2.9319556
23.702083333333334,69.40208333333334,3.2413778
23.702083333333334,69.50208333333333,3.7136889
23.702083333333334,69.60208333333333,4.5590224
23.702083333333334,69.70208333333333,5.084711
23.702083333333334,69.80208333333333,5.5112443
23.702083333333334,69.90208333333334,2.6569777
23.702083333333334,70.00208333333333,1.5
23.702083333333334,70.10208333333333,1.5
23.702083333333334,70.20208333333333,1.5
23.702083333333334,70.30208333333333,1.5
23.702083333333334,70.40208333333334,1.5
23.702083333333334,70.50208333333333,1.5
23.702083333333334,70.60208333333333,7.5231557
23.702083333333334,70.70208333333333,15.5
23.702083333333334,70.80208333333333,19.3168
23.702083333333334,70.90208333333334,18.981333
23.702083333333334,71.00208333333333,1.5
23.702083333333334,71.10208333333333,6.222133
23.702083333333334,71.20208333333333,3.1700888
23.702083333333334,71.30208333333333,9.930756
23.702083333333334,71.40208333333334,11.732223
23.702083333333334,71.50208333333333,17.256578
23.702083333333334,71.60208333333333,22.725779
23.702083333333334,71.70208333333333,27.445778
23.702083333333334,71.80208333333333,34.828312
23.702083333333334,71.90208333333334,42.077732
23.702083333333334,72.00208333333333,54.397022
23.702083333333334,72.10208333333333,62.940666
23.702083333333334,72.20208333333333,71.016174
23.702083333333334,72.30208333333333,85.35196
23.702083333333334,72.40208333333334,98.797775
23.702083333333334,72.50208333333333,118.57351
23.702083333333334,72.60208333333333,128.4315
23.702083333333334,72.70208333333333,148.32573
23.702083333333334,72.80208333333333,142.28502
23.702083333333334,72.90208333333334,156.3583
23.702083333333334,73.00208333333333,251.30463
23.702083333333334,73.10208333333333,220.55307
23.702083333333334,73.20208333333333,186.0
23.802083333333336,67.20208333333333,-32.0
23.802083333333336,67.30208333333333,-24.0
23.802083333333336,67.40208333333334,-19.0
23.802083333333336,67.50208333333333,-14.0
23.802083333333336,67.60208333333333,-1.0
23.802083333333336,67.70208333333333,1.0
23.802083333333336,67.80208333333333,-2.0
23.802083333333336,67.90208333333334,-3.0
23.802083333333336,68.00208333333333,1.4148889
23.802083333333336,68.10208333333333,1.420619
23.802083333333336,68.20208333333333,-4.0
23.802083333333336,68.30208333333333,1.4786036
23.802083333333336,68.40208333333334,1.9364444
23.802083333333336,68.50208333333333,1.9192444
23.802083333333336,68.60208333333333,-2.0
23.802083333333336,68.70208333333333,4.382222
23.802083333333336,68.80208333333333,15.867778
23.802083333333336,68.90208333333334,1.6086138
23.802083333333336,69.00208333333333,1.1673777
23.802083333333336,69.10208333333333,1.2908
23.802083333333336,69.20208333333333,2.175689
23.802083333333336,69.30208333333333,2.8442223
23.802083333333336,69.40208333333334,2.4714668
23.802083333333336,69.50208333333333,3.1085777
23.802083333333336,69.60208333333333,2.6183555
23.802083333333336,69.70208333333333,3.5967555
23.802083333333336,69.80208333333333,78.32955
23.802083333333336,69.90208333333334,13.881644
23.802083333333336,70.00208333333333,1.5
23.802083333333336,70.10208333333333,1.5
23.802083333333336,70.20208333333333,1.5
23.802083333333336,70.30208333333333,3.5136888
23.802083333333336,70.40208333333334,1.5
23.802083333333336,70.50208333333333,1.5
23.802083333333336,70.60208333333333,3.5510223
23.802083333333336,70.70208333333333,7.901467
23.802083333333336,70.80208333333333,12.810889
23.802083333333336,70.90208333333334,1.5
23.802083333333336,71.00208333333333,5.2856
23.802083333333336,71.10208333333333,20.025734
23.802083333333336,71.20208333333333,26.498312
23.802083333333336,71.30208333333333,17.994844
23.802083333333336,71.40208333333334,12.413466
23.802083333333336,71.50208333333333,21.276045
23.802083333333336,71.60208333333333,25.240755
23.802083333333336,71.70208333333333,32.8972
23.802083333333336,71.80208333333333,39.74009
23.802083333333336,71.90208333333334,48.691334
23.802083333333336,72.00208333333333,59.423954
23.802083333333336,72.10208333333333,72.50996
23.802083333333336,72.20208333333333,86.25066
23.802083333333336,72.30208333333333,102.72471
23.802083333333336,72.40208333333334,117.28204
23.802083333333336,72.50208333333333,134.5416
23.802083333333336,72.60208333333333,145.04343
23.802083333333336,72.70208333333333,167.364
23.802083333333336,72.80208333333333,147.59409
23.802083333333336,72.90208333333334,175.05675
23.802083333333336,73.00208333333333,190.14804
23.802083333333336,73.10208333333333,194.2559
23.802083333333336,73.20208333333333,209.95738
23.902083333333334,67.20208333333333,-23.0
23.902083333333334,67.30208333333333,-18.0
23.902083333333334,67.40208333333334,-13.0
23.902083333333334,67.50208333333333,-9.0
23.902083333333334,67.60208333333333,1.8455555
23.902083333333334,67.70208333333333,0.8710667
23.902083333333334,67.80208333333333,1.3427354
23.902083333333334,67.90208333333334,1.9549333
23.902083333333334,68.00208333333333,1.7978667
23.902083333333334,68.10208333333333,1.5536
23.902083333333334,68.20208333333333,1.6283112
23.902083333333334,68.30208333333333,1.6881776
23.902083333333334,68.40208333333334,1.8584862
23.902083333333334,68.50208333333333,1.0
23.902083333333334,68.60208333333333,1.0
23.902083333333334,68.70208333333333,1.4853922
23.902083333333334,68.80208333333333,2.0
23.902083333333334,68.90208333333334,0.5846222
23.902083333333334,69.00208333333333,2.000775
23.902083333333334,69.10208333333333,1.7333708
23.902083333333334,69.20208333333333,1.862
23.902083333333334,69.30208333333333,2.2924888
23.902083333333334,69.40208333333334,1.7611556
23.902083333333334,69.50208333333333,1.8045778
23.902083333333334,69.60208333333333,1.5153333
23.902083333333334,69.70208333333333,8.686045
23.902083333333334,69.80208333333333,162.36493
23.902083333333334,69.90208333333334,172.98048
23.902083333333334,70.00208333333333,1.5
23.902083333333334,70.10208333333333,1.5
23.902083333333334,70.20208333333333,19.895956
23.902083333333334,70.30208333333333,192.6305
23.902083333333334,70.40208333333334,44.351067
23.902083333333334,70.50208333333333,1.5
23.902083333333334,70.60208333333333,26.357555
23.902083333333334,70.70208333333333,86.259285
23.902083333333334,70.80208333333333,3.9925778
23.902083333333334,70.90208333333334,1.5
23.902083333333334,71.00208333333333,1.5
23.902083333333334,71.10208333333333,9.0444
23.902083333333334,71.20208333333333,12.8284
23.902083333333334,71.30208333333333,10.9968
23.902083333333334,71.40208333333334,14.988
23.902083333333334,71.50208333333333,27.44671
23.902083333333334,71.60208333333333,34.166977
23.902083333333334,71.70208333333333,40.45569
23.902083333333334,71.80208333333333,47.289734
23.902083333333334,71.90208333333334,53.384224
23.902083333333334,72.00208333333333,62.92098
23.902083333333334,72.10208333333333,74.8812
23.902083333333334,72.20208333333333,95.83156
23.902083333333334,72.30208333333333,112.82009
23.902083333333334,72.40208333333334,139.34494
23.902083333333334,72.50208333333333,156.03453
23.902083333333334,72.60208333333333,173.74791
23.902083333333334,72.70208333333333,188.1383
23.902083333333334,72.80208333333333,147.59427
23.902083333333334,72.90208333333334,236.04861
23.902083333333334,73.00208333333333,233.73752
23.902083333333334,73.10208333333333,218.69284
23.902083333333334,73.20208333333333,446.97403
24.00208333333333,67.20208333333333,-20.0
24.00208333333333,67.30208333333333,-14.0
24.00208333333333,67.40208333333334,-1.0
24.00208333333333,67.50208333333333,1.1954808
24.00208333333333,67.60208333333333,1.1720657
24.00208333333333,67.70208333333333,1.4086666
24.00208333333333,67.80208333333333,3.0229332
24.00208333333333,67.90208333333334,3.2906666
24.00208333333333,68.00208333333333,2.4652445
24.00208333333333,68.10208333333333,1.6486316
24.00208333333333,68.20208333333333,-1.0
24.00208333333333,68.30208333333333,1.7166667
24.00208333333333,68.40208333333334,1.7641605
24.00208333333333,68.50208333333333,2.0
24.00208333333333,68.60208333333333,1.0
24.00208333333333,68.70208333333333,1.5369725
24.00208333333333,68.80208333333333,2.0
24.00208333333333,68.90208333333334,0.93993866
24.00208333333333,69.00208333333333,-1.0
24.00208333333333,69.10208333333333,-1.0
24.00208333333333,69.20208333333333,2.2352445
24.00208333333333,69.30208333333333,1.9076
24.00208333333333,69.40208333333334,2.0584445
24.00208333333333,69.50208333333333,2.4395556
24.00208333333333,69.60208333333333,3.6485777
24.00208333333333,69.70208333333333,4.984844
24.00208333333333,69.80208333333333,1.5
24.00208333333333,69.90208333333334,1.5
24.00208333333333,70.00208333333333,1.5
24.00208333333333,70.10208333333333,1.5
24.00208333333333,70.20208333333333,1.5
24.00208333333333,70.30208333333333,1.5
24.00208333333333,70.40208333333334,1.5
24.00208333333333,70.50208333333333,1.5
24.00208333333333,70.60208333333333,1.5
24.00208333333333,70.70208333333333,1.5
24.00208333333333,70.80208333333333,1.5
24.00208333333333,70.90208333333334,1.5
24.00208333333333,71.00208333333333,1.5
24.00208333333333,71.10208333333333,1.5
24.00208333333333,71.20208333333333,1.5
24.00208333333333,71.30208333333333,1.5
24.00208333333333,71.40208333333334,17.798489
24.00208333333333,71.50208333333333,26.236712
24.00208333333333,71.60208333333333,43.25258
24.00208333333333,71.70208333333333,43.764446
24.00208333333333,71.80208333333333,54.363644
24.00208333333333,71.90208333333334,65.91773
24.00208333333333,72.00208333333333,78.00742
24.00208333333333,72.10208333333333,88.957825
24.00208333333333,72.20208333333333,102.827774
24.00208333333333,72.30208333333333,131.66475
24.00208333333333,72.40208333333334,160.566
24.00208333333333,72.50208333333333,181.91809
24.00208333333333,72.60208333333333,206.23058
24.00208333333333,72.70208333333333,231.30293
24.00208333333333,72.80208333333333,216.82484
24.00208333333333,72.90208333333334,188.0
24.00208333333333,73.00208333333333,194.66147
24.00208333333333,73.10208333333333,227.48494
24.00208333333333,73.20208333333333,454.74033
24.102083333333333,67.20208333333333,-22.0
24.102083333333333,67.30208333333333,-10.0
24.102083333333333,67.40208333333334,1.2717333
24.102083333333333,67.50208333333333,1.3089573
24.102083333333333,67.60208333333333,2.9733777
24.102083333333333,67.70208333333333,2.1604
24.102083333333333,67.80208333333333,2.6455188
24.102083333333333,67.90208333333334,3.2268445
24.102083333333333,68.00208333333333,1.6072
24.102083333333333,68.10208333333333,1.2831683
24.102083333333333,68.20208333333333,1.4454666
24.102083333333333,68.30208333333333,2.2258666
24.102083333333333,68.40208333333334,1.6834127
24.102083333333333,68.50208333333333,2.1712444
24.102083333333333,68.60208333333333,2.0815556
24.102083333333333,68.70208333333333,-2.0
24.102083333333333,68.80208333333333,-2.0
24.102083333333333,68.90208333333334,-1.0
24.102083333333333,69.00208333333333,-1.0
24.102083333333333,69.10208333333333,3.0
24.102083333333333,69.20208333333333,3.2535112
24.102083333333333,69.30208333333333,4.4795556
24.102083333333333,69.40208333333334,3.9641778
24.102083333333333,69.50208333333333,5.615378
24.102083333333333,69.60208333333333,7.3540444
24.102083333333333,69.70208333333333,3.0977778
24.102083333333333,69.80208333333333,2.8054667
24.102083333333333,69.90208333333334,4.2556887
24.102083333333333,70.00208333333333,1.5
24.102083333333333,70.10208333333333,1.5
24.102083333333333,70.20208333333333,1.5
24.102083333333333,70.30208333333333,1.5
24.102083333333333,70.40208333333334,1.5
24.102083333333333,70.50208333333333,1.5
24.102083333333333,70.60208333333333,1.5
24.102083333333333,70.70208333333333,1.5
24.102083333333333,70.80208333333333,1.5
24.102083333333333,70.90208333333334,1.5
24.102083333333333,71.00208333333333,1.5
24.102083333333333,71.10208333333333,1.5
24.102083333333333,71.20208333333333,1.5
24.102083333333333,71.30208333333333,1.5
24.102083333333333,71.40208333333334,18.721777
24.102083333333333,71.50208333333333,28.100622
24.102083333333333,71.60208333333333,37.536713
24.102083333333333,71.70208333333333,53.6292
24.102083333333333,71.80208333333333,64.525154
24.102083333333333,71.90208333333334,76.60689
24.102083333333333,72.00208333333333,92.84133
24.102083333333333,72.10208333333333,108.36467
24.102083333333333,72.20208333333333,121.00533
24.102083333333333,72.30208333333333,146.07191
24.102083333333333,72.40208333333334,185.64716
24.102083333333333,72.50208333333333,220.06506
24.102083333333333,72.60208333333333,224.96515
24.102083333333333,72.70208333333333,251.21133
24.102083333333333,72.80208333333333,216.48125
24.102083333333333,72.90208333333334,207.29036
24.102083333333333,73.00208333333333,213.34898
24.102083333333333,73.10208333333333,254.40764
24.102083333333333,73.20208333333333,409.65063
24.202083333333334,67.20208333333333,-16.0
24.202083333333334,67.30208333333333,-2.0
24.202083333333334,67.40208333333334,1.1594223
24.202083333333334,67.50208333333333,1.6719018
24.202083333333334,67.60208333333333,1.9802222
24.202083333333334,67.70208333333333,3.3548
24.202083333333334,67.80208333333333,4.2975554
24.202083333333334,67.90208333333334,3.7786667
24.202083333333334,68.00208333333333,0.5
24.202083333333334,68.10208333333333,3.6696444
24.202083333333334,68.20208333333333,0.6393413
24.202083333333334,68.30208333333333,1.5
24.202083333333334,68.40208333333334,2.8664443
24.202083333333334,68.50208333333333,2.0122666
24.202083333333334,68.60208333333333,3.0
24.202083333333334,68.70208333333333,-2.0
24.202083333333334,68.80208333333333,-1.0
24.202083333333334,68.90208333333334,-1.0
24.202083333333334,69.00208333333333,2.6065779
24.202083333333334,69.10208333333333,1.1893333
24.202083333333334,69.20208333333333,5.454578
24.202083333333334,69.30208333333333,3.108711
24.202083333333334,69.40208333333334,3.3158667
24.202083333333334,69.50208333333333,3.7742667
24.202083333333334,69.60208333333333,3.6186223
24.202083333333334,69.70208333333333,5.7426224
24.202083333333334,69.80208333333333,4.4367557
24.202083333333334,69.90208333333334,4.1952443
24.202083333333334,70.00208333333333,4.0561776
24.202083333333334,70.10208333333333,1.5
24.202083333333334,70.20208333333333,1.5
24.202083333333334,70.30208333333333,1.5
24.202083333333334,70.40208333333334,1.5
24.202083333333334,70.50208333333333,1.5
24.202083333333334,70.60208333333333,1.5
24.202083333333334,70.70208333333333,1.5
24.202083333333334,70.80208333333333,1.5
24.202083333333334,70.90208333333334,1.5
24.202083333333334,71.00208333333333,1.5
24.202083333333334,71.10208333333333,1.5
24.202083333333334,71.20208333333333,1.5
24.202083333333334,71.30208333333333,1.5
24.202083333333334,71.40208333333334,16.625288
24.202083333333334,71.50208333333333,29.464844
24.202083333333334,71.60208333333333,41.503067
24.202083333333334,71.70208333333333,56.39431
24.202083333333334,71.80208333333333,77.12938
24.202083333333334,71.90208333333334,93.12502
24.202083333333334,72.00208333333333,107.6024
24.202083333333334,72.10208333333333,109.432755
24.202083333333334,72.20208333333333,146.00142
24.202083333333334,72.30208333333333,160.842
24.202083333333334,72.40208333333334,208.6769
24.202083333333334,72.50208333333333,242.1308
24.202083333333334,72.60208333333333,306.6749
24.202083333333334,72.70208333333333,271.5285
24.202083333333334,72.80208333333333,368.8329
24.202083333333334,72.90208333333334,252.42125
24.202083333333334,73.00208333333333,216.89235
24.202083333333334,73.10208333333333,264.62823
24.202083333333334,73.20208333333333,436.93872
24.302083333333336,67.20208333333333,-6.0
24.302083333333336,67.30208333333333,1.6470222
24.302083333333336,67.40208333333334,1.3125131
24.302083333333336,67.50208333333333,2.0
24.302083333333336,67.60208333333333,4.2802224
24.302083333333336,67.70208333333333,5.2408
24.302083333333336,67.80208333333333,6.4800444
24.302083333333336,67.90208333333334,4.0324
24.302083333333336,68.00208333333333,3.3007555
24.302083333333336,68.10208333333333,5.012578
24.302083333333336,68.20208333333333,4.092
24.302083333333336,68.30208333333333,3.3732889
24.302083333333336,68.40208333333334,3.0894222
24.302083333333336,68.50208333333333,1.9257778
24.302083333333336,68.60208333333333,-1.0
24.302083333333336,68.70208333333333,1.9580889
24.302083333333336,68.80208333333333,5.0
24.302083333333336,68.90208333333334,2.6535294
24.302083333333336,69.00208333333333,2.8544443
24.302083333333336,69.10208333333333,2.828311
24.302083333333336,69.20208333333333,14.272978
24.302083333333336,69.30208333333333,31.753689
24.302083333333336,69.40208333333334,34.6396
24.302083333333336,69.50208333333333,11.345111
24.302083333333336,69.60208333333333,12.845156
24.302083333333336,69.70208333333333,6.768711
24.302083333333336,69.80208333333333,12.335244
24.302083333333336,69.90208333333334,18.43831
24.302083333333336,70.00208333333333,19.753468
24.302083333333336,70.10208333333333,10.469867
24.302083333333336,70.20208333333333,1.5
24.302083333333336,70.30208333333333,1.5
24.302083333333336,70.40208333333334,1.5
24.302083333333336,70.50208333333333,1.5117778
24.302083333333336,70.60208333333333,18.227423
24.302083333333336,70.70208333333333,81.38582
24.302083333333336,70.80208333333333,43.982445
24.302083333333336,70.90208333333334,1.5
24.302083333333336,71.00208333333333,1.5
24.302083333333336,71.10208333333333,1.5
24.302083333333336,71.20208333333333,1.5
24.302083333333336,71.30208333333333,8.670045
24.302083333333336,71.40208333333334,21.066444
24.302083333333336,71.50208333333333,31.1864
24.302083333333336,71.60208333333333,42.305244
24.302083333333336,71.70208333333333,58.418266
24.302083333333336,71.80208333333333,80.3536
24.302083333333336,71.90208333333334,103.42791
24.302083333333336,72.00208333333333,119.60609
24.302083333333336,72.10208333333333,136.294
24.302083333333336,72.20208333333333,122.78426
24.302083333333336,72.30208333333333,166.20374
24.302083333333336,72.40208333333334,183.62943
24.302083333333336,72.50208333333333,211.54115
24.302083333333336,72.60208333333333,300.13266
24.302083333333336,72.70208333333333,368.2749
24.302083333333336,72.80208333333333,429.35657
24.302083333333336,72.90208333333334,457.532
24.302083333333336,73.00208333333333,287.99142
24.302083333333336,73.10208333333333,292.30942
24.302083333333336,73.20208333333333,390.8206
24.402083333333334,67.20208333333333,-4.0
24.402083333333334,67.30208333333333,1.0
24.402083333333334,67.40208333333334,1.5000454
24.402083333333334,67.50208333333333,1.8590868
24.402083333333334,67.60208333333333,2.9145777
24.402083333333334,67.70208333333333,2.6982667
24.402083333333334,67.80208333333333,4.1960444
24.402083333333334,67.90208333333334,7.526311
24.402083333333334,68.00208333333333,6.3084
24.402083333333334,68.10208333333333,6.251289
24.402083333333334,68.20208333333333,4.7005334
24.402083333333334,68.30208333333333,4.5129776
24.402083333333334,68.40208333333334,4.1390224
24.402083333333334,68.50208333333333,4.318222
24.402083333333334,68.60208333333333,3.2076445
24.402083333333334,68.70208333333333,2.6905334
24.402083333333334,68.80208333333333,3.1721334
24.402083333333334,68.90208333333334,2.471289
24.402083333333334,69.00208333333333,4.82
24.402083333333334,69.10208333333333,13.426578
24.402083333333334,69.20208333333333,13.2146225
24.402083333333334,69.30208333333333,26.145512
24.402083333333334,69.40208333333334,33.351467
24.402083333333334,69.50208333333333,32.620354
24.402083333333334,69.60208333333333,27.132711
24.402083333333334,69.70208333333333,25.527866
24.402083333333334,69.80208333333333,24.899288
24.402083333333334,69.90208333333334,16.010845
24.402083333333334,70.00208333333333,13.566177
24.402083333333334,70.10208333333333,7.2084002
24.402083333333334,70.20208333333333,35.066757
24.402083333333334,70.30208333333333,25.064623
24.402083333333334,70.40208333333334,10.078578
24.402083333333334,70.50208333333333,8.495511
24.402083333333334,70.60208333333333,7.6655555
24.402083333333334,70.70208333333333,44.494446
24.402083333333334,70.80208333333333,31.630756
24.402083333333334,70.90208333333334,17.355467
24.402083333333334,71.00208333333333,22.598667
24.402083333333334,71.10208333333333,14.919644
24.402083333333334,71.20208333333333,1.5
24.402083333333334,71.30208333333333,6.713289
24.402083333333334,71.40208333333334,11.722667
24.402083333333334,71.50208333333333,28.316
24.402083333333334,71.60208333333333,44.248577
24.402083333333334,71.70208333333333,64.58911
24.402083333333334,71.80208333333333,88.7752
24.402083333333334,71.90208333333334,109.26609
24.402083333333334,72.00208333333333,137.11916
24.402083333333334,72.10208333333333,152.93524
24.402083333333334,72.20208333333333,175.28084
24.402083333333334,72.30208333333333,164.12808
24.402083333333334,72.40208333333334,225.73427
24.402083333333334,72.50208333333333,515.8338
24.402083333333334,72.60208333333333,204.79613
24.402083333333334,72.70208333333333,260.2978
24.402083333333334,72.80208333333333,362.83755
24.402083333333334,72.90208333333334,490.71375
24.402083333333334,73.00208333333333,336.48404
24.402083333333334,73.10208333333333,319.66003
24.402083333333334,73.20208333333333,358.27872
24.50208333333333,67.20208333333333,-5.0
24.50208333333333,67.30208333333333,2.0307207
24.50208333333333,67.40208333333334,1.0
24.50208333333333,67.50208333333333,2.2354221
24.50208333333333,67.60208333333333,2.8224
24.50208333333333,67.70208333333333,3.2899556
24.50208333333333,67.80208333333333,5.8837776
24.50208333333333,67.90208333333334,5.833956
24.50208333333333,68.00208333333333,5.9799557
24.50208333333333,68.10208333333333,6.3664
24.50208333333333,68.20208333333333,6.276578
24.50208333333333,68.30208333333333,5.0228887
24.50208333333333,68.40208333333334,5.3708
24.50208333333333,68.50208333333333,5.624178
24.50208333333333,68.60208333333333,4.833911
24.50208333333333,68.70208333333333,5.647511
24.50208333333333,68.80208333333333,4.566889
24.50208333333333,68.90208333333334,5.637689
24.50208333333333,69.00208333333333,4.3644443
24.50208333333333,69.10208333333333,5.9720445
24.50208333333333,69.20208333333333,5.781105
24.50208333333333,69.30208333333333,31.75969
24.50208333333333,69.40208333333334,46.909466
24.50208333333333,69.50208333333333,42.760357
24.50208333333333,69.60208333333333,32.437912
24.50208333333333,69.70208333333333,32.00511
24.50208333333333,69.80208333333333,47.69249
24.50208333333333,69.90208333333334,58.817734
24.50208333333333,70.00208333333333,65.27369
24.50208333333333,70.10208333333333,44.778
24.50208333333333,70.20208333333333,59.940933
24.50208333333333,70.30208333333333,61.102978
24.50208333333333,70.40208333333334,16.686089
24.50208333333333,70.50208333333333,18.549822
24.50208333333333,70.60208333333333,22.923822
24.50208333333333,70.70208333333333,8.137156
24.50208333333333,70.80208333333333,28.013689
24.50208333333333,70.90208333333334,2.3892446
24.50208333333333,71.00208333333333,7.1657333
24.50208333333333,71.10208333333333,1.5
24.50208333333333,71.20208333333333,6.8384
24.50208333333333,71.30208333333333,7.5611553
24.50208333333333,71.40208333333334,21.1936
24.50208333333333,71.50208333333333,29.981379
24.50208333333333,71.60208333333333,41.431202
24.50208333333333,71.70208333333333,54.68929
24.50208333333333,71.80208333333333,80.71711
24.50208333333333,71.90208333333334,105.17391
24.50208333333333,72.00208333333333,127.4756
24.50208333333333,72.10208333333333,166.55449
24.50208333333333,72.20208333333333,208.0003
24.50208333333333,72.30208333333333,217.44853
24.50208333333333,72.40208333333334,208.05933
24.50208333333333,72.50208333333333,264.26022
24.50208333333333,72.60208333333333,304.3253
24.50208333333333,72.70208333333333,278.75604
24.50208333333333,72.80208333333333,266.65204
24.50208333333333,72.90208333333334,411.8258
24.50208333333333,73.00208333333333,459.78595
24.50208333333333,73.10208333333333,357.27948
24.50208333333333,73.20208333333333,478.35022
24.602083333333333,67.20208333333333,-3.0
24.602083333333333,67.30208333333333,1.6981295
24.602083333333333,67.40208333333334,1.6707207
24.602083333333333,67.50208333333333,3.0123112
24.602083333333333,67.60208333333333,3.5480888
24.602083333333333,67.70208333333333,5.3070664
24.602083333333333,67.80208333333333,6.6029334
24.602083333333333,67.90208333333334,8.833423
24.602083333333333,68.00208333333333,3.485111
24.602083333333333,68.10208333333333,7.7142224
24.602083333333333,68.20208333333333,6.408178
24.602083333333333,68.30208333333333,7.243067
24.602083333333333,68.40208333333334,6.962222
24.602083333333333,68.50208333333333,7.7879558
24.602083333333333,68.60208333333333,7.538133
24.602083333333333,68.70208333333333,6.5707555
24.602083333333333,68.80208333333333,7.947289
24.602083333333333,68.90208333333334,6.5797334
24.602083333333333,69.00208333333333,6.330089
24.602083333333333,69.10208333333333,7.2466664
24.602083333333333,69.20208333333333,5.2966223
24.602083333333333,69.30208333333333,5.242
24.602083333333333,69.40208333333334,19.10271
24.602083333333333,69.50208333333333,37.038445
24.602083333333333,69.60208333333333,24.657822
24.602083333333333,69.70208333333333,51.8808
24.602083333333333,69.80208333333333,54.19142
24.602083333333333,69.90208333333334,70.94831
24.602083333333333,70.00208333333333,74.764755
24.602083333333333,70.10208333333333,65.3716
24.602083333333333,70.20208333333333,55.293957
24.602083333333333,70.30208333333333,76.24338
24.602083333333333,70.40208333333334,55.96449
24.602083333333333,70.50208333333333,37.106045
24.602083333333333,70.60208333333333,54.413246
24.602083333333333,70.70208333333333,52.64129
24.602083333333333,70.80208333333333,14.9864
24.602083333333333,70.90208333333334,33.970577
24.602083333333333,71.00208333333333,1.5
24.602083333333333,71.10208333333333,6.8149776
24.602083333333333,71.20208333333333,7.243511
24.602083333333333,71.30208333333333,9.674578
24.602083333333333,71.40208333333334,26.951511
24.602083333333333,71.50208333333333,33.661022
24.602083333333333,71.60208333333333,45.816666
24.602083333333333,71.70208333333333,59.7932
24.602083333333333,71.80208333333333,78.007286
24.602083333333333,71.90208333333334,101.63511
24.602083333333333,72.00208333333333,130.38245
24.602083333333333,72.10208333333333,164.13414
24.602083333333333,72.20208333333333,212.07196
24.602083333333333,72.30208333333333,242.81648
24.602083333333333,72.40208333333334,266.23138
24.602083333333333,72.50208333333333,241.28044
24.602083333333333,72.60208333333333,261.9748
24.602083333333333,72.70208333333333,1190.8478
24.602083333333333,72.80208333333333,445.94855
24.602083333333333,72.90208333333334,322.40698
24.602083333333333,73.00208333333333,369.50992
24.602083333333333,73.10208333333333,490.85303
24.602083333333333,73.20208333333333,442.8389
24.702083333333334,67.20208333333333,2.181289
24.702083333333334,67.30208333333333,2.1614795
24.702083333333334,67.40208333333334,1.471462
24.702083333333334,67.50208333333333,1.9051111
24.702083333333334,67.60208333333333,4.322889
24.702083333333334,67.70208333333333,4.816311
24.702083333333334,67.80208333333333,6.1777334
24.702083333333334,67.90208333333334,7.7244
24.702083333333334,68.00208333333333,8.815022
24.702083333333334,68.10208333333333,7.736889
24.702083333333334,68.20208333333333,7.9077334
24.702083333333334,68.30208333333333,7.6887555
24.702083333333334,68.40208333333334,7.936222
24.702083333333334,68.50208333333333,8.608977
24.702083333333334,68.60208333333333,8.524044
24.702083333333334,68.70208333333333,7.9564886
24.702083333333334,68.80208333333333,7.9728446
24.702083333333334,68.90208333333334,7.9672446
24.702083333333334,69.00208333333333,8.412
24.702083333333334,69.10208333333333,7.1758666
24.702083333333334,69.20208333333333,6.401467
24.702083333333334,69.30208333333333,6.246622
24.702083333333334,69.40208333333334,12.443645
24.702083333333334,69.50208333333333,41.608932
24.702083333333334,69.60208333333333,35.548534
24.702083333333334,69.70208333333333,36.5072
24.702083333333334,69.80208333333333,52.49458
24.702083333333334,69.90208333333334,45.889957
24.702083333333334,70.00208333333333,69.00689
24.702083333333334,70.10208333333333,85.95751
24.702083333333334,70.20208333333333,79.240265
24.702083333333334,70.30208333333333,72.50796
24.702083333333334,70.40208333333334,104.45569
24.702083333333334,70.50208333333333,60.269646
24.702083333333334,70.60208333333333,59.381023
24.702083333333334,70.70208333333333,68.9936
24.702083333333334,70.80208333333333,59.419643
24.702083333333334,70.90208333333334,33.952667
24.702083333333334,71.00208333333333,47.05551
24.702083333333334,71.10208333333333,18.098755
24.702083333333334,71.20208333333333,8.731067
24.702083333333334,71.30208333333333,11.996044
24.702083333333334,71.40208333333334,15.430178
24.702083333333334,71.50208333333333,23.820889
24.702083333333334,71.60208333333333,30.22609
24.702083333333334,71.70208333333333,46.426445
24.702083333333334,71.80208333333333,72.79689
24.702083333333334,71.90208333333334,95.57725
24.702083333333334,72.00208333333333,131.92636
24.702083333333334,72.10208333333333,163.6677
24.702083333333334,72.20208333333333,199.2268
24.702083333333334,72.30208333333333,256.6345
24.702083333333334,72.40208333333334,496.6871
24.702083333333334,72.50208333333333,295.80658
24.702083333333334,72.60208333333333,290.88947
24.702083333333334,72.70208333333333,300.80844
24.702083333333334,72.80208333333333,652.3183
24.702083333333334,72.90208333333334,338.85803
24.702083333333334,73.00208333333333,362.68045
24.702083333333334,73.10208333333333,422.7932
24.702083333333334,73.20208333333333,507.15692
24.802083333333336,67.20208333333333,1.6666666
24.802083333333336,67.30208333333333,4.9504
24.802083333333336,67.40208333333334,15.497377
24.802083333333336,67.50208333333333,27.133955
24.802083333333336,67.60208333333333,36.759865
24.802083333333336,67.70208333333333,21.65151
24.802083333333336,67.80208333333333,6.389822
24.802083333333336,67.90208333333334,9.313822
24.802083333333336,68.00208333333333,10.634933
24.802083333333336,68.10208333333333,9.5668
24.802083333333336,68.20208333333333,11.036533
24.802083333333336,68.30208333333333,10.455867
24.802083333333336,68.40208333333334,9.947556
24.802083333333336,68.50208333333333,10.410133
24.802083333333336,68.60208333333333,9.679155
24.802083333333336,68.70208333333333,8.004089
24.802083333333336,68.80208333333333,10.485867
24.802083333333336,68.90208333333334,11.686489
24.802083333333336,69.00208333333333,9.341378
24.802083333333336,69.10208333333333,7.666578
24.802083333333336,69.20208333333333,6.592578
24.802083333333336,69.30208333333333,7.256578
24.802083333333336,69.40208333333334,7.5258665
24.802083333333336,69.50208333333333,24.48609
24.802083333333336,69.60208333333333,38.14249
24.802083333333336,69.70208333333333,52.5192
24.802083333333336,69.80208333333333,68.65675
24.802083333333336,69.90208333333334,66.83862
24.802083333333336,70.00208333333333,56.742935
24.802083333333336,70.10208333333333,83.8804
24.802083333333336,70.20208333333333,67.34378
24.802083333333336,70.30208333333333,83.13547
24.802083333333336,70.40208333333334,84.13871
24.802083333333336,70.50208333333333,86.24
24.802083333333336,70.60208333333333,79.22991
24.802083333333336,70.70208333333333,109.8408
24.802083333333336,70.80208333333333,90.983025
24.802083333333336,70.90208333333334,86.17342
24.802083333333336,71.00208333333333,48.559868
24.802083333333336,71.10208333333333,66.65645
24.802083333333336,71.20208333333333,55.648
24.802083333333336,71.30208333333333,21.263111
24.802083333333336,71.40208333333334,19.2156
24.802083333333336,71.50208333333333,22.409512
24.802083333333336,71.60208333333333,26.345911
24.802083333333336,71.70208333333333,35.437378
24.802083333333336,71.80208333333333,56.229866
24.802083333333336,71.90208333333334,81.25591
24.802083333333336,72.00208333333333,124.86009
24.802083333333336,72.10208333333333,245.1052
24.802083333333336,72.20208333333333,214.99977
24.802083333333336,72.30208333333333,253.91498
24.802083333333336,72.40208333333334,326.89728
24.802083333333336,72.50208333333333,275.83392
24.802083333333336,72.60208333333333,306.02026
24.802083333333336,72.70208333333333,329.1938
24.802083333333336,72.80208333333333,335.27463
24.802083333333336,72.90208333333334,474.45987
24.802083333333336,73.00208333333333,385.46405
24.802083333333336,73.10208333333333,404.30746
24.802083333333336,73.20208333333333,580.4
24.902083333333334,67.20208333333333,31.066755
24.902083333333334,67.30208333333333,45.059956
24.902083333333334,67.40208333333334,70.420044
24.902083333333334,67.50208333333333,81.5504
24.902083333333334,67.60208333333333,87.691956
24.902083333333334,67.70208333333333,53.32769
24.902083333333334,67.80208333333333,24.700489
24.902083333333334,67.90208333333334,46.93667
24.902083333333334,68.00208333333333,27.632578
24.902083333333334,68.10208333333333,12.6024885
24.902083333333334,68.20208333333333,14.2048
24.902083333333334,68.30208333333333,12.808311
24.902083333333334,68.40208333333334,12.046267
24.902083333333334,68.50208333333333,12.326222
24.902083333333334,68.60208333333333,13.018978
24.902083333333334,68.70208333333333,13.940267
24.902083333333334,68.80208333333333,12.353333
24.902083333333334,68.90208333333334,12.066489
24.902083333333334,69.00208333333333,10.453733
24.902083333333334,69.10208333333333,8.941733
24.902083333333334,69.20208333333333,7.9125333
24.902083333333334,69.30208333333333,7.6680446
24.902083333333334,69.40208333333334,8.599244
24.902083333333334,69.50208333333333,6.8714223
24.902083333333334,69.60208333333333,39.69698
24.902083333333334,69.70208333333333,46.7392
24.902083333333334,69.80208333333333,59.910313
24.902083333333334,69.90208333333334,83.686714
24.902083333333334,70.00208333333333,73.68698
24.902083333333334,70.10208333333333,73.32689
24.902083333333334,70.20208333333333,79.21311
24.902083333333334,70.30208333333333,112.12649
24.902083333333334,70.40208333333334,94.52942
24.902083333333334,70.50208333333333,98.60107
24.902083333333334,70.60208333333333,122.27218
24.902083333333334,70.70208333333333,90.5844
24.902083333333334,70.80208333333333,122.93831
24.902083333333334,70.90208333333334,73.68853
24.902083333333334,71.00208333333333,66.2232
24.902083333333334,71.10208333333333,83.32138
24.902083333333334,71.20208333333333,44.327824
24.902083333333334,71.30208333333333,41.756668
24.902083333333334,71.40208333333334,41.267643
24.902083333333334,71.50208333333333,40.011288
24.902083333333334,71.60208333333333,31.541422
24.902083333333334,71.70208333333333,39.91582
24.902083333333334,71.80208333333333,49.926666
24.902083333333334,71.90208333333334,68.68085
24.902083333333334,72.00208333333333,103.07951
24.902083333333334,72.10208333333333,150.31062
24.902083333333334,72.20208333333333,167.51808
24.902083333333334,72.30208333333333,199.4444
24.902083333333334,72.40208333333334,664.7245
24.902083333333334,72.50208333333333,237.2019
24.902083333333334,72.60208333333333,261.8132
24.902083333333334,72.70208333333333,278.22855
24.902083333333334,72.80208333333333,270.66296
24.902083333333334,72.90208333333334,527.5306
24.902083333333334,73.00208333333333,410.14386
24.902083333333334,73.10208333333333,365.82166
24.902083333333334,73.20208333333333,487.86978
25.00208333333333,67.20208333333333,69.068756
25.00208333333333,67.30208333333333,85.95662
25.00208333333333,67.40208333333334,107.633286
25.00208333333333,67.50208333333333,221.00058
25.00208333333333,67.60208333333333,153.01276
25.00208333333333,67.70208333333333,141.4484
25.00208333333333,67.80208333333333,89.13498
25.00208333333333,67.90208333333334,57.50062
25.00208333333333,68.00208333333333,35.570267
25.00208333333333,68.10208333333333,15.0
25.00208333333333,68.20208333333333,11.899289
25.00208333333333,68.30208333333333,14.846845
25.00208333333333,68.40208333333334,12.046089
25.00208333333333,68.50208333333333,14.986089
25.00208333333333,68.60208333333333,15.209556
25.00208333333333,68.70208333333333,14.7624445
25.00208333333333,68.80208333333333,13.256756
25.00208333333333,68.90208333333334,13.276177
25.00208333333333,69.00208333333333,10.088178
25.00208333333333,69.10208333333333,9.087067
25.00208333333333,69.20208333333333,9.614089
25.00208333333333,69.30208333333333,9.130311
25.00208333333333,69.40208333333334,8.751866
25.00208333333333,69.50208333333333,8.391867
25.00208333333333,69.60208333333333,28.562311
25.00208333333333,69.70208333333333,37.0372
25.00208333333333,69.80208333333333,47.13178
25.00208333333333,69.90208333333334,74.049774
25.00208333333333,70.00208333333333,94.12591
25.00208333333333,70.10208333333333,87.68738
25.00208333333333,70.20208333333333,109.86151
25.00208333333333,70.30208333333333,92.775375
25.00208333333333,70.40208333333334,133.37968
25.00208333333333,70.50208333333333,125.58107
25.00208333333333,70.60208333333333,106.7096
25.00208333333333,70.70208333333333,147.55876
25.00208333333333,70.80208333333333,111.468
25.00208333333333,70.90208333333334,119.489426
25.00208333333333,71.00208333333333,81.439026
25.00208333333333,71.10208333333333,104.968575
25.00208333333333,71.20208333333333,61.10831
25.00208333333333,71.30208333333333,63.504135
25.00208333333333,71.40208333333334,36.520046
25.00208333333333,71.50208333333333,31.620577
25.00208333333333,71.60208333333333,43.272312
25.00208333333333,71.70208333333333,37.042355
25.00208333333333,71.80208333333333,44.772934
25.00208333333333,71.90208333333334,58.667244
25.00208333333333,72.00208333333333,87.01373
25.00208333333333,72.10208333333333,116.47853
25.00208333333333,72.20208333333333,139.05498
25.00208333333333,72.30208333333333,162.99142
25.00208333333333,72.40208333333334,186.74289
25.00208333333333,72.50208333333333,209.02112
25.00208333333333,72.60208333333333,221.08595
25.00208333333333,72.70208333333333,229.98706
25.00208333333333,72.80208333333333,235.69275
25.00208333333333,72.90208333333334,260.40427
25.00208333333333,73.00208333333333,320.64606
25.00208333333333,73.10208333333333,363.3589
25.00208333333333,73.20208333333333,330.15134
25.102083333333333,67.20208333333333,116.69485
25.102083333333333,67.30208333333333,142.49689
25.102083333333333,67.40208333333334,160.43102
25.102083333333333,67.50208333333333,170.18222
25.102083333333333,67.60208333333333,203.7948
25.102083333333333,67.70208333333333,170.55853
25.102083333333333,67.80208333333333,110.25458
25.102083333333333,67.90208333333334,74.14085
25.102083333333333,68.00208333333333,49.009777
25.102083333333333,68.10208333333333,50.704266
25.102083333333333,68.20208333333333,34.337288
25.102083333333333,68.30208333333333,16.027067
25.102083333333333,68.40208333333334,14.434844
25.102083333333333,68.50208333333333,14.852222
25.102083333333333,68.60208333333333,17.985556
25.102083333333333,68.70208333333333,15.511467
25.102083333333333,68.80208333333333,13.8616
25.102083333333333,68.90208333333334,14.766755
25.102083333333333,69.00208333333333,13.383734
25.102083333333333,69.10208333333333,10.317422
25.102083333333333,69.20208333333333,9.802045
25.102083333333333,69.30208333333333,9.892978
25.102083333333333,69.40208333333334,9.658045
25.102083333333333,69.50208333333333,8.265156
25.102083333333333,69.60208333333333,8.571689
25.102083333333333,69.70208333333333,40.774
25.102083333333333,69.80208333333333,49.166046
25.102083333333333,69.90208333333334,48.28751
25.102083333333333,70.00208333333333,72.132576
25.102083333333333,70.10208333333333,93.75876
25.102083333333333,70.20208333333333,99.66556
25.102083333333333,70.30208333333333,94.855865
25.102083333333333,70.40208333333334,104.93289
25.102083333333333,70.50208333333333,128.86804
25.102083333333333,70.60208333333333,124.08164
25.102083333333333,70.70208333333333,124.58511
25.102083333333333,70.80208333333333,145.74911
25.102083333333333,70.90208333333334,120.24934
25.102083333333333,71.00208333333333,108.70396
25.102083333333333,71.10208333333333,101.382576
25.102083333333333,71.20208333333333,112.67058
25.102083333333333,71.30208333333333,75.082664
25.102083333333333,71.40208333333334,74.18516
25.102083333333333,71.50208333333333,37.66578
25.102083333333333,71.60208333333333,41.12471
25.102083333333333,71.70208333333333,44.708977
25.102083333333333,71.80208333333333,55.595512
25.102083333333333,71.90208333333334,57.31929
25.102083333333333,72.00208333333333,73.6824
25.102083333333333,72.10208333333333,90.67036
25.102083333333333,72.20208333333333,111.843735
25.102083333333333,72.30208333333333,140.57698
25.102083333333333,72.40208333333334,159.87854
25.102083333333333,72.50208333333333,174.99458
25.102083333333333,72.60208333333333,180.80716
25.102083333333333,72.70208333333333,196.3765
25.102083333333333,72.80208333333333,215.48875
25.102083333333333,72.90208333333334,284.31177
25.102083333333333,73.00208333333333,267.14444
25.102083333333333,73.10208333333333,282.72495
25.102083333333333,73.20208333333333,324.10684
25.202083333333334,67.20208333333333,214.44049
25.202083333333334,67.30208333333333,264.99588
25.202083333333334,67.40208333333334,318.76538
25.202083333333334,67.50208333333333,318.18994
25.202083333333334,67.60208333333333,227.48253
25.202083333333334,67.70208333333333,204.88484
25.202083333333334,67.80208333333333,190.09297
25.202083333333334,67.90208333333334,101.82258
25.202083333333334,68.00208333333333,61.064754
25.202083333333334,68.10208333333333,78.26622
25.202083333333334,68.20208333333333,53.0684
25.202083333333334,68.30208333333333,17.929066
25.202083333333334,68.40208333333334,54.909733
25.202083333333334,68.50208333333333,16.679155
25.202083333333334,68.60208333333333,18.4036
25.202083333333334,68.70208333333333,16.869156
25.202083333333334,68.80208333333333,15.958711
25.202083333333334,68.90208333333334,16.28911
25.202083333333334,69.00208333333333,13.124489
25.202083333333334,69.10208333333333,11.430711
25.202083333333334,69.20208333333333,10.412578
25.202083333333334,69.30208333333333,11.828267
25.202083333333334,69.40208333333334,9.099645
25.202083333333334,69.50208333333333,10.591422
25.202083333333334,69.60208333333333,9.889155
25.202083333333334,69.70208333333333,11.8035555
25.202083333333334,69.80208333333333,28.0032
25.202083333333334,69.90208333333334,52.456135
25.202083333333334,70.00208333333333,56.06027
25.202083333333334,70.10208333333333,57.44871
25.202083333333334,70.20208333333333,88.10706
25.202083333333334,70.30208333333333,100.61582
25.202083333333334,70.40208333333334,115.734
25.202083333333334,70.50208333333333,131.86058
25.202083333333334,70.60208333333333,139.66063
25.202083333333334,70.70208333333333,152.70067
25.202083333333334,70.80208333333333,139.04391
25.202083333333334,70.90208333333334,131.70978
25.202083333333334,71.00208333333333,137.04684
25.202083333333334,71.10208333333333,125.03649
25.202083333333334,71.20208333333333,130.56804
25.202083333333334,71.30208333333333,101.31484
25.202083333333334,71.40208333333334,79.39498
25.202083333333334,71.50208333333333,104.08542
25.202083333333334,71.60208333333333,64.135864
25.202083333333334,71.70208333333333,53.446487
25.202083333333334,71.80208333333333,60.615646
25.202083333333334,71.90208333333334,62.915867
25.202083333333334,72.00208333333333,70.75551
25.202083333333334,72.10208333333333,84.47751
25.202083333333334,72.20208333333333,100.95987
25.202083333333334,72.30208333333333,118.16586
25.202083333333334,72.40208333333334,131.22746
25.202083333333334,72.50208333333333,143.60057
25.202083333333334,72.60208333333333,160.43045
25.202083333333334,72.70208333333333,223.10982
25.202083333333334,72.80208333333333,193.51294
25.202083333333334,72.90208333333334,266.97272
25.202083333333334,73.00208333333333,249.89848
25.202083333333334,73.10208333333333,271.53137
25.202083333333334,73.20208333333333,286.4031
