25.102083333333333,89.70208333333333,16.993288
25.102083333333333,89.80208333333333,18.254488
25.102083333333333,89.90208333333334,16.370045
25.102083333333333,90.00208333333333,16.772179
25.102083333333333,90.10208333333334,15.875956
25.102083333333333,90.20208333333333,16.675022
25.102083333333333,90.30208333333333,13.394
25.102083333333333,90.40208333333334,11.294355
25.102083333333333,90.50208333333333,12.3189335
25.102083333333333,90.60208333333334,11.492756
25.102083333333333,90.70208333333333,11.5228
25.102083333333333,90.80208333333333,7.9291553
25.102083333333333,90.90208333333334,6.8867555
25.102083333333333,91.00208333333333,4.9293776
25.102083333333333,91.10208333333334,1.0457778
25.102083333333333,91.20208333333333,6.0377336
25.102083333333333,91.30208333333333,6.2003555
25.102083333333333,91.40208333333334,7.868311
25.102083333333333,91.50208333333333,5.2452
25.102083333333333,91.60208333333334,9.157556
25.102083333333333,91.70208333333333,7.6049333
25.102083333333333,91.80208333333333,7.3727555
25.102083333333333,91.90208333333334,9.158089
25.102083333333333,92.00208333333333,7.8366666
25.102083333333333,92.10208333333334,9.881911
25.102083333333333,92.20208333333333,54.881065
25.102083333333333,92.30208333333333,231.99266
25.102083333333333,92.40208333333334,370.8663
25.102083333333333,92.50208333333333,817.40454
25.102083333333333,92.60208333333334,805.5036
25.102083333333333,92.70208333333333,1111.182
25.102083333333333,92.80208333333333,171.86174
25.102083333333333,92.90208333333334,428.07175
25.102083333333333,93.00208333333333,825.04926
25.102083333333333,93.10208333333334,730.25574
25.102083333333333,93.20208333333333,554.47064
25.102083333333333,93.30208333333333,1071.5636
25.102083333333333,93.40208333333334,436.6355
25.102083333333333,93.50208333333333,824.9885
25.102083333333333,93.60208333333334,1645.8694
25.102083333333333,93.70208333333333,1154.1667
25.102083333333333,93.80208333333333,933.81085
25.102083333333333,93.90208333333334,1523.9774
25.102083333333333,94.00208333333333,1043.3425
25.102083333333333,94.10208333333333,992.50165
25.102083333333333,94.20208333333333,1157.9702
25.102083333333333,94.30208333333333,1672.3522
25.102083333333333,94.40208333333334,1810.447
25.102083333333333,94.50208333333333,1749.4484
25.102083333333333,94.60208333333333,1582.1852
25.102083333333333,94.70208333333333,1788.636
25.102083333333333,94.80208333333333,1440.8966
25.102083333333333,94.90208333333334,381.69937
25.102083333333333,95.00208333333333,190.29654
25.102083333333333,95.10208333333333,171.1139
25.102083333333333,95.20208333333333,217.05818
25.202083333333334,89.70208333333333,13.0
25.202083333333334,89.80208333333333,19.203245
25.202083333333334,89.90208333333334,19.590755
25.202083333333334,90.00208333333333,20.891245
25.202083333333334,90.10208333333334,26.26151
25.202083333333334,90.20208333333333,60.382267
25.202083333333334,90.30208333333333,39.599422
25.202083333333334,90.40208333333334,116.73787
25.202083333333334,90.50208333333333,66.00645
25.202083333333334,90.60208333333334,226.51227
25.202083333333334,90.70208333333333,157.4348
25.202083333333334,90.80208333333333,49.06111
25.202083333333334,90.90208333333334,132.97223
25.202083333333334,91.00208333333333,94.13053
25.202083333333334,91.10208333333334,170.2892
25.202083333333334,91.20208333333333,16.786444
25.202083333333334,91.30208333333333,14.780756
25.202083333333334,91.40208333333334,26.910133
25.202083333333334,91.50208333333333,57.37102
25.202083333333334,91.60208333333334,341.18192
25.202083333333334,91.70208333333333,159.97737
25.202083333333334,91.80208333333333,625.6173
25.202083333333334,91.90208333333334,490.00674
25.202083333333334,92.00208333333333,325.52368
25.202083333333334,92.10208333333334,449.09534
25.202083333333334,92.20208333333333,635.9413
25.202083333333334,92.30208333333333,653.6306
25.202083333333334,92.40208333333334,654.22473
25.202083333333334,92.50208333333333,553.1198
25.202083333333334,92.60208333333334,1543.2397
25.202083333333334,92.70208333333333,1409.742
25.202083333333334,92.80208333333333,1072.7593
25.202083333333334,92.90208333333334,664.5551
25.202083333333334,93.00208333333333,534.1504
25.202083333333334,93.10208333333334,487.95255
25.202083333333334,93.20208333333333,831.4412
25.202083333333334,93.30208333333333,840.4504
25.202083333333334,93.40208333333334,1185.7482
25.202083333333334,93.50208333333333,1233.1268
25.202083333333334,93.60208333333334,291.28577
25.202083333333334,93.70208333333333,1320.5474
25.202083333333334,93.80208333333333,925.6927
25.202083333333334,93.90208333333334,1328.0842
25.202083333333334,94.00208333333333,1246.7853
25.202083333333334,94.10208333333333,1087.1199
25.202083333333334,94.20208333333333,978.08575
25.202083333333334,94.30208333333333,1589.3302
25.202083333333334,94.40208333333334,1480.7478
25.202083333333334,94.50208333333333,1766.6576
25.202083333333334,94.60208333333333,1958.1089
25.202083333333334,94.70208333333333,1650.6935
25.202083333333334,94.80208333333333,1885.3784
25.202083333333334,94.90208333333334,1250.6527
25.202083333333334,95.00208333333333,331.35742
25.202083333333334,95.10208333333333,155.8508
25.202083333333334,95.20208333333333,185.80373
25.302083333333336,89.70208333333333,20.682934
25.302083333333336,89.80208333333333,20.301466
25.302083333333336,89.90208333333334,42.368313
25.302083333333336,90.00208333333333,33.838757
25.302083333333336,90.10208333333334,183.22809
25.302083333333336,90.20208333333333,95.28236
25.302083333333336,90.30208333333333,213.84787
25.302083333333336,90.40208333333334,122.40631
25.302083333333336,90.50208333333333,84.18569
25.302083333333336,90.60208333333334,76.37307
25.302083333333336,90.70208333333333,127.41649
25.302083333333336,90.80208333333333,556.3701
25.302083333333336,90.90208333333334,615.4875
25.302083333333336,91.00208333333333,233.78133
25.302083333333336,91.10208333333334,358.72617
25.302083333333336,91.20208333333333,521.00244
25.302083333333336,91.30208333333333,373.69888
25.302083333333336,91.40208333333334,765.5699
25.302083333333336,91.50208333333333,644.87225
25.302083333333336,91.60208333333334,1465.2312
25.302083333333336,91.70208333333333,1510.106
25.302083333333336,91.80208333333333,884.64557
25.302083333333336,91.90208333333334,1352.2443
25.302083333333336,92.00208333333333,217.41574
25.302083333333336,92.10208333333334,625.9698
25.302083333333336,92.20208333333333,1034.9128
25.302083333333336,92.30208333333333,1077.3809
25.302083333333336,92.40208333333334,854.7485
25.302083333333336,92.50208333333333,1071.9658
25.302083333333336,92.60208333333334,1207.884
25.302083333333336,92.70208333333333,1084.3171
25.302083333333336,92.80208333333333,1034.959
25.302083333333336,92.90208333333334,512.71716
25.302083333333336,93.00208333333333,457.4156
25.302083333333336,93.10208333333334,398.8654
25.302083333333336,93.20208333333333,387.06387
25.302083333333336,93.30208333333333,555.162
25.302083333333336,93.40208333333334,1347.7943
25.302083333333336,93.50208333333333,1431.6371
25.302083333333336,93.60208333333334,1025.4858
25.302083333333336,93.70208333333333,1058.1417
25.302083333333336,93.80208333333333,1334.6329
25.302083333333336,93.90208333333334,1619.5625
25.302083333333336,94.00208333333333,1281.7931
25.302083333333336,94.10208333333333,1170.6079
25.302083333333336,94.20208333333333,1657.4385
25.302083333333336,94.30208333333333,1553.096
25.302083333333336,94.40208333333334,1482.28
25.302083333333336,94.50208333333333,1231.8173
25.302083333333336,94.60208333333333,2199.9846
25.302083333333336,94.70208333333333,1319.1829
25.302083333333336,94.80208333333333,1076.2058
25.302083333333336,94.90208333333334,1566.9489
25.302083333333336,95.00208333333333,833.6363
25.302083333333336,95.10208333333333,207.88177
25.302083333333336,95.20208333333333,192.0672
25.402083333333334,89.70208333333333,15.0
25.402083333333334,89.80208333333333,22.181911
25.402083333333334,89.90208333333334,52.4912
25.402083333333334,90.00208333333333,97.21742
25.402083333333334,90.10208333333334,147.07733
25.402083333333334,90.20208333333333,144.5292
25.402083333333334,90.30208333333333,252.06685
25.402083333333334,90.40208333333334,487.9818
25.402083333333334,90.50208333333333,420.0822
25.402083333333334,90.60208333333334,307.71924
25.402083333333334,90.70208333333333,465.53314
25.402083333333334,90.80208333333333,297.92093
25.402083333333334,90.90208333333334,400.70538
25.402083333333334,91.00208333333333,356.68268
25.402083333333334,91.10208333333334,742.16864
25.402083333333334,91.20208333333333,1133.6637
25.402083333333334,91.30208333333333,1445.4852
25.402083333333334,91.40208333333334,1472.5808
25.402083333333334,91.50208333333333,1520.4618
25.402083333333334,91.60208333333334,1547.0516
25.402083333333334,91.70208333333333,1765.8091
25.402083333333334,91.80208333333333,1807.4305
25.402083333333334,91.90208333333334,739.8399
25.402083333333334,92.00208333333333,1406.5219
25.402083333333334,92.10208333333334,1101.6002
25.402083333333334,92.20208333333333,1339.9058
25.402083333333334,92.30208333333333,1299.8961
25.402083333333334,92.40208333333334,1230.4496
25.402083333333334,92.50208333333333,995.47266
25.402083333333334,92.60208333333334,878.5023
25.402083333333334,92.70208333333333,787.935
25.402083333333334,92.80208333333333,847.6091
25.402083333333334,92.90208333333334,498.43307
25.402083333333334,93.00208333333333,285.5755
25.402083333333334,93.10208333333334,227.73889
25.402083333333334,93.20208333333333,384.11713
25.402083333333334,93.30208333333333,336.30115
25.402083333333334,93.40208333333334,500.00702
25.402083333333334,93.50208333333333,1151.2267
25.402083333333334,93.60208333333334,991.6603
25.402083333333334,93.70208333333333,774.23004
25.402083333333334,93.80208333333333,1663.3809
25.402083333333334,93.90208333333334,2037.6982
25.402083333333334,94.00208333333333,1376.8336
25.402083333333334,94.10208333333333,1332.3682
25.402083333333334,94.20208333333333,1777.3779
25.402083333333334,94.30208333333333,1639.8303
25.402083333333334,94.40208333333334,1334.0707
25.402083333333334,94.50208333333333,1657.6893
25.402083333333334,94.60208333333333,1506.8677
25.402083333333334,94.70208333333333,1818.4733
25.402083333333334,94.80208333333333,1805.2363
25.402083333333334,94.90208333333334,648.15576
25.402083333333334,95.00208333333333,362.12613
25.402083333333334,95.10208333333333,298.4188
25.402083333333334,95.20208333333333,184.95938
25.50208333333333,89.70208333333333,16.0
25.50208333333333,89.80208333333333,21.507645
25.50208333333333,89.90208333333334,25.93649
25.50208333333333,90.00208333333333,79.560135
25.50208333333333,90.10208333333334,87.46218
25.50208333333333,90.20208333333333,208.8287
25.50208333333333,90.30208333333333,1092.8315
25.50208333333333,90.40208333333334,887.4091
25.50208333333333,90.50208333333333,422.86063
25.50208333333333,90.60208333333334,254.15987
25.50208333333333,90.70208333333333,299.78513
25.50208333333333,90.80208333333333,228.61938
25.50208333333333,90.90208333333334,569.9665
25.50208333333333,91.00208333333333,681.8511
25.50208333333333,91.10208333333334,934.363
25.50208333333333,91.20208333333333,1239.8185
25.50208333333333,91.30208333333333,1492.7668
25.50208333333333,91.40208333333334,1475.5762
25.50208333333333,91.50208333333333,1620.933
25.50208333333333,91.60208333333334,1691.3701
25.50208333333333,91.70208333333333,1744.1772
25.50208333333333,91.80208333333333,1722.3718
25.50208333333333,91.90208333333334,1774.7443
25.50208333333333,92.00208333333333,1576.4802
25.50208333333333,92.10208333333334,1102.3306
25.50208333333333,92.20208333333333,1287.8859
25.50208333333333,92.30208333333333,1348.5688
25.50208333333333,92.40208333333334,1260.2325
25.50208333333333,92.50208333333333,1027.8983
25.50208333333333,92.60208333333334,729.48474
25.50208333333333,92.70208333333333,607.5022
25.50208333333333,92.80208333333333,383.30005
25.50208333333333,92.90208333333334,422.84955
25.50208333333333,93.00208333333333,173.1641
25.50208333333333,93.10208333333334,164.68364
25.50208333333333,93.20208333333333,243.8464
25.50208333333333,93.30208333333333,521.8448
25.50208333333333,93.40208333333334,460.09583
25.50208333333333,93.50208333333333,528.8155
25.50208333333333,93.60208333333334,1223.7285
25.50208333333333,93.70208333333333,1446.1702
25.50208333333333,93.80208333333333,768.6751
25.50208333333333,93.90208333333334,1182.534
25.50208333333333,94.00208333333333,1599.8893
25.50208333333333,94.10208333333333,2195.6357
25.50208333333333,94.20208333333333,1673.6956
25.50208333333333,94.30208333333333,1863.079
25.50208333333333,94.40208333333334,1350.7776
25.50208333333333,94.50208333333333,1242.7094
25.50208333333333,94.60208333333333,1094.634
25.50208333333333,94.70208333333333,1576.0962
25.50208333333333,94.80208333333333,2365.0654
25.50208333333333,94.90208333333334,627.2264
25.50208333333333,95.00208333333333,1291.972
25.50208333333333,95.10208333333333,685.7155
25.50208333333333,95.20208333333333,201.92706
25.602083333333333,89.70208333333333,22.991333
25.602083333333333,89.80208333333333,24.358044
25.602083333333333,89.90208333333334,22.308311
25.602083333333333,90.00208333333333,29.077778
25.602083333333333,90.10208333333334,350.98917
25.602083333333333,90.20208333333333,367.6624
25.602083333333333,90.30208333333333,724.1112
25.602083333333333,90.40208333333334,655.5442
25.602083333333333,90.50208333333333,404.2664
25.602083333333333,90.60208333333334,534.3307
25.602083333333333,90.70208333333333,385.92422
25.602083333333333,90.80208333333333,403.7421
25.602083333333333,90.90208333333334,729.3292
25.602083333333333,91.00208333333333,900.32776
25.602083333333333,91.10208333333334,973.7365
25.602083333333333,91.20208333333333,1215.5786
25.602083333333333,91.30208333333333,1411.6721
25.602083333333333,91.40208333333334,1603.5271
25.602083333333333,91.50208333333333,1487.5967
25.602083333333333,91.60208333333334,1607.2948
25.602083333333333,91.70208333333333,1486.0145
25.602083333333333,91.80208333333333,1715.7498
25.602083333333333,91.90208333333334,1430.6666
25.602083333333333,92.00208333333333,1166.8705
25.602083333333333,92.10208333333334,919.9227
25.602083333333333,92.20208333333333,1132.6849
25.602083333333333,92.30208333333333,1139.8617
25.602083333333333,92.40208333333334,971.50934
25.602083333333333,92.50208333333333,892.2704
25.602083333333333,92.60208333333334,732.55273
25.602083333333333,92.70208333333333,452.484
25.602083333333333,92.80208333333333,295.1869
25.602083333333333,92.90208333333334,152.72507
25.602083333333333,93.00208333333333,179.49689
25.602083333333333,93.10208333333334,247.99863
25.602083333333333,93.20208333333333,322.07468
25.602083333333333,93.30208333333333,415.53412
25.602083333333333,93.40208333333334,241.96675
25.602083333333333,93.50208333333333,287.26315
25.602083333333333,93.60208333333334,350.5677
25.602083333333333,93.70208333333333,476.2157
25.602083333333333,93.80208333333333,975.4476
25.602083333333333,93.90208333333334,1481.0243
25.602083333333333,94.00208333333333,2667.156
25.602083333333333,94.10208333333333,1767.7479
25.602083333333333,94.20208333333333,1304.2291
25.602083333333333,94.30208333333333,2187.9165
25.602083333333333,94.40208333333334,1329.5587
25.602083333333333,94.50208333333333,1163.2933
25.602083333333333,94.60208333333333,1316.1255
25.602083333333333,94.70208333333333,1101.6799
25.602083333333333,94.80208333333333,1235.3712
25.602083333333333,94.90208333333334,1009.4071
25.602083333333333,95.00208333333333,451.2515
25.602083333333333,95.10208333333333,1088.8783
25.602083333333333,95.20208333333333,1046.8273
25.702083333333334,89.70208333333333,23.808088
25.702083333333334,89.80208333333333,24.323467
25.702083333333334,89.90208333333334,26.628933
25.702083333333334,90.00208333333333,29.48751
25.702083333333334,90.10208333333334,171.36449
25.702083333333334,90.20208333333333,183.21347
25.702083333333334,90.30208333333333,424.08145
25.702083333333334,90.40208333333334,387.0631
25.702083333333334,90.50208333333333,164.41498
25.702083333333334,90.60208333333334,243.25107
25.702083333333334,90.70208333333333,296.50378
25.702083333333334,90.80208333333333,346.3401
25.702083333333334,90.90208333333334,563.21234
25.702083333333334,91.00208333333333,845.8078
25.702083333333334,91.10208333333334,895.3557
25.702083333333334,91.20208333333333,1170.2734
25.702083333333334,91.30208333333333,1173.6418
25.702083333333334,91.40208333333334,1161.1489
25.702083333333334,91.50208333333333,1095.5468
25.702083333333334,91.60208333333334,1331.5255
25.702083333333334,91.70208333333333,843.46155
25.702083333333334,91.80208333333333,816.0475
25.702083333333334,91.90208333333334,867.91675
25.702083333333334,92.00208333333333,887.1371
25.702083333333334,92.10208333333334,911.2998
25.702083333333334,92.20208333333333,824.0516
25.702083333333334,92.30208333333333,877.66693
25.702083333333334,92.40208333333334,861.8273
25.702083333333334,92.50208333333333,813.2756
25.702083333333334,92.60208333333334,609.79913
25.702083333333334,92.70208333333333,470.51376
25.702083333333334,92.80208333333333,171.31023
25.702083333333334,92.90208333333334,120.235954
25.702083333333334,93.00208333333333,253.34085
25.702083333333334,93.10208333333334,252.90689
25.702083333333334,93.20208333333333,189.46294
25.702083333333334,93.30208333333333,210.07916
25.702083333333334,93.40208333333334,263.38538
25.702083333333334,93.50208333333333,219.85716
25.702083333333334,93.60208333333334,266.10178
25.702083333333334,93.70208333333333,306.46823
25.702083333333334,93.80208333333333,456.69693
25.702083333333334,93.90208333333334,622.20233
25.702083333333334,94.00208333333333,1783.593
25.702083333333334,94.10208333333333,1313.5355
25.702083333333334,94.20208333333333,951.2234
25.702083333333334,94.30208333333333,1337.905
25.702083333333334,94.40208333333334,1835.1127
25.702083333333334,94.50208333333333,954.1523
25.702083333333334,94.60208333333333,1272.9419
25.702083333333334,94.70208333333333,575.4557
25.702083333333334,94.80208333333333,1687.1398
25.702083333333334,94.90208333333334,1679.4651
25.702083333333334,95.00208333333333,1938.7836
25.702083333333334,95.10208333333333,2129.3635
25.702083333333334,95.20208333333333,1068.284
25.802083333333336,89.70208333333333,24.7352
25.802083333333336,89.80208333333333,24.4944
25.802083333333336,89.90208333333334,20.5
25.802083333333336,90.00208333333333,70.41293
25.802083333333336,90.10208333333334,107.36307
25.802083333333336,90.20208333333333,112.420265
25.802083333333336,90.30208333333333,243.01538
25.802083333333336,90.40208333333334,186.71649
25.802083333333336,90.50208333333333,195.10698
25.802083333333336,90.60208333333334,138.71564
25.802083333333336,90.70208333333333,428.74213
25.802083333333336,90.80208333333333,239.49187
25.802083333333336,90.90208333333334,246.77168
25.802083333333336,91.00208333333333,588.4604
25.802083333333336,91.10208333333334,546.20465
25.802083333333336,91.20208333333333,606.34406
25.802083333333336,91.30208333333333,323.56845
25.802083333333336,91.40208333333334,163.46991
25.802083333333336,91.50208333333333,291.10352
25.802083333333336,91.60208333333334,527.8328
25.802083333333336,91.70208333333333,642.2981
25.802083333333336,91.80208333333333,693.68646
25.802083333333336,91.90208333333334,731.99695
25.802083333333336,92.00208333333333,889.6839
25.802083333333336,92.10208333333334,809.60986
25.802083333333336,92.20208333333333,942.96655
25.802083333333336,92.30208333333333,802.58673
25.802083333333336,92.40208333333334,885.73254
25.802083333333336,92.50208333333333,681.4412
25.802083333333336,92.60208333333334,537.4302
25.802083333333336,92.70208333333333,310.34683
25.802083333333336,92.80208333333333,208.49605
25.802083333333336,92.90208333333334,73.20707
25.802083333333336,93.00208333333333,94.38693
25.802083333333336,93.10208333333334,115.869644
25.802083333333336,93.20208333333333,285.0084
25.802083333333336,93.30208333333333,443.4366
25.802083333333336,93.40208333333334,210.17511
25.802083333333336,93.50208333333333,198.3083
25.802083333333336,93.60208333333334,175.67773
25.802083333333336,93.70208333333333,168.93169
25.802083333333336,93.80208333333333,223.6811
25.802083333333336,93.90208333333334,376.74173
25.802083333333336,94.00208333333333,565.14624
25.802083333333336,94.10208333333333,1041.4147
25.802083333333336,94.20208333333333,1006.4944
25.802083333333336,94.30208333333333,748.63776
25.802083333333336,94.40208333333334,1885.392
25.802083333333336,94.50208333333333,778.8926
25.802083333333336,94.60208333333333,1991.6049
25.802083333333336,94.70208333333333,1259.4825
25.802083333333336,94.80208333333333,944.46625
25.802083333333336,94.90208333333334,1656.6315
25.802083333333336,95.00208333333333,2562.9795
25.802083333333336,95.10208333333333,2413.0745
25.802083333333336,95.20208333333333,1488.7664
25.902083333333334,89.70208333333333,27.443068
25.902083333333334,89.80208333333333,23.096579
25.902083333333334,89.90208333333334,27.766623
25.902083333333334,90.00208333333333,23.0
25.902083333333334,90.10208333333334,27.73049
25.902083333333334,90.20208333333333,61.034443
25.902083333333334,90.30208333333333,63.123245
25.902083333333334,90.40208333333334,122.4812
25.902083333333334,90.50208333333333,148.33093
25.902083333333334,90.60208333333334,76.68774
25.902083333333334,90.70208333333333,305.761
25.902083333333334,90.80208333333333,90.71876
25.902083333333334,90.90208333333334,294.2871
25.902083333333334,91.00208333333333,60.973644
25.902083333333334,91.10208333333334,61.42329
25.902083333333334,91.20208333333333,148.2452
25.902083333333334,91.30208333333333,329.076
25.902083333333334,91.40208333333334,62.94809
25.902083333333334,91.50208333333333,65.98458
25.902083333333334,91.60208333333334,423.30228
25.902083333333334,91.70208333333333,362.66147
25.902083333333334,91.80208333333333,360.1604
25.902083333333334,91.90208333333334,645.2523
25.902083333333334,92.00208333333333,795.65216
25.902083333333334,92.10208333333334,796.87354
25.902083333333334,92.20208333333333,676.5006
25.902083333333334,92.30208333333333,641.3174
25.902083333333334,92.40208333333334,563.926
25.902083333333334,92.50208333333333,528.9833
25.902083333333334,92.60208333333334,443.84653
25.902083333333334,92.70208333333333,140.4052
25.902083333333334,92.80208333333333,72.066666
25.902083333333334,92.90208333333334,72.20391
25.902083333333334,93.00208333333333,91.838936
25.902083333333334,93.10208333333334,116.81684
25.902083333333334,93.20208333333333,211.47556
25.902083333333334,93.30208333333333,165.36288
25.902083333333334,93.40208333333334,180.82968
25.902083333333334,93.50208333333333,178.66107
25.902083333333334,93.60208333333334,199.60489
25.902083333333334,93.70208333333333,156.99619
25.902083333333334,93.80208333333333,150.24916
25.902083333333334,93.90208333333334,157.5059
25.902083333333334,94.00208333333333,762.1116
25.902083333333334,94.10208333333333,664.56146
25.902083333333334,94.20208333333333,1562.3174
25.902083333333334,94.30208333333333,873.5743
25.902083333333334,94.40208333333334,777.94147
25.902083333333334,94.50208333333333,1506.236
25.902083333333334,94.60208333333333,1249.5856
25.902083333333334,94.70208333333333,869.03705
25.902083333333334,94.80208333333333,912.85144
25.902083333333334,94.90208333333334,1025.917
25.902083333333334,95.00208333333333,2776.8833
25.902083333333334,95.10208333333333,2072.2153
25.902083333333334,95.20208333333333,1255.2262
26.00208333333333,89.70208333333333,29.172356
26.00208333333333,89.80208333333333,27.723955
26.00208333333333,89.90208333333334,26.10271
26.00208333333333,90.00208333333333,27.865467
26.00208333333333,90.10208333333334,30.378
26.00208333333333,90.20208333333333,29.103556
26.00208333333333,90.30208333333333,36.60809
26.00208333333333,90.40208333333334,61.784355
26.00208333333333,90.50208333333333,122.477425
26.00208333333333,90.60208333333334,344.38214
26.00208333333333,90.70208333333333,48.51831
26.00208333333333,90.80208333333333,46.970356
26.00208333333333,90.90208333333334,66.60258
26.00208333333333,91.00208333333333,43.830265
26.00208333333333,91.10208333333334,44.67249
26.00208333333333,91.20208333333333,43.898846
26.00208333333333,91.30208333333333,93.707375
26.00208333333333,91.40208333333334,108.46044
26.00208333333333,91.50208333333333,49.06951
26.00208333333333,91.60208333333334,299.37946
26.00208333333333,91.70208333333333,413.27698
26.00208333333333,91.80208333333333,177.1504
26.00208333333333,91.90208333333334,234.28662
26.00208333333333,92.00208333333333,329.56866
26.00208333333333,92.10208333333334,442.7125
26.00208333333333,92.20208333333333,262.74982
26.00208333333333,92.30208333333333,676.5985
26.00208333333333,92.40208333333334,686.05914
26.00208333333333,92.50208333333333,173.05711
26.00208333333333,92.60208333333334,66.346535
26.00208333333333,92.70208333333333,64.05894
26.00208333333333,92.80208333333333,68.65364
26.00208333333333,92.90208333333334,68.02764
26.00208333333333,93.00208333333333,80.15951
26.00208333333333,93.10208333333334,119.532845
26.00208333333333,93.20208333333333,112.748665
26.00208333333333,93.30208333333333,155.9312
26.00208333333333,93.40208333333334,146.5823
26.00208333333333,93.50208333333333,326.62357
26.00208333333333,93.60208333333334,191.46115
26.00208333333333,93.70208333333333,182.18875
26.00208333333333,93.80208333333333,130.54524
26.00208333333333,93.90208333333334,139.29085
26.00208333333333,94.00208333333333,665.56006
26.00208333333333,94.10208333333333,338.7493
26.00208333333333,94.20208333333333,1093.5958
26.00208333333333,94.30208333333333,823.95233
26.00208333333333,94.40208333333334,919.3905
26.00208333333333,94.50208333333333,1753.2177
26.00208333333333,94.60208333333333,2063.8367
26.00208333333333,94.70208333333333,1680.4946
26.00208333333333,94.80208333333333,1606.2286
26.00208333333333,94.90208333333334,1163.7777
26.00208333333333,95.00208333333333,1183.1595
26.00208333333333,95.10208333333333,2244.1404
26.00208333333333,95.20208333333333,1881.5453
26.102083333333333,89.70208333333333,31.098934
26.102083333333333,89.80208333333333,28.878534
26.102083333333333,89.90208333333334,29.558134
26.102083333333333,90.00208333333333,28.550577
26.102083333333333,90.10208333333334,31.191866
26.102083333333333,90.20208333333333,29.16169
26.102083333333333,90.30208333333333,29.5
26.102083333333333,90.40208333333334,33.27329
26.102083333333333,90.50208333333333,41.8724
26.102083333333333,90.60208333333334,36.595333
26.102083333333333,90.70208333333333,134.99573
26.102083333333333,90.80208333333333,41.218754
26.102083333333333,90.90208333333334,39.80209
26.102083333333333,91.00208333333333,38.42849
26.102083333333333,91.10208333333334,40.409866
26.102083333333333,91.20208333333333,42.422043
26.102083333333333,91.30208333333333,42.037823
26.102083333333333,91.40208333333334,45.50022
26.102083333333333,91.50208333333333,47.6044
26.102083333333333,91.60208333333334,49.718845
26.102083333333333,91.70208333333333,80.69178
26.102083333333333,91.80208333333333,62.019554
26.102083333333333,91.90208333333334,107.7332
26.102083333333333,92.00208333333333,114.722626
26.102083333333333,92.10208333333334,72.28267
26.102083333333333,92.20208333333333,248.64302
26.102083333333333,92.30208333333333,55.1624
26.102083333333333,92.40208333333334,344.70065
26.102083333333333,92.50208333333333,108.67613
26.102083333333333,92.60208333333334,59.511112
26.102083333333333,92.70208333333333,60.558712
26.102083333333333,92.80208333333333,63.092224
26.102083333333333,92.90208333333334,66.47244
26.102083333333333,93.00208333333333,77.16924
26.102083333333333,93.10208333333334,84.5064
26.102083333333333,93.20208333333333,179.97995
26.102083333333333,93.30208333333333,430.37973
26.102083333333333,93.40208333333334,484.4604
26.102083333333333,93.50208333333333,1053.228
26.102083333333333,93.60208333333334,822.06793
26.102083333333333,93.70208333333333,187.04182
26.102083333333333,93.80208333333333,123.684265
26.102083333333333,93.90208333333334,125.08947
26.102083333333333,94.00208333333333,261.1603
26.102083333333333,94.10208333333333,480.16354
26.102083333333333,94.20208333333333,589.99506
26.102083333333333,94.30208333333333,1272.5685
26.102083333333333,94.40208333333334,561.2746
26.102083333333333,94.50208333333333,1633.953
26.102083333333333,94.60208333333333,1415.7961
26.102083333333333,94.70208333333333,1640.7527
26.102083333333333,94.80208333333333,1030.2378
26.102083333333333,94.90208333333334,999.5744
26.102083333333333,95.00208333333333,1002.2202
26.102083333333333,95.10208333333333,2230.742
26.102083333333333,95.20208333333333,2392.464
26.202083333333334,89.70208333333333,31.381332
26.202083333333334,89.80208333333333,31.319378
26.202083333333334,89.90208333333334,41.198044
26.202083333333334,90.00208333333333,36.39582
26.202083333333334,90.10208333333334,43.599377
26.202083333333334,90.20208333333333,32.424667
26.202083333333334,90.30208333333333,91.446045
26.202083333333334,90.40208333333334,30.0
26.202083333333334,90.50208333333333,30.136488
26.202083333333334,90.60208333333334,30.0
26.202083333333334,90.70208333333333,35.401245
26.202083333333334,90.80208333333333,37.046444
26.202083333333334,90.90208333333334,32.582355
26.202083333333334,91.00208333333333,35.5
26.202083333333334,91.10208333333334,39.348087
26.202083333333334,91.20208333333333,40.708977
26.202083333333334,91.30208333333333,44.445465
26.202083333333334,91.40208333333334,41.826313
26.202083333333334,91.50208333333333,45.63409
26.202083333333334,91.60208333333334,43.092266
26.202083333333334,91.70208333333333,49.95347
26.202083333333334,91.80208333333333,76.581375
26.202083333333334,91.90208333333334,247.3363
26.202083333333334,92.00208333333333,52.023735
26.202083333333334,92.10208333333334,51.545513
26.202083333333334,92.20208333333333,53.178444
26.202083333333334,92.30208333333333,55.104534
26.202083333333334,92.40208333333334,58.197956
26.202083333333334,92.50208333333333,57.112446
26.202083333333334,92.60208333333334,59.558357
26.202083333333334,92.70208333333333,58.955555
26.202083333333334,92.80208333333333,164.89467
26.202083333333334,92.90208333333334,301.05096
26.202083333333334,93.00208333333333,72.746315
26.202083333333334,93.10208333333334,80.11338
26.202083333333334,93.20208333333333,106.82853
26.202083333333334,93.30208333333333,666.1317
26.202083333333334,93.40208333333334,516.2002
26.202083333333334,93.50208333333333,741.1515
26.202083333333334,93.60208333333334,937.08984
26.202083333333334,93.70208333333333,539.79193
26.202083333333334,93.80208333333333,125.413956
26.202083333333334,93.90208333333334,111.90169
26.202083333333334,94.00208333333333,113.07782
26.202083333333334,94.10208333333333,572.48505
26.202083333333334,94.20208333333333,556.2175
26.202083333333334,94.30208333333333,588.36206
26.202083333333334,94.40208333333334,607.64246
26.202083333333334,94.50208333333333,840.87
26.202083333333334,94.60208333333333,1235.2428
26.202083333333334,94.70208333333333,1868.8663
26.202083333333334,94.80208333333333,1989.7002
26.202083333333334,94.90208333333334,2230.3438
26.202083333333334,95.00208333333333,1265.755
26.202083333333334,95.10208333333333,1517.6278
26.202083333333334,95.20208333333333,2001.448
26.302083333333336,89.70208333333333,36.13929
26.302083333333336,89.80208333333333,36.190132
26.302083333333336,89.90208333333334,41.925335
26.302083333333336,90.00208333333333,49.82511
26.302083333333336,90.10208333333334,47.40911
26.302083333333336,90.20208333333333,35.96102
26.302083333333336,90.30208333333333,36.426445
26.302083333333336,90.40208333333334,44.932266
26.302083333333336,90.50208333333333,68.78071
26.302083333333336,90.60208333333334,37.762978
26.302083333333336,90.70208333333333,38.315067
26.302083333333336,90.80208333333333,38.503822
26.302083333333336,90.90208333333334,39.72911
26.302083333333336,91.00208333333333,40.674046
26.302083333333336,91.10208333333334,42.130444
26.302083333333336,91.20208333333333,41.33769
26.302083333333336,91.30208333333333,43.814266
26.302083333333336,91.40208333333334,44.914623
26.302083333333336,91.50208333333333,46.248177
26.302083333333336,91.60208333333334,47.19809
26.302083333333336,91.70208333333333,48.00707
26.302083333333336,91.80208333333333,48.157467
26.302083333333336,91.90208333333334,50.31978
26.302083333333336,92.00208333333333,50.0
26.302083333333336,92.10208333333334,50.5
26.302083333333336,92.20208333333333,52.179245
26.302083333333336,92.30208333333333,52.9276
26.302083333333336,92.40208333333334,57.613823
26.302083333333336,92.50208333333333,59.34369
26.302083333333336,92.60208333333334,60.840622
26.302083333333336,92.70208333333333,61.55902
26.302083333333336,92.80208333333333,65.16289
26.302083333333336,92.90208333333334,326.55423
26.302083333333336,93.00208333333333,109.623825
26.302083333333336,93.10208333333334,377.7118
26.302083333333336,93.20208333333333,112.09978
26.302083333333336,93.30208333333333,607.0578
26.302083333333336,93.40208333333334,941.5158
26.302083333333336,93.50208333333333,619.51465
26.302083333333336,93.60208333333334,672.22473
26.302083333333336,93.70208333333333,248.11275
26.302083333333336,93.80208333333333,135.27818
26.302083333333336,93.90208333333334,111.2936
26.302083333333336,94.00208333333333,105.4748
26.302083333333336,94.10208333333333,164.04654
26.302083333333336,94.20208333333333,378.89
26.302083333333336,94.30208333333333,392.93784
26.302083333333336,94.40208333333334,1014.0596
26.302083333333336,94.50208333333333,1127.4381
26.302083333333336,94.60208333333333,698.5598
26.302083333333336,94.70208333333333,816.3809
26.302083333333336,94.80208333333333,1573.4519
26.302083333333336,94.90208333333334,1767.9523
26.302083333333336,95.00208333333333,1942.398
26.302083333333336,95.10208333333333,1462.5939
26.302083333333336,95.20208333333333,1612.7866
26.402083333333334,89.70208333333333,44.99267
26.402083333333334,89.80208333333333,40.13738
26.402083333333334,89.90208333333334,44.476624
26.402083333333334,90.00208333333333,45.39493
26.402083333333334,90.10208333333334,43.353024
26.402083333333334,90.20208333333333,45.110977
26.402083333333334,90.30208333333333,44.520576
26.402083333333334,90.40208333333334,49.9936
26.402083333333334,90.50208333333333,46.126842
26.402083333333334,90.60208333333334,46.094578
26.402083333333334,90.70208333333333,43.047688
26.402083333333334,90.80208333333333,40.02431
26.402083333333334,90.90208333333334,43.111732
26.402083333333334,91.00208333333333,41.62129
26.402083333333334,91.10208333333334,40.73618
26.402083333333334,91.20208333333333,42.32409
26.402083333333334,91.30208333333333,42.98231
26.402083333333334,91.40208333333334,47.18911
26.402083333333334,91.50208333333333,50.85231
26.402083333333334,91.60208333333334,48.296978
26.402083333333334,91.70208333333333,53.610756
26.402083333333334,91.80208333333333,52.8352
26.402083333333334,91.90208333333334,54.80898
26.402083333333334,92.00208333333333,54.03058
26.402083333333334,92.10208333333334,51.006134
26.402083333333334,92.20208333333333,51.5
26.402083333333334,92.30208333333333,55.398132
26.402083333333334,92.40208333333334,55.188046
26.402083333333334,92.50208333333333,56.866
26.402083333333334,92.60208333333334,58.608265
26.402083333333334,92.70208333333333,58.953022
26.402083333333334,92.80208333333333,63.97307
26.402083333333334,92.90208333333334,74.79609
26.402083333333334,93.00208333333333,513.06146
26.402083333333334,93.10208333333334,531.8884
26.402083333333334,93.20208333333333,679.9073
26.402083333333334,93.30208333333333,691.46185
26.402083333333334,93.40208333333334,603.7721
26.402083333333334,93.50208333333333,437.1904
26.402083333333334,93.60208333333334,180.59534
26.402083333333334,93.70208333333333,431.76935
26.402083333333334,93.80208333333333,133.45093
26.402083333333334,93.90208333333334,104.247826
26.402083333333334,94.00208333333333,105.71769
26.402083333333334,94.10208333333333,98.043465
26.402083333333334,94.20208333333333,365.3608
26.402083333333334,94.30208333333333,313.41968
26.402083333333334,94.40208333333334,525.94916
26.402083333333334,94.50208333333333,641.3229
26.402083333333334,94.60208333333333,1072.7806
26.402083333333334,94.70208333333333,464.0105
26.402083333333334,94.80208333333333,1487.5972
26.402083333333334,94.90208333333334,503.4316
26.402083333333334,95.00208333333333,949.08215
26.402083333333334,95.10208333333333,2229.054
26.402083333333334,95.20208333333333,1153.9553
26.50208333333333,89.70208333333333,45.7556
26.50208333333333,89.80208333333333,51.180443
26.50208333333333,89.90208333333334,55.790356
26.50208333333333,90.00208333333333,53.674488
26.50208333333333,90.10208333333334,50.524845
26.50208333333333,90.20208333333333,55.83271
26.50208333333333,90.30208333333333,52.595333
26.50208333333333,90.40208333333334,53.391865
26.50208333333333,90.50208333333333,59.70351
26.50208333333333,90.60208333333334,55.392757
26.50208333333333,90.70208333333333,51.16631
26.50208333333333,90.80208333333333,46.615288
26.50208333333333,90.90208333333334,47.402576
26.50208333333333,91.00208333333333,44.976578
26.50208333333333,91.10208333333334,44.611732
26.50208333333333,91.20208333333333,46.50711
26.50208333333333,91.30208333333333,47.638935
26.50208333333333,91.40208333333334,53.782665
26.50208333333333,91.50208333333333,55.745644
26.50208333333333,91.60208333333334,56.766045
26.50208333333333,91.70208333333333,58.3416
26.50208333333333,91.80208333333333,58.327465
26.50208333333333,91.90208333333334,57.505245
26.50208333333333,92.00208333333333,60.462532
26.50208333333333,92.10208333333334,60.016357
26.50208333333333,92.20208333333333,56.015556
26.50208333333333,92.30208333333333,55.199554
26.50208333333333,92.40208333333334,55.5
26.50208333333333,92.50208333333333,61.14
26.50208333333333,92.60208333333334,62.342712
26.50208333333333,92.70208333333333,61.064312
26.50208333333333,92.80208333333333,63.376934
26.50208333333333,92.90208333333334,62.72929
26.50208333333333,93.00208333333333,83.23191
26.50208333333333,93.10208333333334,170.75507
26.50208333333333,93.20208333333333,90.954
26.50208333333333,93.30208333333333,199.71004
26.50208333333333,93.40208333333334,390.2092
26.50208333333333,93.50208333333333,589.2189
26.50208333333333,93.60208333333334,473.53583
26.50208333333333,93.70208333333333,214.20444
26.50208333333333,93.80208333333333,96.55916
26.50208333333333,93.90208333333334,93.07889
26.50208333333333,94.00208333333333,96.26089
26.50208333333333,94.10208333333333,89.175285
26.50208333333333,94.20208333333333,104.555336
26.50208333333333,94.30208333333333,194.12267
26.50208333333333,94.40208333333334,547.41705
26.50208333333333,94.50208333333333,724.67145
26.50208333333333,94.60208333333333,352.66125
26.50208333333333,94.70208333333333,431.69046
26.50208333333333,94.80208333333333,1153.6656
26.50208333333333,94.90208333333334,453.9174
26.50208333333333,95.00208333333333,1459.4277
26.50208333333333,95.10208333333333,1871.8815
26.50208333333333,95.20208333333333,1070.4481
26.602083333333333,89.70208333333333,70.874886
26.602083333333333,89.80208333333333,74.474266
26.602083333333333,89.90208333333334,72.644714
26.602083333333333,90.00208333333333,66.03525
26.602083333333333,90.10208333333334,71.44227
26.602083333333333,90.20208333333333,77.0584
26.602083333333333,90.30208333333333,76.88942
26.602083333333333,90.40208333333334,75.64089
26.602083333333333,90.50208333333333,74.088936
26.602083333333333,90.60208333333334,70.17053
26.602083333333333,90.70208333333333,70.63484
26.602083333333333,90.80208333333333,53.100666
26.602083333333333,90.90208333333334,52.7076
26.602083333333333,91.00208333333333,52.917423
26.602083333333333,91.10208333333334,48.964443
26.602083333333333,91.20208333333333,52.482887
26.602083333333333,91.30208333333333,57.246933
26.602083333333333,91.40208333333334,63.57018
26.602083333333333,91.50208333333333,66.98689
26.602083333333333,91.60208333333334,67.02871
26.602083333333333,91.70208333333333,68.72022
26.602083333333333,91.80208333333333,69.771515
26.602083333333333,91.90208333333334,70.25409
26.602083333333333,92.00208333333333,70.11387
26.602083333333333,92.10208333333334,71.33298
26.602083333333333,92.20208333333333,73.72529
26.602083333333333,92.30208333333333,68.13196
26.602083333333333,92.40208333333334,57.430576
26.602083333333333,92.50208333333333,59.86449
26.602083333333333,92.60208333333334,59.594265
26.602083333333333,92.70208333333333,60.386223
26.602083333333333,92.80208333333333,63.832577
26.602083333333333,92.90208333333334,66.07382
26.602083333333333,93.00208333333333,63.654354
26.602083333333333,93.10208333333334,65.0
26.602083333333333,93.20208333333333,67.52956
26.602083333333333,93.30208333333333,70.38338
26.602083333333333,93.40208333333334,70.66902
26.602083333333333,93.50208333333333,181.10493
26.602083333333333,93.60208333333334,89.233955
26.602083333333333,93.70208333333333,252.80853
26.602083333333333,93.80208333333333,82.591736
26.602083333333333,93.90208333333334,89.41827
26.602083333333333,94.00208333333333,90.072266
26.602083333333333,94.10208333333333,87.12973
26.602083333333333,94.20208333333333,94.88564
26.602083333333333,94.30208333333333,111.785866
26.602083333333333,94.40208333333334,128.98244
26.602083333333333,94.50208333333333,425.98425
26.602083333333333,94.60208333333333,164.2447
26.602083333333333,94.70208333333333,353.60263
26.602083333333333,94.80208333333333,966.44226
26.602083333333333,94.90208333333334,363.58212
26.602083333333333,95.00208333333333,494.85614
26.602083333333333,95.10208333333333,1365.9467
26.602083333333333,95.20208333333333,1466.7714
26.702083333333334,89.70208333333333,166.59947
26.702083333333334,89.80208333333333,147.01978
26.702083333333334,89.90208333333334,102.257065
26.702083333333334,90.00208333333333,137.7111
26.702083333333334,90.10208333333334,136.9764
26.702083333333334,90.20208333333333,127.67764
26.702083333333334,90.30208333333333,124.190445
26.702083333333334,90.40208333333334,110.36458
26.702083333333334,90.50208333333333,106.39827
26.702083333333334,90.60208333333334,116.81462
26.702083333333334,90.70208333333333,153.97542
26.702083333333334,90.80208333333333,139.53583
26.702083333333334,90.90208333333334,70.95506
26.702083333333334,91.00208333333333,69.569336
26.702083333333334,91.10208333333334,58.0204
26.702083333333334,91.20208333333333,56.318134
26.702083333333334,91.30208333333333,72.772575
26.702083333333334,91.40208333333334,91.852
26.702083333333334,91.50208333333333,89.30222
26.702083333333334,91.60208333333334,85.22733
26.702083333333334,91.70208333333333,90.37235
26.702083333333334,91.80208333333333,96.11809
26.702083333333334,91.90208333333334,90.293686
26.702083333333334,92.00208333333333,89.197556
26.702083333333334,92.10208333333334,90.33302
26.702083333333334,92.20208333333333,90.6832
26.702083333333334,92.30208333333333,85.124756
26.702083333333334,92.40208333333334,83.911865
26.702083333333334,92.50208333333333,76.32969
26.702083333333334,92.60208333333334,72.59791
26.702083333333334,92.70208333333333,67.0656
26.702083333333334,92.80208333333333,69.67684
26.702083333333334,92.90208333333334,69.50502
26.702083333333334,93.00208333333333,66.4808
26.702083333333334,93.10208333333334,67.88
26.702083333333334,93.20208333333333,67.04938
26.702083333333334,93.30208333333333,66.826
26.702083333333334,93.40208333333334,72.975914
26.702083333333334,93.50208333333333,73.54587
26.702083333333334,93.60208333333334,75.52471
26.702083333333334,93.70208333333333,76.352
26.702083333333334,93.80208333333333,78.36115
26.702083333333334,93.90208333333334,78.59613
26.702083333333334,94.00208333333333,84.42991
26.702083333333334,94.10208333333333,87.03733
26.702083333333334,94.20208333333333,95.914665
26.702083333333334,94.30208333333333,106.735825
26.702083333333334,94.40208333333334,110.79373
26.702083333333334,94.50208333333333,190.3264
26.702083333333334,94.60208333333333,133.10187
26.702083333333334,94.70208333333333,595.81757
26.702083333333334,94.80208333333333,312.00223
26.702083333333334,94.90208333333334,1241.5996
26.702083333333334,95.00208333333333,980.79456
26.702083333333334,95.10208333333333,902.9174
26.702083333333334,95.20208333333333,649.6158
26.802083333333336,89.70208333333333,1044.9923
26.802083333333336,89.80208333333333,1258.3058
26.802083333333336,89.90208333333334,406.18054
26.802083333333336,90.00208333333333,945.4491
26.802083333333336,90.10208333333334,648.7372
26.802083333333336,90.20208333333333,262.41528
26.802083333333336,90.30208333333333,199.944
26.802083333333336,90.40208333333334,176.4236
26.802083333333336,90.50208333333333,162.62013
26.802083333333336,90.60208333333334,298.7503
26.802083333333336,90.70208333333333,1076.0664
26.802083333333336,90.80208333333333,801.062
26.802083333333336,90.90208333333334,370.1747
26.802083333333336,91.00208333333333,294.46182
26.802083333333336,91.10208333333334,118.156845
26.802083333333336,91.20208333333333,157.00386
26.802083333333336,91.30208333333333,798.12305
26.802083333333336,91.40208333333334,181.34973
26.802083333333336,91.50208333333333,178.26703
26.802083333333336,91.60208333333334,169.89137
26.802083333333336,91.70208333333333,147.17369
26.802083333333336,91.80208333333333,164.34032
26.802083333333336,91.90208333333334,170.78209
26.802083333333336,92.00208333333333,149.0913
26.802083333333336,92.10208333333334,135.4616
26.802083333333336,92.20208333333333,111.738846
26.802083333333336,92.30208333333333,112.96489
26.802083333333336,92.40208333333334,114.44369
26.802083333333336,92.50208333333333,99.50195
26.802083333333336,92.60208333333334,91.35302
26.802083333333336,92.70208333333333,81.27067
26.802083333333336,92.80208333333333,77.0032
26.802083333333336,92.90208333333334,78.84987
26.802083333333336,93.00208333333333,75.207954
26.802083333333336,93.10208333333334,79.54769
26.802083333333336,93.20208333333333,85.27196
26.802083333333336,93.30208333333333,82.83427
26.802083333333336,93.40208333333334,77.831955
26.802083333333336,93.50208333333333,78.1948
26.802083333333336,93.60208333333334,74.136
26.802083333333336,93.70208333333333,77.11667
26.802083333333336,93.80208333333333,71.50253
26.802083333333336,93.90208333333334,79.83853
26.802083333333336,94.00208333333333,80.32831
26.802083333333336,94.10208333333333,82.50524
26.802083333333336,94.20208333333333,86.10698
26.802083333333336,94.30208333333333,90.62614
26.802083333333336,94.40208333333334,92.942
26.802083333333336,94.50208333333333,99.9732
26.802083333333336,94.60208333333333,101.49747
26.802083333333336,94.70208333333333,103.45009
26.802083333333336,94.80208333333333,107.55551
26.802083333333336,94.90208333333334,196.20244
26.802083333333336,95.00208333333333,665.17053
26.802083333333336,95.10208333333333,538.0771
26.802083333333336,95.20208333333333,1272.5929
26.902083333333334,89.70208333333333,2360.763
26.902083333333334,89.80208333333333,1672.6705
26.902083333333334,89.90208333333334,1348.9263
26.902083333333334,90.00208333333333,592.42413
26.902083333333334,90.10208333333334,604.0237
26.902083333333334,90.20208333333333,849.52844
26.902083333333334,90.30208333333333,923.09485
26.902083333333334,90.40208333333334,345.7072
26.902083333333334,90.50208333333333,257.70258
26.902083333333334,90.60208333333334,496.7202
26.902083333333334,90.70208333333333,807.908
26.902083333333334,90.80208333333333,2029.1644
26.902083333333334,90.90208333333334,233.29498
26.902083333333334,91.00208333333333,532.9088
26.902083333333334,91.10208333333334,1199.8948
26.902083333333334,91.20208333333333,1159.2468
26.902083333333334,91.30208333333333,1164.4385
26.902083333333334,91.40208333333334,1276.0013
26.902083333333334,91.50208333333333,1244.4323
26.902083333333334,91.60208333333334,1696.7743
26.902083333333334,91.70208333333333,548.19434
26.902083333333334,91.80208333333333,547.8649
26.902083333333334,91.90208333333334,365.2068
26.902083333333334,92.00208333333333,718.4379
26.902083333333334,92.10208333333334,294.57877
26.902083333333334,92.20208333333333,352.18484
26.902083333333334,92.30208333333333,176.33472
26.902083333333334,92.40208333333334,193.30663
26.902083333333334,92.50208333333333,138.84715
26.902083333333334,92.60208333333334,117.719376
26.902083333333334,92.70208333333333,99.70355
26.902083333333334,92.80208333333333,90.6128
26.902083333333334,92.90208333333334,93.27111
26.902083333333334,93.00208333333333,113.46418
26.902083333333334,93.10208333333334,143.79271
26.902083333333334,93.20208333333333,110.464264
26.902083333333334,93.30208333333333,117.0004
26.902083333333334,93.40208333333334,95.95129
26.902083333333334,93.50208333333333,92.807556
26.902083333333334,93.60208333333334,84.36529
26.902083333333334,93.70208333333333,77.21404
26.902083333333334,93.80208333333333,80.021866
26.902083333333334,93.90208333333334,80.04316
26.902083333333334,94.00208333333333,79.01529
26.902083333333334,94.10208333333333,80.5
26.902083333333334,94.20208333333333,82.66111
26.902083333333334,94.30208333333333,83.68494
26.902083333333334,94.40208333333334,87.3468
26.902083333333334,94.50208333333333,88.1964
26.902083333333334,94.60208333333333,91.02742
26.902083333333334,94.70208333333333,94.386536
26.902083333333334,94.80208333333333,97.266624
26.902083333333334,94.90208333333334,132.72862
26.902083333333334,95.00208333333333,286.38934
26.902083333333334,95.10208333333333,200.80911
26.902083333333334,95.20208333333333,759.0161
27.00208333333333,89.70208333333333,2480.568
27.00208333333333,89.80208333333333,2525.9414
27.00208333333333,89.90208333333334,1607.5667
27.00208333333333,90.00208333333333,1958.953
27.00208333333333,90.10208333333334,1438.2814
27.00208333333333,90.20208333333333,1768.7833
27.00208333333333,90.30208333333333,2143.4253
27.00208333333333,90.40208333333334,1419.392
27.00208333333333,90.50208333333333,843.3971
27.00208333333333,90.60208333333334,1207.6028
27.00208333333333,90.70208333333333,2367.572
27.00208333333333,90.80208333333333,763.7172
27.00208333333333,90.90208333333334,1264.8453
27.00208333333333,91.00208333333333,1889.9641
27.00208333333333,91.10208333333334,1159.3932
27.00208333333333,91.20208333333333,431.5887
27.00208333333333,91.30208333333333,688.995
27.00208333333333,91.40208333333334,867.7743
27.00208333333333,91.50208333333333,1573.7202
27.00208333333333,91.60208333333334,1641.4464
27.00208333333333,91.70208333333333,1196.604
27.00208333333333,91.80208333333333,1766.0594
27.00208333333333,91.90208333333334,2077.2605
27.00208333333333,92.00208333333333,915.51807
27.00208333333333,92.10208333333334,1875.9092
27.00208333333333,92.20208333333333,1461.8761
27.00208333333333,92.30208333333333,1603.0616
27.00208333333333,92.40208333333334,451.01547
27.00208333333333,92.50208333333333,724.6732
27.00208333333333,92.60208333333334,343.0852
27.00208333333333,92.70208333333333,128.79431
27.00208333333333,92.80208333333333,117.03631
27.00208333333333,92.90208333333334,217.77737
27.00208333333333,93.00208333333333,317.2941
27.00208333333333,93.10208333333334,294.33405
27.00208333333333,93.20208333333333,269.3457
27.00208333333333,93.30208333333333,571.32056
27.00208333333333,93.40208333333334,472.06094
27.00208333333333,93.50208333333333,530.6123
27.00208333333333,93.60208333333334,309.6076
27.00208333333333,93.70208333333333,112.48071
27.00208333333333,93.80208333333333,87.816086
27.00208333333333,93.90208333333334,83.8376
27.00208333333333,94.00208333333333,82.1716
27.00208333333333,94.10208333333333,83.44569
27.00208333333333,94.20208333333333,83.86156
27.00208333333333,94.30208333333333,85.14222
27.00208333333333,94.40208333333334,86.0
27.00208333333333,94.50208333333333,88.98009
27.00208333333333,94.60208333333333,90.12444
27.00208333333333,94.70208333333333,90.682625
27.00208333333333,94.80208333333333,96.11271
27.00208333333333,94.90208333333334,102.01507
27.00208333333333,95.00208333333333,114.874176
27.00208333333333,95.10208333333333,115.13907
27.00208333333333,95.20208333333333,246.1208
27.102083333333333,89.70208333333333,2716.2854
27.102083333333333,89.80208333333333,2137.3477
27.102083333333333,89.90208333333334,2234.296
27.102083333333333,90.00208333333333,1605.9143
27.102083333333333,90.10208333333334,972.97235
27.102083333333333,90.20208333333333,1442.0736
27.102083333333333,90.30208333333333,1886.9369
27.102083333333333,90.40208333333334,1465.8549
27.102083333333333,90.50208333333333,1797.463
27.102083333333333,90.60208333333334,1390.8339
27.102083333333333,90.70208333333333,1190.7434
27.102083333333333,90.80208333333333,1415.5615
27.102083333333333,90.90208333333334,2229.4492
27.102083333333333,91.00208333333333,2229.802
27.102083333333333,91.10208333333334,1638.0786
27.102083333333333,91.20208333333333,718.02026
27.102083333333333,91.30208333333333,1114.4601
27.102083333333333,91.40208333333334,654.54175
27.102083333333333,91.50208333333333,1881.6172
27.102083333333333,91.60208333333334,1486.941
27.102083333333333,91.70208333333333,2593.865
27.102083333333333,91.80208333333333,3344.7366
27.102083333333333,91.90208333333334,1942.5947
27.102083333333333,92.00208333333333,2041.1089
27.102083333333333,92.10208333333334,1528.087
27.102083333333333,92.20208333333333,2224.2083
27.102083333333333,92.30208333333333,2445.972
27.102083333333333,92.40208333333334,2232.4707
27.102083333333333,92.50208333333333,2267.6946
27.102083333333333,92.60208333333334,339.67435
27.102083333333333,92.70208333333333,986.4401
27.102083333333333,92.80208333333333,296.93475
27.102083333333333,92.90208333333334,750.6768
27.102083333333333,93.00208333333333,917.7923
27.102083333333333,93.10208333333334,1444.2849
27.102083333333333,93.20208333333333,1164.5677
27.102083333333333,93.30208333333333,852.2666
27.102083333333333,93.40208333333334,993.158
27.102083333333333,93.50208333333333,662.8212
27.102083333333333,93.60208333333334,321.5397
27.102083333333333,93.70208333333333,196.39511
27.102083333333333,93.80208333333333,191.22858
27.102083333333333,93.90208333333334,92.984535
27.102083333333333,94.00208333333333,85.53146
27.102083333333333,94.10208333333333,86.41111
27.102083333333333,94.20208333333333,86.17418
27.102083333333333,94.30208333333333,85.88751
27.102083333333333,94.40208333333334,88.74347
27.102083333333333,94.50208333333333,87.08222
27.102083333333333,94.60208333333333,89.772224
27.102083333333333,94.70208333333333,92.55342
27.102083333333333,94.80208333333333,97.188934
27.102083333333333,94.90208333333334,97.77982
27.102083333333333,95.00208333333333,102.49058
27.102083333333333,95.10208333333333,106.12156
27.102083333333333,95.20208333333333,112.21369
27.202083333333334,89.70208333333333,3760.5583
27.202083333333334,89.80208333333333,2434.4294
27.202083333333334,89.90208333333334,2729.929
27.202083333333334,90.00208333333333,1711.5325
27.202083333333334,90.10208333333334,737.883
27.202083333333334,90.20208333333333,1755.7587
27.202083333333334,90.30208333333333,3053.9604
27.202083333333334,90.40208333333334,2500.7112
27.202083333333334,90.50208333333333,1963.1501
27.202083333333334,90.60208333333334,1545.4114
27.202083333333334,90.70208333333333,1418.4418
27.202083333333334,90.80208333333333,2455.208
27.202083333333334,90.90208333333334,2267.7078
27.202083333333334,91.00208333333333,2662.6587
27.202083333333334,91.10208333333334,2015.379
27.202083333333334,91.20208333333333,735.06067
27.202083333333334,91.30208333333333,2088.4304
27.202083333333334,91.40208333333334,1083.5409
27.202083333333334,91.50208333333333,2050.0696
27.202083333333334,91.60208333333334,2080.891
27.202083333333334,91.70208333333333,2397.0437
27.202083333333334,91.80208333333333,3346.7766
27.202083333333334,91.90208333333334,1962.5148
27.202083333333334,92.00208333333333,2094.7383
27.202083333333334,92.10208333333334,2828.29
27.202083333333334,92.20208333333333,2904.1985
27.202083333333334,92.30208333333333,2467.527
27.202083333333334,92.40208333333334,1509.7292
27.202083333333334,92.50208333333333,1634.5536
27.202083333333334,92.60208333333334,1108.2919
27.202083333333334,92.70208333333333,826.49066
27.202083333333334,92.80208333333333,1443.2817
27.202083333333334,92.90208333333334,769.05615
27.202083333333334,93.00208333333333,1424.533
27.202083333333334,93.10208333333334,1530.8047
27.202083333333334,93.20208333333333,1859.2905
27.202083333333334,93.30208333333333,1638.1136
27.202083333333334,93.40208333333334,1172.0432
27.202083333333334,93.50208333333333,1213.3496
27.202083333333334,93.60208333333334,762.0061
27.202083333333334,93.70208333333333,948.1564
27.202083333333334,93.80208333333333,252.39116
27.202083333333334,93.90208333333334,123.60129
27.202083333333334,94.00208333333333,97.66515
27.202083333333334,94.10208333333333,91.50422
27.202083333333334,94.20208333333333,86.76498
27.202083333333334,94.30208333333333,88.40227
27.202083333333334,94.40208333333334,90.16471
27.202083333333334,94.50208333333333,92.11645
27.202083333333334,94.60208333333333,92.247246
27.202083333333334,94.70208333333333,93.219376
27.202083333333334,94.80208333333333,96.691734
27.202083333333334,94.90208333333334,99.794846
27.202083333333334,95.00208333333333,103.03818
27.202083333333334,95.10208333333333,108.10689
27.202083333333334,95.20208333333333,113.15675
27.302083333333336,89.70208333333333,4011.2593
27.302083333333336,89.80208333333333,3706.1104
27.302083333333336,89.90208333333334,2265.1638
27.302083333333336,90.00208333333333,1478.2567
27.302083333333336,90.10208333333334,1240.5571
27.302083333333336,90.20208333333333,2464.2312
27.302083333333336,90.30208333333333,2378.087
27.302083333333336,90.40208333333334,4124.95
27.302083333333336,90.50208333333333,3018.9316
27.302083333333336,90.60208333333334,1353.1798
27.302083333333336,90.70208333333333,3297.2036
27.302083333333336,90.80208333333333,2525.2031
27.302083333333336,90.90208333333334,2727.9524
27.302083333333336,91.00208333333333,3101.5828
27.302083333333336,91.10208333333334,1321.1395
27.302083333333336,91.20208333333333,993.2788
27.302083333333336,91.30208333333333,2046.5026
27.302083333333336,91.40208333333334,1943.2413
27.302083333333336,91.50208333333333,1084.8232
27.302083333333336,91.60208333333334,2422.7275
27.302083333333336,91.70208333333333,2781.9373
27.302083333333336,91.80208333333333,3373.2405
27.302083333333336,91.90208333333334,3937.124
27.302083333333336,92.00208333333333,4111.48
27.302083333333336,92.10208333333334,2943.8662
27.302083333333336,92.20208333333333,2815.6755
27.302083333333336,92.30208333333333,2707.6226
27.302083333333336,92.40208333333334,1942.9784
27.302083333333336,92.50208333333333,1952.197
27.302083333333336,92.60208333333334,1012.0866
27.302083333333336,92.70208333333333,1492.3918
27.302083333333336,92.80208333333333,466.14612
27.302083333333336,92.90208333333334,820.55566
27.302083333333336,93.00208333333333,648.0347
27.302083333333336,93.10208333333334,916.04846
27.302083333333336,93.20208333333333,1452.3956
27.302083333333336,93.30208333333333,2040.4409
27.302083333333336,93.40208333333334,2199.0166
27.302083333333336,93.50208333333333,1598.4104
27.302083333333336,93.60208333333334,1787.3949
27.302083333333336,93.70208333333333,1714.9073
27.302083333333336,93.80208333333333,772.9663
27.302083333333336,93.90208333333334,540.80304
27.302083333333336,94.00208333333333,120.4104
27.302083333333336,94.10208333333333,100.00307
27.302083333333336,94.20208333333333,87.5
27.302083333333336,94.30208333333333,93.35582
27.302083333333336,94.40208333333334,91.184
27.302083333333336,94.50208333333333,92.40449
27.302083333333336,94.60208333333333,95.33991
27.302083333333336,94.70208333333333,95.49462
27.302083333333336,94.80208333333333,97.268936
27.302083333333336,94.90208333333334,101.77809
27.302083333333336,95.00208333333333,104.66191
27.302083333333336,95.10208333333333,108.72458
27.302083333333336,95.20208333333333,112.35369
27.402083333333334,89.70208333333333,2874.945
27.402083333333334,89.80208333333333,2733.8096
27.402083333333334,89.90208333333334,1217.8777
27.402083333333334,90.00208333333333,2973.3225
27.402083333333334,90.10208333333334,2882.7673
27.402083333333334,90.20208333333333,2796.1616
27.402083333333334,90.30208333333333,3984.3616
27.402083333333334,90.40208333333334,3354.0605
27.402083333333334,90.50208333333333,1204.3358
27.402083333333334,90.60208333333334,2267.4426
27.402083333333334,90.70208333333333,4148.6104
27.402083333333334,90.80208333333333,3857.793
27.402083333333334,90.90208333333334,2679.3103
27.402083333333334,91.00208333333333,3434.212
27.402083333333334,91.10208333333334,2757.7712
27.402083333333334,91.20208333333333,1258.1925
27.402083333333334,91.30208333333333,2338.709
27.402083333333334,91.40208333333334,2264.6418
27.402083333333334,91.50208333333333,2008.4939
27.402083333333334,91.60208333333334,2541.7053
27.402083333333334,91.70208333333333,1971.4994
27.402083333333334,91.80208333333333,1770.2222
27.402083333333334,91.90208333333334,2885.6108
27.402083333333334,92.00208333333333,4095.945
27.402083333333334,92.10208333333334,2625.803
27.402083333333334,92.20208333333333,1691.1062
27.402083333333334,92.30208333333333,1748.0059
27.402083333333334,92.40208333333334,2150.5364
27.402083333333334,92.50208333333333,1407.3812
27.402083333333334,92.60208333333334,2179.7112
27.402083333333334,92.70208333333333,2402.3809
27.402083333333334,92.80208333333333,760.5428
27.402083333333334,92.90208333333334,1938.3176
27.402083333333334,93.00208333333333,715.8666
27.402083333333334,93.10208333333334,1000.94104
27.402083333333334,93.20208333333333,2514.2703
27.402083333333334,93.30208333333333,2655.9211
27.402083333333334,93.40208333333334,2481.853
27.402083333333334,93.50208333333333,1670.5736
27.402083333333334,93.60208333333334,1700.1891
27.402083333333334,93.70208333333333,961.3138
27.402083333333334,93.80208333333333,1526.7106
27.402083333333334,93.90208333333334,921.5078
27.402083333333334,94.00208333333333,892.143
27.402083333333334,94.10208333333333,191.15129
27.402083333333334,94.20208333333333,94.67062
27.402083333333334,94.30208333333333,96.68173
27.402083333333334,94.40208333333334,93.34991
27.402083333333334,94.50208333333333,94.07467
27.402083333333334,94.60208333333333,98.0156
27.402083333333334,94.70208333333333,98.83173
27.402083333333334,94.80208333333333,101.45449
27.402083333333334,94.90208333333334,102.605286
27.402083333333334,95.00208333333333,105.46782
27.402083333333334,95.10208333333333,108.74973
27.402083333333334,95.20208333333333,113.49613
27.50208333333333,89.70208333333333,3557.429
27.50208333333333,89.80208333333333,2314.832
27.50208333333333,89.90208333333334,1437.6807
27.50208333333333,90.00208333333333,1523.1763
27.50208333333333,90.10208333333334,2749.387
27.50208333333333,90.20208333333333,3354.3003
27.50208333333333,90.30208333333333,2690.2407
27.50208333333333,90.40208333333334,3136.9597
27.50208333333333,90.50208333333333,1980.2852
27.50208333333333,90.60208333333334,3379.6597
27.50208333333333,90.70208333333333,2964.0347
27.50208333333333,90.80208333333333,2646.145
27.50208333333333,90.90208333333334,3399.7683
27.50208333333333,91.00208333333333,3882.5051
27.50208333333333,91.10208333333334,2254.5984
27.50208333333333,91.20208333333333,1987.6168
27.50208333333333,91.30208333333333,3039.0122
27.50208333333333,91.40208333333334,3071.9546
27.50208333333333,91.50208333333333,1974.8541
27.50208333333333,91.60208333333334,1772.3883
27.50208333333333,91.70208333333333,1225.7903
27.50208333333333,91.80208333333333,2806.8005
27.50208333333333,91.90208333333334,3248.6118
27.50208333333333,92.00208333333333,3893.7036
27.50208333333333,92.10208333333334,4238.1357
27.50208333333333,92.20208333333333,2475.1924
27.50208333333333,92.30208333333333,2743.6865
27.50208333333333,92.40208333333334,2799.6313
27.50208333333333,92.50208333333333,2104.7402
27.50208333333333,92.60208333333334,2662.481
27.50208333333333,92.70208333333333,1899.9602
27.50208333333333,92.80208333333333,937.33875
27.50208333333333,92.90208333333334,929.44104
27.50208333333333,93.00208333333333,781.6058
27.50208333333333,93.10208333333334,1211.3875
27.50208333333333,93.20208333333333,2531.4253
27.50208333333333,93.30208333333333,3093.2695
27.50208333333333,93.40208333333334,1935.9686
27.50208333333333,93.50208333333333,1582.3334
27.50208333333333,93.60208333333334,1384.085
27.50208333333333,93.70208333333333,1357.6627
27.50208333333333,93.80208333333333,1595.1952
27.50208333333333,93.90208333333334,2195.0515
27.50208333333333,94.00208333333333,1822.8969
27.50208333333333,94.10208333333333,898.2046
27.50208333333333,94.20208333333333,164.85786
27.50208333333333,94.30208333333333,104.35387
27.50208333333333,94.40208333333334,105.0204
27.50208333333333,94.50208333333333,107.451775
27.50208333333333,94.60208333333333,98.385155
27.50208333333333,94.70208333333333,98.84213
27.50208333333333,94.80208333333333,99.5
27.50208333333333,94.90208333333334,104.044044
27.50208333333333,95.00208333333333,108.58466
27.50208333333333,95.10208333333333,111.24835
27.50208333333333,95.20208333333333,114.13271
27.602083333333333,89.70208333333333,2828.5747
27.602083333333333,89.80208333333333,1979.1362
27.602083333333333,89.90208333333334,1743.9907
27.602083333333333,90.00208333333333,3361.8347
27.602083333333333,90.10208333333334,3386.2153
27.602083333333333,90.20208333333333,2589.835
27.602083333333333,90.30208333333333,3251.976
27.602083333333333,90.40208333333334,2666.4937
27.602083333333333,90.50208333333333,2204.502
27.602083333333333,90.60208333333334,3413.6387
27.602083333333333,90.70208333333333,2729.6404
27.602083333333333,90.80208333333333,3753.9985
27.602083333333333,90.90208333333334,3038.572
27.602083333333333,91.00208333333333,2925.943
27.602083333333333,91.10208333333334,2865.6057
27.602083333333333,91.20208333333333,1438.0865
27.602083333333333,91.30208333333333,2992.1587
27.602083333333333,91.40208333333334,3095.5586
27.602083333333333,91.50208333333333,1852.5006
27.602083333333333,91.60208333333334,3374.8423
27.602083333333333,91.70208333333333,1998.9244
27.602083333333333,91.80208333333333,3630.7002
27.602083333333333,91.90208333333334,2738.615
27.602083333333333,92.00208333333333,2707.1445
27.602083333333333,92.10208333333334,4429.069
27.602083333333333,92.20208333333333,4623.657
27.602083333333333,92.30208333333333,3497.0798
27.602083333333333,92.40208333333334,4385.901
27.602083333333333,92.50208333333333,2437.6636
27.602083333333333,92.60208333333334,2892.789
27.602083333333333,92.70208333333333,2027.5107
27.602083333333333,92.80208333333333,2074.5088
27.602083333333333,92.90208333333334,1111.3865
27.602083333333333,93.00208333333333,955.2668
27.602083333333333,93.10208333333334,1682.8665
27.602083333333333,93.20208333333333,2725.6675
27.602083333333333,93.30208333333333,3346.4072
27.602083333333333,93.40208333333334,2105.834
27.602083333333333,93.50208333333333,2360.059
27.602083333333333,93.60208333333334,1813.0768
27.602083333333333,93.70208333333333,1406.4135
27.602083333333333,93.80208333333333,1700.5767
27.602083333333333,93.90208333333334,2131.3281
27.602083333333333,94.00208333333333,2227.9724
27.602083333333333,94.10208333333333,2082.0217
27.602083333333333,94.20208333333333,324.1596
27.602083333333333,94.30208333333333,773.4356
27.602083333333333,94.40208333333334,442.45782
27.602083333333333,94.50208333333333,629.9925
27.602083333333333,94.60208333333333,118.29351
27.602083333333333,94.70208333333333,116.37191
27.602083333333333,94.80208333333333,104.763374
27.602083333333333,94.90208333333334,106.630226
27.602083333333333,95.00208333333333,107.457954
27.602083333333333,95.10208333333333,109.0
27.602083333333333,95.20208333333333,110.82733
27.702083333333334,89.70208333333333,2387.045
27.702083333333334,89.80208333333333,2554.7869
27.702083333333334,89.90208333333334,1654.3262
27.702083333333334,90.00208333333333,2582.07
27.702083333333334,90.10208333333334,3976.618
27.702083333333334,90.20208333333333,3136.2856
27.702083333333334,90.30208333333333,4828.08
27.702083333333334,90.40208333333334,4121.794
27.702083333333334,90.50208333333333,3334.8716
27.702083333333334,90.60208333333334,3632.9604
27.702083333333334,90.70208333333333,4040.8894
27.702083333333334,90.80208333333333,3981.0396
27.702083333333334,90.90208333333334,3657.009
27.702083333333334,91.00208333333333,3459.826
27.702083333333334,91.10208333333334,2273.62
27.702083333333334,91.20208333333333,2052.3564
27.702083333333334,91.30208333333333,2171.0054
27.702083333333334,91.40208333333334,2344.485
27.702083333333334,91.50208333333333,3163.0713
27.702083333333334,91.60208333333334,3874.2395
27.702083333333334,91.70208333333333,2716.3125
27.702083333333334,91.80208333333333,4040.964
27.702083333333334,91.90208333333334,4157.144
27.702083333333334,92.00208333333333,4235.849
27.702083333333334,92.10208333333334,4822.31
27.702083333333334,92.20208333333333,4264.0625
27.702083333333334,92.30208333333333,4969.248
27.702083333333334,92.40208333333334,4920.6836
27.702083333333334,92.50208333333333,4573.4
27.702083333333334,92.60208333333334,2695.6147
27.702083333333334,92.70208333333333,1492.4795
27.702083333333334,92.80208333333333,2531.495
27.702083333333334,92.90208333333334,2771.979
27.702083333333334,93.00208333333333,1495.2855
27.702083333333334,93.10208333333334,1461.5022
27.702083333333334,93.20208333333333,2187.2505
27.702083333333334,93.30208333333333,2038.4443
27.702083333333334,93.40208333333334,1743.0814
27.702083333333334,93.50208333333333,1399.7852
27.702083333333334,93.60208333333334,1412.5364
27.702083333333334,93.70208333333333,1224.9355
27.702083333333334,93.80208333333333,1707.6676
27.702083333333334,93.90208333333334,945.97723
27.702083333333334,94.00208333333333,1102.1816
27.702083333333334,94.10208333333333,1769.4427
27.702083333333334,94.20208333333333,1079.1146
27.702083333333334,94.30208333333333,400.1283
27.702083333333334,94.40208333333334,902.578
27.702083333333334,94.50208333333333,708.0359
27.702083333333334,94.60208333333333,505.97314
27.702083333333334,94.70208333333333,390.57703
27.702083333333334,94.80208333333333,202.55112
27.702083333333334,94.90208333333334,116.64698
27.702083333333334,95.00208333333333,109.09658
27.702083333333334,95.10208333333333,111.013824
27.702083333333334,95.20208333333333,110.85387
27.802083333333336,89.70208333333333,2719.4343
27.802083333333336,89.80208333333333,4148.2593
27.802083333333336,89.90208333333334,3473.1494
27.802083333333336,90.00208333333333,3444.6897
27.802083333333336,90.10208333333334,3679.103
27.802083333333336,90.20208333333333,4748.9243
27.802083333333336,90.30208333333333,4364.971
27.802083333333336,90.40208333333334,4891.401
27.802083333333336,90.50208333333333,3349.825
27.802083333333336,90.60208333333334,4710.135
27.802083333333336,90.70208333333333,3701.2002
27.802083333333336,90.80208333333333,4860.5327
27.802083333333336,90.90208333333334,4646.5264
27.802083333333336,91.00208333333333,3597.8027
27.802083333333336,91.10208333333334,2261.7397
27.802083333333336,91.20208333333333,3232.565
27.802083333333336,91.30208333333333,2526.354
27.802083333333336,91.40208333333334,3603.573
27.802083333333336,91.50208333333333,3952.8464
27.802083333333336,91.60208333333334,4051.528
27.802083333333336,91.70208333333333,3262.5493
27.802083333333336,91.80208333333333,4600.8916
27.802083333333336,91.90208333333334,4692.8433
27.802083333333336,92.00208333333333,4153.796
27.802083333333336,92.10208333333334,4964.218
27.802083333333336,92.20208333333333,4460.6543
27.802083333333336,92.30208333333333,5177.841
27.802083333333336,92.40208333333334,5792.613
27.802083333333336,92.50208333333333,3702.4392
27.802083333333336,92.60208333333334,4255.664
27.802083333333336,92.70208333333333,3325.5247
27.802083333333336,92.80208333333333,2987.4377
27.802083333333336,92.90208333333334,2499.8657
27.802083333333336,93.00208333333333,2639.8516
27.802083333333336,93.10208333333334,2683.4211
27.802083333333336,93.20208333333333,1917.4169
27.802083333333336,93.30208333333333,2527.1167
27.802083333333336,93.40208333333334,1753.8701
27.802083333333336,93.50208333333333,1755.4097
27.802083333333336,93.60208333333334,813.49854
27.802083333333336,93.70208333333333,1442.5374
27.802083333333336,93.80208333333333,1036.7881
27.802083333333336,93.90208333333334,476.46533
27.802083333333336,94.00208333333333,953.05237
27.802083333333336,94.10208333333333,775.0744
27.802083333333336,94.20208333333333,949.5808
27.802083333333336,94.30208333333333,788.3947
27.802083333333336,94.40208333333334,1443.5758
27.802083333333336,94.50208333333333,692.6183
27.802083333333336,94.60208333333333,501.2201
27.802083333333336,94.70208333333333,1007.47034
27.802083333333336,94.80208333333333,808.74567
27.802083333333336,94.90208333333334,280.1156
27.802083333333336,95.00208333333333,430.46277
27.802083333333336,95.10208333333333,132.00272
27.802083333333336,95.20208333333333,123.518135
27.902083333333334,89.70208333333333,3203.441
27.902083333333334,89.80208333333333,3977.0198
27.902083333333334,89.90208333333334,4737.197
27.902083333333334,90.00208333333333,3416.7654
27.902083333333334,90.10208333333334,4415.3076
27.902083333333334,90.20208333333333,4977.5884
27.902083333333334,90.30208333333333,5462.9565
27.902083333333334,90.40208333333334,5278.2163
27.902083333333334,90.50208333333333,5105.127
27.902083333333334,90.60208333333334,4815.4976
27.902083333333334,90.70208333333333,4868.8823
27.902083333333334,90.80208333333333,4990.4517
27.902083333333334,90.90208333333334,3876.991
27.902083333333334,91.00208333333333,4196.0186
27.902083333333334,91.10208333333334,3648.3206
27.902083333333334,91.20208333333333,3736.994
27.902083333333334,91.30208333333333,4251.108
27.902083333333334,91.40208333333334,3700.2122
27.902083333333334,91.50208333333333,3899.2102
27.902083333333334,91.60208333333334,4905.962
27.902083333333334,91.70208333333333,4150.965
27.902083333333334,91.80208333333333,3071.4348
27.902083333333334,91.90208333333334,4452.5
27.902083333333334,92.00208333333333,4482.599
27.902083333333334,92.10208333333334,4952.452
27.902083333333334,92.20208333333333,4785.2544
27.902083333333334,92.30208333333333,5081.946
27.902083333333334,92.40208333333334,5141.82
27.902083333333334,92.50208333333333,5831.0596
27.902083333333334,92.60208333333334,5308.341
27.902083333333334,92.70208333333333,4969.366
27.902083333333334,92.80208333333333,4611.8
27.902083333333334,92.90208333333334,3218.7788
27.902083333333334,93.00208333333333,2763.5745
27.902083333333334,93.10208333333334,1964.7216
27.902083333333334,93.20208333333333,2397.2644
27.902083333333334,93.30208333333333,1310.081
27.902083333333334,93.40208333333334,906.85736
27.902083333333334,93.50208333333333,1634.7025
27.902083333333334,93.60208333333334,1803.0531
27.902083333333334,93.70208333333333,1659.8474
27.902083333333334,93.80208333333333,2318.9685
27.902083333333334,93.90208333333334,651.37006
27.902083333333334,94.00208333333333,1350.6979
27.902083333333334,94.10208333333333,839.6952
27.902083333333334,94.20208333333333,1529.1249
27.902083333333334,94.30208333333333,527.58307
27.902083333333334,94.40208333333334,1050.3557
27.902083333333334,94.50208333333333,1030.0569
27.902083333333334,94.60208333333333,1146.081
27.902083333333334,94.70208333333333,666.1247
27.902083333333334,94.80208333333333,603.3495
27.902083333333334,94.90208333333334,360.48764
27.902083333333334,95.00208333333333,559.6768
27.902083333333334,95.10208333333333,373.03674
27.902083333333334,95.20208333333333,238.34569
28.00208333333333,89.70208333333333,4400.3916
28.00208333333333,89.80208333333333,4125.899
28.00208333333333,89.90208333333334,5344.952
28.00208333333333,90.00208333333333,4030.0686
28.00208333333333,90.10208333333334,5043.045
28.00208333333333,90.20208333333333,4993.3457
28.00208333333333,90.30208333333333,5440.0146
28.00208333333333,90.40208333333334,5328.9756
28.00208333333333,90.50208333333333,5288.555
28.00208333333333,90.60208333333334,5203.548
28.00208333333333,90.70208333333333,5090.766
28.00208333333333,90.80208333333333,5276.54
28.00208333333333,90.90208333333334,4758.678
28.00208333333333,91.00208333333333,4073.0767
28.00208333333333,91.10208333333334,4376.2695
28.00208333333333,91.20208333333333,4004.4893
28.00208333333333,91.30208333333333,4633.2617
28.00208333333333,91.40208333333334,4830.469
28.00208333333333,91.50208333333333,5108.7437
28.00208333333333,91.60208333333334,5991.9497
28.00208333333333,91.70208333333333,4672.1313
28.00208333333333,91.80208333333333,3654.7803
28.00208333333333,91.90208333333334,4611.1875
28.00208333333333,92.00208333333333,4921.4756
28.00208333333333,92.10208333333334,5102.939
28.00208333333333,92.20208333333333,5115.785
28.00208333333333,92.30208333333333,5526.122
28.00208333333333,92.40208333333334,4720.084
28.00208333333333,92.50208333333333,5523.4136
28.00208333333333,92.60208333333334,4937.826
28.00208333333333,92.70208333333333,5386.7793
28.00208333333333,92.80208333333333,4275.1353
28.00208333333333,92.90208333333334,2647.3242
28.00208333333333,93.00208333333333,2661.9336
28.00208333333333,93.10208333333334,2863.8054
28.00208333333333,93.20208333333333,1780.9216
28.00208333333333,93.30208333333333,2866.922
28.00208333333333,93.40208333333334,2137.3445
28.00208333333333,93.50208333333333,585.0465
28.00208333333333,93.60208333333334,1318.4792
28.00208333333333,93.70208333333333,1188.9147
28.00208333333333,93.80208333333333,457.90054
28.00208333333333,93.90208333333334,2577.8147
28.00208333333333,94.00208333333333,1749.4553
28.00208333333333,94.10208333333333,1481.2009
28.00208333333333,94.20208333333333,374.5692
28.00208333333333,94.30208333333333,311.19397
28.00208333333333,94.40208333333334,978.64966
28.00208333333333,94.50208333333333,799.33905
28.00208333333333,94.60208333333333,1156.7285
28.00208333333333,94.70208333333333,627.4152
28.00208333333333,94.80208333333333,1525.3
28.00208333333333,94.90208333333334,650.41815
28.00208333333333,95.00208333333333,755.29474
28.00208333333333,95.10208333333333,633.678
28.00208333333333,95.20208333333333,342.12805
28.102083333333333,89.70208333333333,4017.7095
28.102083333333333,89.80208333333333,5305.8203
28.102083333333333,89.90208333333334,4303.725
28.102083333333333,90.00208333333333,4855.3193
28.102083333333333,90.10208333333334,4303.0786
28.102083333333333,90.20208333333333,4848.5947
28.102083333333333,90.30208333333333,4802.9106
28.102083333333333,90.40208333333334,5786.5234
28.102083333333333,90.50208333333333,6026.2314
28.102083333333333,90.60208333333334,5786.6167
28.102083333333333,90.70208333333333,5470.5576
28.102083333333333,90.80208333333333,5299.28
28.102083333333333,90.90208333333334,4508.7407
28.102083333333333,91.00208333333333,3449.2856
28.102083333333333,91.10208333333334,3265.3997
28.102083333333333,91.20208333333333,4442.895
28.102083333333333,91.30208333333333,4766.022
28.102083333333333,91.40208333333334,5209.268
28.102083333333333,91.50208333333333,5010.7373
28.102083333333333,91.60208333333334,5070.6245
28.102083333333333,91.70208333333333,5049.677
28.102083333333333,91.80208333333333,4694.735
28.102083333333333,91.90208333333334,4930.973
28.102083333333333,92.00208333333333,4788.582
28.102083333333333,92.10208333333334,4608.5127
28.102083333333333,92.20208333333333,5042.6396
28.102083333333333,92.30208333333333,4555.1484
28.102083333333333,92.40208333333334,4152.782
28.102083333333333,92.50208333333333,4886.561
28.102083333333333,92.60208333333334,5567.9106
28.102083333333333,92.70208333333333,5477.922
28.102083333333333,92.80208333333333,4661.696
28.102083333333333,92.90208333333334,4958.823
28.102083333333333,93.00208333333333,4087.0454
28.102083333333333,93.10208333333334,3154.386
28.102083333333333,93.20208333333333,1608.1797
28.102083333333333,93.30208333333333,858.4329
28.102083333333333,93.40208333333334,836.1701
28.102083333333333,93.50208333333333,2512.397
28.102083333333333,93.60208333333334,1021.29175
28.102083333333333,93.70208333333333,1919.9907
28.102083333333333,93.80208333333333,1530.9586
28.102083333333333,93.90208333333334,2531.7124
28.102083333333333,94.00208333333333,1995.6628
28.102083333333333,94.10208333333333,1179.7172
28.102083333333333,94.20208333333333,1213.2302
28.102083333333333,94.30208333333333,1955.0851
28.102083333333333,94.40208333333334,1539.7643
28.102083333333333,94.50208333333333,981.79083
28.102083333333333,94.60208333333333,1121.0472
28.102083333333333,94.70208333333333,568.5071
28.102083333333333,94.80208333333333,370.6343
28.102083333333333,94.90208333333334,907.6304
28.102083333333333,95.00208333333333,535.70593
28.102083333333333,95.10208333333333,692.2345
28.102083333333333,95.20208333333333,1535.6833
28.202083333333334,89.70208333333333,5088.417
28.202083333333334,89.80208333333333,4950.5244
28.202083333333334,89.90208333333334,5657.7007
28.202083333333334,90.00208333333333,5834.447
28.202083333333334,90.10208333333334,5367.4526
28.202083333333334,90.20208333333333,5790.6895
28.202083333333334,90.30208333333333,6510.1133
28.202083333333334,90.40208333333334,5919.4907
28.202083333333334,90.50208333333333,5980.236
28.202083333333334,90.60208333333334,5438.5796
28.202083333333334,90.70208333333333,4772.721
28.202083333333334,90.80208333333333,4763.4727
28.202083333333334,90.90208333333334,4565.177
28.202083333333334,91.00208333333333,3852.9612
28.202083333333334,91.10208333333334,4462.389
28.202083333333334,91.20208333333333,3666.6985
28.202083333333334,91.30208333333333,4205.246
28.202083333333334,91.40208333333334,5340.068
28.202083333333334,91.50208333333333,5324.667
28.202083333333334,91.60208333333334,4959.6606
28.202083333333334,91.70208333333333,5028.513
28.202083333333334,91.80208333333333,4427.28
28.202083333333334,91.90208333333334,5123.625
28.202083333333334,92.00208333333333,5145.7964
28.202083333333334,92.10208333333334,4944.635
28.202083333333334,92.20208333333333,4425.022
28.202083333333334,92.30208333333333,4303.303
28.202083333333334,92.40208333333334,4030.527
28.202083333333334,92.50208333333333,4139.545
28.202083333333334,92.60208333333334,4420.856
28.202083333333334,92.70208333333333,5585.6743
28.202083333333334,92.80208333333333,5659.872
28.202083333333334,92.90208333333334,5213.671
28.202083333333334,93.00208333333333,3381.1653
28.202083333333334,93.10208333333334,3235.1802
28.202083333333334,93.20208333333333,1605.0428
28.202083333333334,93.30208333333333,2153.306
28.202083333333334,93.40208333333334,1812.2521
28.202083333333334,93.50208333333333,1493.4537
28.202083333333334,93.60208333333334,1673.3029
28.202083333333334,93.70208333333333,1941.5522
28.202083333333334,93.80208333333333,2231.2883
28.202083333333334,93.90208333333334,1635.6913
28.202083333333334,94.00208333333333,1903.826
28.202083333333334,94.10208333333333,1610.4032
28.202083333333334,94.20208333333333,1042.664
28.202083333333334,94.30208333333333,2273.7646
28.202083333333334,94.40208333333334,1974.2239
28.202083333333334,94.50208333333333,1414.8988
28.202083333333334,94.60208333333333,448.56088
28.202083333333334,94.70208333333333,268.38458
28.202083333333334,94.80208333333333,262.7169
28.202083333333334,94.90208333333334,644.9621
28.202083333333334,95.00208333333333,377.05573
28.202083333333334,95.10208333333333,1891.3546
28.202083333333334,95.20208333333333,767.84314
28.302083333333336,89.70208333333333,4724.6367
28.302083333333336,89.80208333333333,5135.0425
28.302083333333336,89.90208333333334,4817.8296
28.302083333333336,90.00208333333333,5072.042
28.302083333333336,90.10208333333334,5621.693
28.302083333333336,90.20208333333333,5390.7153
28.302083333333336,90.30208333333333,5710.4316
28.302083333333336,90.40208333333334,5156.7314
28.302083333333336,90.50208333333333,4923.558
28.302083333333336,90.60208333333334,5561.1826
28.302083333333336,90.70208333333333,5859.8867
28.302083333333336,90.80208333333333,4974.42
28.302083333333336,90.90208333333334,4588.505
28.302083333333336,91.00208333333333,4547.497
28.302083333333336,91.10208333333334,4898.9795
28.302083333333336,91.20208333333333,4640.1816
28.302083333333336,91.30208333333333,3946.1248
28.302083333333336,91.40208333333334,4873.21
28.302083333333336,91.50208333333333,5412.6074
28.302083333333336,91.60208333333334,4975.4844
28.302083333333336,91.70208333333333,4833.197
28.302083333333336,91.80208333333333,4455.108
28.302083333333336,91.90208333333334,5049.2153
28.302083333333336,92.00208333333333,5182.609
28.302083333333336,92.10208333333334,5466.3257
28.302083333333336,92.20208333333333,5131.5693
28.302083333333336,92.30208333333333,5283.0576
28.302083333333336,92.40208333333334,4487.695
28.302083333333336,92.50208333333333,4597.5605
28.302083333333336,92.60208333333334,4319.166
28.302083333333336,92.70208333333333,3639.2683
28.302083333333336,92.80208333333333,3569.2603
28.302083333333336,92.90208333333334,4074.809
28.302083333333336,93.00208333333333,4718.3667
28.302083333333336,93.10208333333334,3969.4434
28.302083333333336,93.20208333333333,4184.751
28.302083333333336,93.30208333333333,3875.5754
28.302083333333336,93.40208333333334,3927.4036
28.302083333333336,93.50208333333333,3026.1672
28.302083333333336,93.60208333333334,2318.5488
28.302083333333336,93.70208333333333,2272.1765
28.302083333333336,93.80208333333333,2139.1619
28.302083333333336,93.90208333333334,2063.6423
28.302083333333336,94.00208333333333,1848.4196
28.302083333333336,94.10208333333333,1533.1527
28.302083333333336,94.20208333333333,1713.6344
28.302083333333336,94.30208333333333,2150.4185
28.302083333333336,94.40208333333334,2464.3032
28.302083333333336,94.50208333333333,1197.8486
28.302083333333336,94.60208333333333,1006.1372
28.302083333333336,94.70208333333333,491.7461
28.302083333333336,94.80208333333333,647.8624
28.302083333333336,94.90208333333334,840.4611
28.302083333333336,95.00208333333333,1133.9032
28.302083333333336,95.10208333333333,1429.0073
28.302083333333336,95.20208333333333,644.80963
28.402083333333334,89.70208333333333,5049.171
28.402083333333334,89.80208333333333,5189.7046
28.402083333333334,89.90208333333334,4629.5884
28.402083333333334,90.00208333333333,5576.3975
28.402083333333334,90.10208333333334,5689.9756
28.402083333333334,90.20208333333333,5222.6147
28.402083333333334,90.30208333333333,5345.4517
28.402083333333334,90.40208333333334,4982.164
28.402083333333334,90.50208333333333,5137.448
28.402083333333334,90.60208333333334,5214.1265
28.402083333333334,90.70208333333333,4627.264
28.402083333333334,90.80208333333333,4470.449
28.402083333333334,90.90208333333334,4481.5244
28.402083333333334,91.00208333333333,4580.0347
28.402083333333334,91.10208333333334,5781.9077
28.402083333333334,91.20208333333333,5161.3193
28.402083333333334,91.30208333333333,5120.801
28.402083333333334,91.40208333333334,4490.6904
28.402083333333334,91.50208333333333,4463.6475
28.402083333333334,91.60208333333334,5214.111
28.402083333333334,91.70208333333333,5038.7363
28.402083333333334,91.80208333333333,4750.1943
28.402083333333334,91.90208333333334,5255.162
28.402083333333334,92.00208333333333,5043.6646
28.402083333333334,92.10208333333334,4477.49
28.402083333333334,92.20208333333333,4164.734
28.402083333333334,92.30208333333333,4139.668
28.402083333333334,92.40208333333334,3904.2332
28.402083333333334,92.50208333333333,3875.0364
28.402083333333334,92.60208333333334,4207.5527
28.402083333333334,92.70208333333333,3690.5852
28.402083333333334,92.80208333333333,5091.2554
28.402083333333334,92.90208333333334,4091.0122
28.402083333333334,93.00208333333333,3506.0288
28.402083333333334,93.10208333333334,3534.2205
28.402083333333334,93.20208333333333,3503.7231
28.402083333333334,93.30208333333333,3244.785
28.402083333333334,93.40208333333334,1873.4457
28.402083333333334,93.50208333333333,2057.1592
28.402083333333334,93.60208333333334,2659.1797
28.402083333333334,93.70208333333333,959.36975
28.402083333333334,93.80208333333333,1198.0311
28.402083333333334,93.90208333333334,831.9861
28.402083333333334,94.00208333333333,1870.6576
28.402083333333334,94.10208333333333,2172.8442
28.402083333333334,94.20208333333333,2525.6387
28.402083333333334,94.30208333333333,3603.0215
28.402083333333334,94.40208333333334,2298.2595
28.402083333333334,94.50208333333333,2795.1416
28.402083333333334,94.60208333333333,1560.5817
28.402083333333334,94.70208333333333,477.1816
28.402083333333334,94.80208333333333,1007.2721
28.402083333333334,94.90208333333334,493.40445
28.402083333333334,95.00208333333333,2125.0442
28.402083333333334,95.10208333333333,509.1386
28.402083333333334,95.20208333333333,1734.5598
28.50208333333333,89.70208333333333,5346.944
28.50208333333333,89.80208333333333,4939.722
28.50208333333333,89.90208333333334,4541.7173
28.50208333333333,90.00208333333333,4950.2583
28.50208333333333,90.10208333333334,5406.731
28.50208333333333,90.20208333333333,5209.5347
28.50208333333333,90.30208333333333,5235.3647
28.50208333333333,90.40208333333334,5010.0107
28.50208333333333,90.50208333333333,5034.7266
28.50208333333333,90.60208333333334,5004.9385
28.50208333333333,90.70208333333333,5463.3203
28.50208333333333,90.80208333333333,5211.261
28.50208333333333,90.90208333333334,5321.3623
28.50208333333333,91.00208333333333,5355.393
28.50208333333333,91.10208333333334,5543.9253
28.50208333333333,91.20208333333333,5367.5566
28.50208333333333,91.30208333333333,5081.04
28.50208333333333,91.40208333333334,5153.3223
28.50208333333333,91.50208333333333,5310.856
28.50208333333333,91.60208333333334,5128.4556
28.50208333333333,91.70208333333333,5016.0176
28.50208333333333,91.80208333333333,5122.18
28.50208333333333,91.90208333333334,4839.949
28.50208333333333,92.00208333333333,4568.5796
28.50208333333333,92.10208333333334,4145.601
28.50208333333333,92.20208333333333,4782.469
28.50208333333333,92.30208333333333,4485.315
28.50208333333333,92.40208333333334,5054.31
28.50208333333333,92.50208333333333,4852.8105
28.50208333333333,92.60208333333334,4743.14
28.50208333333333,92.70208333333333,4919.9214
28.50208333333333,92.80208333333333,5019.6924
28.50208333333333,92.90208333333334,4058.096
28.50208333333333,93.00208333333333,4817.933
28.50208333333333,93.10208333333334,4117.0005
28.50208333333333,93.20208333333333,4398.183
28.50208333333333,93.30208333333333,4277.9204
28.50208333333333,93.40208333333334,4213.9795
28.50208333333333,93.50208333333333,3072.8167
28.50208333333333,93.60208333333334,3595.246
28.50208333333333,93.70208333333333,2334.6328
28.50208333333333,93.80208333333333,2275.344
28.50208333333333,93.90208333333334,3612.9524
28.50208333333333,94.00208333333333,2855.3582
28.50208333333333,94.10208333333333,3217.4915
28.50208333333333,94.20208333333333,2446.275
28.50208333333333,94.30208333333333,2405.4111
28.50208333333333,94.40208333333334,1722.8356
28.50208333333333,94.50208333333333,1315.8181
28.50208333333333,94.60208333333333,1396.495
28.50208333333333,94.70208333333333,1125.3175
28.50208333333333,94.80208333333333,1083.7213
28.50208333333333,94.90208333333334,1308.1738
28.50208333333333,95.00208333333333,1384.0093
28.50208333333333,95.10208333333333,327.87292
28.50208333333333,95.20208333333333,1088.0403
28.602083333333333,89.70208333333333,4782.755
28.602083333333333,89.80208333333333,5144.4624
28.602083333333333,89.90208333333334,4550.3667
28.602083333333333,90.00208333333333,5293.2183
28.602083333333333,90.10208333333334,5239.044
28.602083333333333,90.20208333333333,5014.481
28.602083333333333,90.30208333333333,5010.0
28.602083333333333,90.40208333333334,5010.0
28.602083333333333,90.50208333333333,5076.47
28.602083333333333,90.60208333333334,5001.106
28.602083333333333,90.70208333333333,5447.2725
28.602083333333333,90.80208333333333,4711.712
28.602083333333333,90.90208333333334,5260.01
28.602083333333333,91.00208333333333,4970.0
28.602083333333333,91.10208333333334,5344.9253
28.602083333333333,91.20208333333333,5407.191
28.602083333333333,91.30208333333333,5441.432
28.602083333333333,91.40208333333334,4984.894
28.602083333333333,91.50208333333333,4859.1436
28.602083333333333,91.60208333333334,4881.077
28.602083333333333,91.70208333333333,4617.3164
28.602083333333333,91.80208333333333,5196.783
28.602083333333333,91.90208333333334,4871.9756
28.602083333333333,92.00208333333333,4616.0273
28.602083333333333,92.10208333333334,4858.9546
28.602083333333333,92.20208333333333,5130.5503
28.602083333333333,92.30208333333333,4952.9023
28.602083333333333,92.40208333333334,4824.4824
28.602083333333333,92.50208333333333,4700.8916
28.602083333333333,92.60208333333334,4036.9033
28.602083333333333,92.70208333333333,4457.026
28.602083333333333,92.80208333333333,4011.9094
28.602083333333333,92.90208333333334,4723.099
28.602083333333333,93.00208333333333,4989.0654
28.602083333333333,93.10208333333334,3906.5156
28.602083333333333,93.20208333333333,5147.379
28.602083333333333,93.30208333333333,3440.5598
28.602083333333333,93.40208333333334,2821.3618
28.602083333333333,93.50208333333333,4359.101
28.602083333333333,93.60208333333334,3083.931
28.602083333333333,93.70208333333333,4193.2607
28.602083333333333,93.80208333333333,4163.165
28.602083333333333,93.90208333333334,3431.0254
28.602083333333333,94.00208333333333,2814.7175
28.602083333333333,94.10208333333333,2048.2983
28.602083333333333,94.20208333333333,2561.0347
28.602083333333333,94.30208333333333,3168.9038
28.602083333333333,94.40208333333334,1534.6908
28.602083333333333,94.50208333333333,3176.5864
28.602083333333333,94.60208333333333,1987.3923
28.602083333333333,94.70208333333333,1738.4034
28.602083333333333,94.80208333333333,1370.0348
28.602083333333333,94.90208333333334,1610.1764
28.602083333333333,95.00208333333333,722.96576
28.602083333333333,95.10208333333333,1175.5891
28.602083333333333,95.20208333333333,2111.4832
28.702083333333334,89.70208333333333,4761.6763
28.702083333333334,89.80208333333333,5134.871
28.702083333333334,89.90208333333334,4346.6987
28.702083333333334,90.00208333333333,4991.699
28.702083333333334,90.10208333333334,5220.4004
28.702083333333334,90.20208333333333,5280.75
28.702083333333334,90.30208333333333,5072.8423
28.702083333333334,90.40208333333334,4704.054
28.702083333333334,90.50208333333333,4786.1504
28.702083333333334,90.60208333333334,5216.076
28.702083333333334,90.70208333333333,4957.1763
28.702083333333334,90.80208333333333,4613.7363
28.702083333333334,90.90208333333334,4903.696
28.702083333333334,91.00208333333333,4799.256
28.702083333333334,91.10208333333334,5011.82
28.702083333333334,91.20208333333333,4813.53
28.702083333333334,91.30208333333333,4902.7974
28.702083333333334,91.40208333333334,4899.79
28.702083333333334,91.50208333333333,4703.2056
28.702083333333334,91.60208333333334,4634.4463
28.702083333333334,91.70208333333333,4615.6094
28.702083333333334,91.80208333333333,5069.1504
28.702083333333334,91.90208333333334,5021.3237
28.702083333333334,92.00208333333333,4708.3887
28.702083333333334,92.10208333333334,4809.722
28.702083333333334,92.20208333333333,5087.1465
28.702083333333334,92.30208333333333,4790.5913
28.702083333333334,92.40208333333334,4608.2227
28.702083333333334,92.50208333333333,5139.854
28.702083333333334,92.60208333333334,5246.511
28.702083333333334,92.70208333333333,4622.9634
28.702083333333334,92.80208333333333,5261.775
28.702083333333334,92.90208333333334,5249.803
28.702083333333334,93.00208333333333,4786.281
28.702083333333334,93.10208333333334,4033.987
28.702083333333334,93.20208333333333,4104.169
28.702083333333334,93.30208333333333,4028.8691
28.702083333333334,93.40208333333334,4164.807
28.702083333333334,93.50208333333333,4986.9014
28.702083333333334,93.60208333333334,4493.0977
28.702083333333334,93.70208333333333,4779.5024
28.702083333333334,93.80208333333333,4085.675
28.702083333333334,93.90208333333334,2931.2788
28.702083333333334,94.00208333333333,3594.2056
28.702083333333334,94.10208333333333,3837.9805
28.702083333333334,94.20208333333333,2861.1633
28.702083333333334,94.30208333333333,2338.382
28.702083333333334,94.40208333333334,2315.3882
28.702083333333334,94.50208333333333,3751.5876
28.702083333333334,94.60208333333333,2330.2563
28.702083333333334,94.70208333333333,1203.9722
28.702083333333334,94.80208333333333,939.36194
28.702083333333334,94.90208333333334,1194.9421
28.702083333333334,95.00208333333333,733.09607
28.702083333333334,95.10208333333333,2805.7175
28.702083333333334,95.20208333333333,2312.5417
28.802083333333336,89.70208333333333,4747.1523
28.802083333333336,89.80208333333333,5171.0044
28.802083333333336,89.90208333333334,4885.698
28.802083333333336,90.00208333333333,4898.3853
28.802083333333336,90.10208333333334,4645.675
28.802083333333336,90.20208333333333,5692.685
28.802083333333336,90.30208333333333,5208.2153
28.802083333333336,90.40208333333334,4537.1313
28.802083333333336,90.50208333333333,4538.7324
28.802083333333336,90.60208333333334,4438.0
28.802083333333336,90.70208333333333,4452.3755
28.802083333333336,90.80208333333333,4555.2285
28.802083333333336,90.90208333333334,4510.404
28.802083333333336,91.00208333333333,4592.34
28.802083333333336,91.10208333333334,4521.2227
28.802083333333336,91.20208333333333,4634.777
28.802083333333336,91.30208333333333,4643.4766
28.802083333333336,91.40208333333334,5028.715
28.802083333333336,91.50208333333333,4870.148
28.802083333333336,91.60208333333334,4730.8223
28.802083333333336,91.70208333333333,4757.133
28.802083333333336,91.80208333333333,4755.1484
28.802083333333336,91.90208333333334,5091.5576
28.802083333333336,92.00208333333333,5240.995
28.802083333333336,92.10208333333334,4458.1694
28.802083333333336,92.20208333333333,4918.7925
28.802083333333336,92.30208333333333,4817.1714
28.802083333333336,92.40208333333334,4686.524
28.802083333333336,92.50208333333333,4872.7803
28.802083333333336,92.60208333333334,4924.392
28.802083333333336,92.70208333333333,5241.938
28.802083333333336,92.80208333333333,4942.8745
28.802083333333336,92.90208333333334,5040.6934
28.802083333333336,93.00208333333333,4348.5386
28.802083333333336,93.10208333333334,4361.6055
28.802083333333336,93.20208333333333,5054.595
28.802083333333336,93.30208333333333,4212.2896
28.802083333333336,93.40208333333334,5147.766
28.802083333333336,93.50208333333333,4886.281
28.802083333333336,93.60208333333334,4801.8354
28.802083333333336,93.70208333333333,4226.2754
28.802083333333336,93.80208333333333,3879.6858
28.802083333333336,93.90208333333334,4346.634
28.802083333333336,94.00208333333333,4293.0337
28.802083333333336,94.10208333333333,3370.4888
28.802083333333336,94.20208333333333,2673.527
28.802083333333336,94.30208333333333,2268.8496
28.802083333333336,94.40208333333334,4038.6096
28.802083333333336,94.50208333333333,3749.4246
28.802083333333336,94.60208333333333,2281.987
28.802083333333336,94.70208333333333,2124.355
28.802083333333336,94.80208333333333,723.1703
28.802083333333336,94.90208333333334,861.6824
28.802083333333336,95.00208333333333,2370.8645
28.802083333333336,95.10208333333333,1846.0135
28.802083333333336,95.20208333333333,1872.6595
28.902083333333334,89.70208333333333,4526.4478
28.902083333333334,89.80208333333333,5039.631
28.902083333333334,89.90208333333334,5107.188
28.902083333333334,90.00208333333333,4955.184
28.902083333333334,90.10208333333334,4691.9707
28.902083333333334,90.20208333333333,5439.736
28.902083333333334,90.30208333333333,4994.861
28.902083333333334,90.40208333333334,4693.897
28.902083333333334,90.50208333333333,4615.425
28.902083333333334,90.60208333333334,4443.1787
28.902083333333334,90.70208333333333,4477.3125
28.902083333333334,90.80208333333333,4516.6333
28.902083333333334,90.90208333333334,4473.021
28.902083333333334,91.00208333333333,4481.08
28.902083333333334,91.10208333333334,4687.1826
28.902083333333334,91.20208333333333,4532.688
28.902083333333334,91.30208333333333,4586.3994
28.902083333333334,91.40208333333334,4939.335
28.902083333333334,91.50208333333333,5129.246
28.902083333333334,91.60208333333334,4601.024
28.902083333333334,91.70208333333333,4830.5654
28.902083333333334,91.80208333333333,4289.799
28.902083333333334,91.90208333333334,4130.9663
28.902083333333334,92.00208333333333,5228.298
28.902083333333334,92.10208333333334,4455.728
28.902083333333334,92.20208333333333,4596.291
28.902083333333334,92.30208333333333,5342.2407
28.902083333333334,92.40208333333334,5219.416
28.902083333333334,92.50208333333333,4260.3013
28.902083333333334,92.60208333333334,4386.7725
28.902083333333334,92.70208333333333,4898.117
28.902083333333334,92.80208333333333,4431.055
28.902083333333334,92.90208333333334,4770.0176
28.902083333333334,93.00208333333333,4714.858
28.902083333333334,93.10208333333334,4638.418
28.902083333333334,93.20208333333333,5474.2646
28.902083333333334,93.30208333333333,4981.55
28.902083333333334,93.40208333333334,3724.4202
28.902083333333334,93.50208333333333,5350.9536
28.902083333333334,93.60208333333334,4824.452
28.902083333333334,93.70208333333333,4386.152
28.902083333333334,93.80208333333333,4065.744
28.902083333333334,93.90208333333334,4375.823
28.902083333333334,94.00208333333333,4503.8145
28.902083333333334,94.10208333333333,3633.06
28.902083333333334,94.20208333333333,3144.8035
28.902083333333334,94.30208333333333,2747.471
28.902083333333334,94.40208333333334,3867.6992
28.902083333333334,94.50208333333333,2930.0925
28.902083333333334,94.60208333333333,1459.6207
28.902083333333334,94.70208333333333,2609.5142
28.902083333333334,94.80208333333333,1349.6595
28.902083333333334,94.90208333333334,2099.5027
28.902083333333334,95.00208333333333,1162.0122
28.902083333333334,95.10208333333333,1653.1035
28.902083333333334,95.20208333333333,3627.243
29.00208333333333,89.70208333333333,4817.746
29.00208333333333,89.80208333333333,4788.4023
29.00208333333333,89.90208333333334,4959.4707
29.00208333333333,90.00208333333333,5347.185
29.00208333333333,90.10208333333334,5235.406
29.00208333333333,90.20208333333333,5696.6265
29.00208333333333,90.30208333333333,5376.3843
29.00208333333333,90.40208333333334,4443.0
29.00208333333333,90.50208333333333,4447.727
29.00208333333333,90.60208333333334,4731.462
29.00208333333333,90.70208333333333,4477.7866
29.00208333333333,90.80208333333333,4765.862
29.00208333333333,90.90208333333334,4438.0
29.00208333333333,91.00208333333333,4625.083
29.00208333333333,91.10208333333334,4968.4966
29.00208333333333,91.20208333333333,5178.596
29.00208333333333,91.30208333333333,4496.0454
29.00208333333333,91.40208333333334,4785.6387
29.00208333333333,91.50208333333333,4748.235
29.00208333333333,91.60208333333334,4484.9136
29.00208333333333,91.70208333333333,4357.71
29.00208333333333,91.80208333333333,4634.3345
29.00208333333333,91.90208333333334,4247.343
29.00208333333333,92.00208333333333,5398.58
29.00208333333333,92.10208333333334,4293.621
29.00208333333333,92.20208333333333,4450.1133
29.00208333333333,92.30208333333333,5123.0366
29.00208333333333,92.40208333333334,4835.141
29.00208333333333,92.50208333333333,3966.8262
29.00208333333333,92.60208333333334,4102.3394
29.00208333333333,92.70208333333333,3984.6433
29.00208333333333,92.80208333333333,4289.304
29.00208333333333,92.90208333333334,4628.39
29.00208333333333,93.00208333333333,3979.2266
29.00208333333333,93.10208333333334,4133.3374
29.00208333333333,93.20208333333333,4041.665
29.00208333333333,93.30208333333333,3039.6985
29.00208333333333,93.40208333333334,4534.1177
29.00208333333333,93.50208333333333,4865.483
29.00208333333333,93.60208333333334,4984.0396
29.00208333333333,93.70208333333333,4760.7593
29.00208333333333,93.80208333333333,5140.252
29.00208333333333,93.90208333333334,4468.095
29.00208333333333,94.00208333333333,4697.204
29.00208333333333,94.10208333333333,3688.1296
29.00208333333333,94.20208333333333,3784.9368
29.00208333333333,94.30208333333333,4173.1387
29.00208333333333,94.40208333333334,3976.2354
29.00208333333333,94.50208333333333,2149.9934
29.00208333333333,94.60208333333333,3470.2893
29.00208333333333,94.70208333333333,3377.2295
29.00208333333333,94.80208333333333,1852.283
29.00208333333333,94.90208333333334,431.15594
29.00208333333333,95.00208333333333,1234.9697
29.00208333333333,95.10208333333333,2108.347
29.00208333333333,95.20208333333333,3402.097
29.102083333333333,89.70208333333333,4557.932
29.102083333333333,89.80208333333333,4272.949
29.102083333333333,89.90208333333334,4196.873
29.102083333333333,90.00208333333333,4778.7803
29.102083333333333,90.10208333333334,4422.679
29.102083333333333,90.20208333333333,4755.3403
29.102083333333333,90.30208333333333,4708.9634
29.102083333333333,90.40208333333334,4512.4663
29.102083333333333,90.50208333333333,4896.448
29.102083333333333,90.60208333333334,5030.249
29.102083333333333,90.70208333333333,4438.0
29.102083333333333,90.80208333333333,4622.0923
29.102083333333333,90.90208333333334,4909.431
29.102083333333333,91.00208333333333,4626.5474
29.102083333333333,91.10208333333334,4004.2522
29.102083333333333,91.20208333333333,4991.108
29.102083333333333,91.30208333333333,3809.174
29.102083333333333,91.40208333333334,4451.856
29.102083333333333,91.50208333333333,4555.73
29.102083333333333,91.60208333333334,4431.3857
29.102083333333333,91.70208333333333,3764.2363
29.102083333333333,91.80208333333333,3788.0693
29.102083333333333,91.90208333333334,4085.4368
29.102083333333333,92.00208333333333,4940.7686
29.102083333333333,92.10208333333334,4366.1367
29.102083333333333,92.20208333333333,4164.335
29.102083333333333,92.30208333333333,4893.2695
29.102083333333333,92.40208333333334,4086.6746
29.102083333333333,92.50208333333333,3429.774
29.102083333333333,92.60208333333334,3218.6643
29.102083333333333,92.70208333333333,3188.0872
29.102083333333333,92.80208333333333,3609.449
29.102083333333333,92.90208333333334,4145.7954
29.102083333333333,93.00208333333333,5080.261
29.102083333333333,93.10208333333334,3642.4658
29.102083333333333,93.20208333333333,3873.3103
29.102083333333333,93.30208333333333,5033.1245
29.102083333333333,93.40208333333334,3136.467
29.102083333333333,93.50208333333333,4435.8887
29.102083333333333,93.60208333333334,4632.3853
29.102083333333333,93.70208333333333,3776.9958
29.102083333333333,93.80208333333333,3241.7412
29.102083333333333,93.90208333333334,4335.362
29.102083333333333,94.00208333333333,4596.878
29.102083333333333,94.10208333333333,4443.1826
29.102083333333333,94.20208333333333,3237.7876
29.102083333333333,94.30208333333333,3228.2583
29.102083333333333,94.40208333333334,3308.035
29.102083333333333,94.50208333333333,2327.3296
29.102083333333333,94.60208333333333,3098.8762
29.102083333333333,94.70208333333333,3818.033
29.102083333333333,94.80208333333333,3478.2302
29.102083333333333,94.90208333333334,2639.7114
29.102083333333333,95.00208333333333,1203.3591
29.102083333333333,95.10208333333333,3166.166
29.102083333333333,95.20208333333333,3183.6812
29.202083333333334,89.70208333333333,5331.7983
29.202083333333334,89.80208333333333,4747.2227
29.202083333333334,89.90208333333334,4030.79
29.202083333333334,90.00208333333333,4944.0903
29.202083333333334,90.10208333333334,4635.2344
29.202083333333334,90.20208333333333,4753.1284
29.202083333333334,90.30208333333333,5478.175
29.202083333333334,90.40208333333334,4318.626
29.202083333333334,90.50208333333333,4590.8794
29.202083333333334,90.60208333333334,4685.424
29.202083333333334,90.70208333333333,4381.7637
29.202083333333334,90.80208333333333,4167.63
29.202083333333334,90.90208333333334,4306.6826
29.202083333333334,91.00208333333333,4689.3086
29.202083333333334,91.10208333333334,3665.7405
29.202083333333334,91.20208333333333,4517.5195
29.202083333333334,91.30208333333333,3762.7727
29.202083333333334,91.40208333333334,3678.1958
29.202083333333334,91.50208333333333,4224.198
29.202083333333334,91.60208333333334,4586.8867
29.202083333333334,91.70208333333333,4551.2773
29.202083333333334,91.80208333333333,3950.5574
29.202083333333334,91.90208333333334,4559.958
29.202083333333334,92.00208333333333,4337.7705
29.202083333333334,92.10208333333334,5205.6753
29.202083333333334,92.20208333333333,4366.3467
29.202083333333334,92.30208333333333,5134.743
29.202083333333334,92.40208333333334,4960.6743
29.202083333333334,92.50208333333333,3711.9817
29.202083333333334,92.60208333333334,4927.6885
29.202083333333334,92.70208333333333,4433.841
29.202083333333334,92.80208333333333,5037.6514
29.202083333333334,92.90208333333334,4303.9155
29.202083333333334,93.00208333333333,5245.0503
29.202083333333334,93.10208333333334,4603.415
29.202083333333334,93.20208333333333,4274.1763
29.202083333333334,93.30208333333333,4805.405
29.202083333333334,93.40208333333334,4138.1177
29.202083333333334,93.50208333333333,4916.8755
29.202083333333334,93.60208333333334,4095.4407
29.202083333333334,93.70208333333333,4204.51
29.202083333333334,93.80208333333333,3911.288
29.202083333333334,93.90208333333334,3087.1885
29.202083333333334,94.00208333333333,2958.604
29.202083333333334,94.10208333333333,2937.31
29.202083333333334,94.20208333333333,2936.5051
29.202083333333334,94.30208333333333,3410.0537
29.202083333333334,94.40208333333334,3706.9463
29.202083333333334,94.50208333333333,3934.3635
29.202083333333334,94.60208333333333,3984.6206
29.202083333333334,94.70208333333333,3243.147
29.202083333333334,94.80208333333333,4350.014
29.202083333333334,94.90208333333334,1461.1926
29.202083333333334,95.00208333333333,1739.3601
29.202083333333334,95.10208333333333,1194.2607
29.202083333333334,95.20208333333333,2130.7434
29.302083333333336,89.70208333333333,4148.3047
29.302083333333336,89.80208333333333,3833.912
29.302083333333336,89.90208333333334,4917.822
29.302083333333336,90.00208333333333,5015.576
29.302083333333336,90.10208333333334,4063.2375
29.302083333333336,90.20208333333333,4730.8174
29.302083333333336,90.30208333333333,4434.7837
29.302083333333336,90.40208333333334,5135.455
29.302083333333336,90.50208333333333,4541.412
29.302083333333336,90.60208333333334,3770.4778
29.302083333333336,90.70208333333333,3680.5542
29.302083333333336,90.80208333333333,3576.721
29.302083333333336,90.90208333333334,3569.987
29.302083333333336,91.00208333333333,3564.133
29.302083333333336,91.10208333333334,3563.3254
29.302083333333336,91.20208333333333,3558.2266
29.302083333333336,91.30208333333333,3558.6033
29.302083333333336,91.40208333333334,3559.139
29.302083333333336,91.50208333333333,3555.9656
29.302083333333336,91.60208333333334,3598.7424
29.302083333333336,91.70208333333333,3701.074
29.302083333333336,91.80208333333333,3922.9492
29.302083333333336,91.90208333333334,3931.2751
29.302083333333336,92.00208333333333,4388.169
29.302083333333336,92.10208333333334,4449.4297
29.302083333333336,92.20208333333333,3799.3086
29.302083333333336,92.30208333333333,5147.652
29.302083333333336,92.40208333333334,5269.1206
29.302083333333336,92.50208333333333,4713.2715
29.302083333333336,92.60208333333334,4915.0884
29.302083333333336,92.70208333333333,4895.064
29.302083333333336,92.80208333333333,4940.0156
29.302083333333336,92.90208333333334,4646.587
29.302083333333336,93.00208333333333,5006.524
29.302083333333336,93.10208333333334,5027.908
29.302083333333336,93.20208333333333,4239.1035
29.302083333333336,93.30208333333333,4907.26
29.302083333333336,93.40208333333334,4693.149
29.302083333333336,93.50208333333333,4273.851
29.302083333333336,93.60208333333334,4670.3315
29.302083333333336,93.70208333333333,4841.7144
29.302083333333336,93.80208333333333,4893.353
29.302083333333336,93.90208333333334,4448.891
29.302083333333336,94.00208333333333,3234.3794
29.302083333333336,94.10208333333333,4083.961
29.302083333333336,94.20208333333333,4218.8315
29.302083333333336,94.30208333333333,3123.4617
29.302083333333336,94.40208333333334,3395.2637
29.302083333333336,94.50208333333333,3543.8425
29.302083333333336,94.60208333333333,4340.4146
29.302083333333336,94.70208333333333,4158.7764
29.302083333333336,94.80208333333333,4097.884
29.302083333333336,94.90208333333334,3955.471
29.302083333333336,95.00208333333333,3464.6113
29.302083333333336,95.10208333333333,2018.4147
29.302083333333336,95.20208333333333,2308.6572
29.402083333333334,89.70208333333333,4474.184
29.402083333333334,89.80208333333333,5421.9443
29.402083333333334,89.90208333333334,4510.9043
29.402083333333334,90.00208333333333,4912.941
29.402083333333334,90.10208333333334,4030.5095
29.402083333333334,90.20208333333333,3928.282
29.402083333333334,90.30208333333333,4781.5557
29.402083333333334,90.40208333333334,5151.882
29.402083333333334,90.50208333333333,5374.099
29.402083333333334,90.60208333333334,4753.18
29.402083333333334,90.70208333333333,3869.4148
29.402083333333334,90.80208333333333,4262.918
29.402083333333334,90.90208333333334,3601.7463
29.402083333333334,91.00208333333333,4385.577
29.402083333333334,91.10208333333334,4436.117
29.402083333333334,91.20208333333333,4888.247
29.402083333333334,91.30208333333333,4554.9165
29.402083333333334,91.40208333333334,4462.1973
29.402083333333334,91.50208333333333,3868.88
29.402083333333334,91.60208333333334,4378.032
29.402083333333334,91.70208333333333,5115.642
29.402083333333334,91.80208333333333,4407.7246
29.402083333333334,91.90208333333334,4227.602
29.402083333333334,92.00208333333333,5214.32
29.402083333333334,92.10208333333334,5193.9146
29.402083333333334,92.20208333333333,4213.2764
29.402083333333334,92.30208333333333,4495.064
29.402083333333334,92.40208333333334,4164.038
29.402083333333334,92.50208333333333,5185.5
29.402083333333334,92.60208333333334,5193.6157
29.402083333333334,92.70208333333333,5337.389
29.402083333333334,92.80208333333333,5467.108
29.402083333333334,92.90208333333334,4128.0356
29.402083333333334,93.00208333333333,5254.7974
29.402083333333334,93.10208333333334,5213.7954
29.402083333333334,93.20208333333333,4580.501
29.402083333333334,93.30208333333333,4865.2144
29.402083333333334,93.40208333333334,4196.1675
29.402083333333334,93.50208333333333,4143.159
29.402083333333334,93.60208333333334,4765.95
29.402083333333334,93.70208333333333,4684.6143
29.402083333333334,93.80208333333333,4260.5903
29.402083333333334,93.90208333333334,4526.8096
29.402083333333334,94.00208333333333,4557.7144
29.402083333333334,94.10208333333333,4324.496
29.402083333333334,94.20208333333333,4643.116
29.402083333333334,94.30208333333333,4559.683
29.402083333333334,94.40208333333334,3452.4756
29.402083333333334,94.50208333333333,3323.3499
29.402083333333334,94.60208333333333,4475.067
29.402083333333334,94.70208333333333,4448.3247
29.402083333333334,94.80208333333333,4659.0503
29.402083333333334,94.90208333333334,5511.6904
29.402083333333334,95.00208333333333,3919.7507
29.402083333333334,95.10208333333333,2787.714
29.402083333333334,95.20208333333333,2380.708
