24.702083333333334,69.60208333333333,35.548534
24.702083333333334,69.70208333333333,36.5072
24.702083333333334,69.80208333333333,52.49458
24.702083333333334,69.90208333333334,45.889957
24.702083333333334,70.00208333333333,69.00689
24.702083333333334,70.10208333333333,85.95751
24.702083333333334,70.20208333333333,79.240265
24.702083333333334,70.30208333333333,72.50796
24.702083333333334,70.40208333333334,104.45569
24.702083333333334,70.50208333333333,60.269646
24.702083333333334,70.60208333333333,59.381023
24.702083333333334,70.70208333333333,68.9936
24.702083333333334,70.80208333333333,59.419643
24.702083333333334,70.90208333333334,33.952667
24.702083333333334,71.00208333333333,47.05551
24.702083333333334,71.10208333333333,18.098755
24.702083333333334,71.20208333333333,8.731067
24.702083333333334,71.30208333333333,11.996044
24.702083333333334,71.40208333333334,15.430178
24.702083333333334,71.50208333333333,23.820889
24.702083333333334,71.60208333333333,30.22609
24.702083333333334,71.70208333333333,46.426445
24.702083333333334,71.80208333333333,72.79689
24.702083333333334,71.90208333333334,95.57725
24.702083333333334,72.00208333333333,131.92636
24.702083333333334,72.10208333333333,163.6677
24.702083333333334,72.20208333333333,199.2268
24.702083333333334,72.30208333333333,256.6345
24.702083333333334,72.40208333333334,496.6871
24.702083333333334,72.50208333333333,295.80658
24.702083333333334,72.60208333333333,290.88947
24.702083333333334,72.70208333333333,300.80844
24.702083333333334,72.80208333333333,652.3183
24.702083333333334,72.90208333333334,338.85803
24.702083333333334,73.00208333333333,362.68045
24.702083333333334,73.10208333333333,422.7932
24.702083333333334,73.20208333333333,507.15692
24.702083333333334,73.30208333333333,687.5057
24.702083333333334,73.40208333333334,747.01685
24.702083333333334,73.50208333333333,797.81775
24.702083333333334,73.60208333333333,658.10474
24.702083333333334,73.70208333333333,797.0858
24.702083333333334,73.80208333333333,553.4767
24.702083333333334,73.90208333333334,515.7012
24.702083333333334,74.00208333333333,493.89703
24.702083333333334,74.10208333333333,467.6529
24.702083333333334,74.20208333333333,460.22458
24.702083333333334,74.30208333333333,444.07614
24.702083333333334,74.40208333333334,453.61826
24.702083333333334,74.50208333333333,429.77417
24.702083333333334,74.60208333333333,441.224
24.702083333333334,74.70208333333333,431.9099
24.702083333333334,74.80208333333333,573.8106
24.702083333333334,74.90208333333334,553.5687
24.702083333333334,75.00208333333333,543.4521
24.702083333333334,75.10208333333334,533.1229
24.702083333333334,75.20208333333333,518.4346
24.702083333333334,75.30208333333333,482.64444
24.702083333333334,75.40208333333334,383.2547
24.802083333333336,69.60208333333333,38.14249
24.802083333333336,69.70208333333333,52.5192
24.802083333333336,69.80208333333333,68.65675
24.802083333333336,69.90208333333334,66.83862
24.802083333333336,70.00208333333333,56.742935
24.802083333333336,70.10208333333333,83.8804
24.802083333333336,70.20208333333333,67.34378
24.802083333333336,70.30208333333333,83.13547
24.802083333333336,70.40208333333334,84.13871
24.802083333333336,70.50208333333333,86.24
24.802083333333336,70.60208333333333,79.22991
24.802083333333336,70.70208333333333,109.8408
24.802083333333336,70.80208333333333,90.983025
24.802083333333336,70.90208333333334,86.17342
24.802083333333336,71.00208333333333,48.559868
24.802083333333336,71.10208333333333,66.65645
24.802083333333336,71.20208333333333,55.648
24.802083333333336,71.30208333333333,21.263111
24.802083333333336,71.40208333333334,19.2156
24.802083333333336,71.50208333333333,22.409512
24.802083333333336,71.60208333333333,26.345911
24.802083333333336,71.70208333333333,35.437378
24.802083333333336,71.80208333333333,56.229866
24.802083333333336,71.90208333333334,81.25591
24.802083333333336,72.00208333333333,124.86009
24.802083333333336,72.10208333333333,245.1052
24.802083333333336,72.20208333333333,214.99977
24.802083333333336,72.30208333333333,253.91498
24.802083333333336,72.40208333333334,326.89728
24.802083333333336,72.50208333333333,275.83392
24.802083333333336,72.60208333333333,306.02026
24.802083333333336,72.70208333333333,329.1938
24.802083333333336,72.80208333333333,335.27463
24.802083333333336,72.90208333333334,474.45987
24.802083333333336,73.00208333333333,385.46405
24.802083333333336,73.10208333333333,404.30746
24.802083333333336,73.20208333333333,580.4
24.802083333333336,73.30208333333333,685.1788
24.802083333333336,73.40208333333334,783.1332
24.802083333333336,73.50208333333333,833.0873
24.802083333333336,73.60208333333333,784.9368
24.802083333333336,73.70208333333333,669.6672
24.802083333333336,73.80208333333333,569.2628
24.802083333333336,73.90208333333334,526.0674
24.802083333333336,74.00208333333333,510.91296
24.802083333333336,74.10208333333333,488.88974
24.802083333333336,74.20208333333333,454.904
24.802083333333336,74.30208333333333,439.7547
24.802083333333336,74.40208333333334,423.80472
24.802083333333336,74.50208333333333,412.51877
24.802083333333336,74.60208333333333,422.82004
24.802083333333336,74.70208333333333,429.4329
24.802083333333336,74.80208333333333,491.56158
24.802083333333336,74.90208333333334,520.22394
24.802083333333336,75.00208333333333,437.77805
24.802083333333336,75.10208333333334,390.14462
24.802083333333336,75.20208333333333,508.8761
24.802083333333336,75.30208333333333,513.6602
24.802083333333336,75.40208333333334,503.02405
24.902083333333334,69.60208333333333,39.69698
24.902083333333334,69.70208333333333,46.7392
24.902083333333334,69.80208333333333,59.910313
24.902083333333334,69.90208333333334,83.686714
24.902083333333334,70.00208333333333,73.68698
24.902083333333334,70.10208333333333,73.32689
24.902083333333334,70.20208333333333,79.21311
24.902083333333334,70.30208333333333,112.12649
24.902083333333334,70.40208333333334,94.52942
24.902083333333334,70.50208333333333,98.60107
24.902083333333334,70.60208333333333,122.27218
24.902083333333334,70.70208333333333,90.5844
24.902083333333334,70.80208333333333,122.93831
24.902083333333334,70.90208333333334,73.68853
24.902083333333334,71.00208333333333,66.2232
24.902083333333334,71.10208333333333,83.32138
24.902083333333334,71.20208333333333,44.327824
24.902083333333334,71.30208333333333,41.756668
24.902083333333334,71.40208333333334,41.267643
24.902083333333334,71.50208333333333,40.011288
24.902083333333334,71.60208333333333,31.541422
24.902083333333334,71.70208333333333,39.91582
24.902083333333334,71.80208333333333,49.926666
24.902083333333334,71.90208333333334,68.68085
24.902083333333334,72.00208333333333,103.07951
24.902083333333334,72.10208333333333,150.31062
24.902083333333334,72.20208333333333,167.51808
24.902083333333334,72.30208333333333,199.4444
24.902083333333334,72.40208333333334,664.7245
24.902083333333334,72.50208333333333,237.2019
24.902083333333334,72.60208333333333,261.8132
24.902083333333334,72.70208333333333,278.22855
24.902083333333334,72.80208333333333,270.66296
24.902083333333334,72.90208333333334,527.5306
24.902083333333334,73.00208333333333,410.14386
24.902083333333334,73.10208333333333,365.82166
24.902083333333334,73.20208333333333,487.86978
24.902083333333334,73.30208333333333,534.5125
24.902083333333334,73.40208333333334,858.0668
24.902083333333334,73.50208333333333,785.2856
24.902083333333334,73.60208333333333,684.63403
24.902083333333334,73.70208333333333,633.2259
24.902083333333334,73.80208333333333,600.4365
24.902083333333334,73.90208333333334,542.752
24.902083333333334,74.00208333333333,508.78464
24.902083333333334,74.10208333333333,484.0591
24.902083333333334,74.20208333333333,466.28363
24.902083333333334,74.30208333333333,455.13052
24.902083333333334,74.40208333333334,444.45538
24.902083333333334,74.50208333333333,419.77374
24.902083333333334,74.60208333333333,404.8436
24.902083333333334,74.70208333333333,475.20688
24.902083333333334,74.80208333333333,451.17755
24.902083333333334,74.90208333333334,482.10208
24.902083333333334,75.00208333333333,507.6423
24.902083333333334,75.10208333333334,459.48566
24.902083333333334,75.20208333333333,423.56973
24.902083333333334,75.30208333333333,411.59293
24.902083333333334,75.40208333333334,420.8364
25.00208333333333,69.60208333333333,28.562311
25.00208333333333,69.70208333333333,37.0372
25.00208333333333,69.80208333333333,47.13178
25.00208333333333,69.90208333333334,74.049774
25.00208333333333,70.00208333333333,94.12591
25.00208333333333,70.10208333333333,87.68738
25.00208333333333,70.20208333333333,109.86151
25.00208333333333,70.30208333333333,92.775375
25.00208333333333,70.40208333333334,133.37968
25.00208333333333,70.50208333333333,125.58107
25.00208333333333,70.60208333333333,106.7096
25.00208333333333,70.70208333333333,147.55876
25.00208333333333,70.80208333333333,111.468
25.00208333333333,70.90208333333334,119.489426
25.00208333333333,71.00208333333333,81.439026
25.00208333333333,71.10208333333333,104.968575
25.00208333333333,71.20208333333333,61.10831
25.00208333333333,71.30208333333333,63.504135
25.00208333333333,71.40208333333334,36.520046
25.00208333333333,71.50208333333333,31.620577
25.00208333333333,71.60208333333333,43.272312
25.00208333333333,71.70208333333333,37.042355
25.00208333333333,71.80208333333333,44.772934
25.00208333333333,71.90208333333334,58.667244
25.00208333333333,72.00208333333333,87.01373
25.00208333333333,72.10208333333333,116.47853
25.00208333333333,72.20208333333333,139.05498
25.00208333333333,72.30208333333333,162.99142
25.00208333333333,72.40208333333334,186.74289
25.00208333333333,72.50208333333333,209.02112
25.00208333333333,72.60208333333333,221.08595
25.00208333333333,72.70208333333333,229.98706
25.00208333333333,72.80208333333333,235.69275
25.00208333333333,72.90208333333334,260.40427
25.00208333333333,73.00208333333333,320.64606
25.00208333333333,73.10208333333333,363.3589
25.00208333333333,73.20208333333333,330.15134
25.00208333333333,73.30208333333333,522.727
25.00208333333333,73.40208333333334,930.13763
25.00208333333333,73.50208333333333,893.9019
25.00208333333333,73.60208333333333,837.2026
25.00208333333333,73.70208333333333,675.9048
25.00208333333333,73.80208333333333,571.0451
25.00208333333333,73.90208333333334,529.1096
25.00208333333333,74.00208333333333,527.25946
25.00208333333333,74.10208333333333,495.43332
25.00208333333333,74.20208333333333,487.27774
25.00208333333333,74.30208333333333,476.71692
25.00208333333333,74.40208333333334,461.50293
25.00208333333333,74.50208333333333,439.61148
25.00208333333333,74.60208333333333,419.61008
25.00208333333333,74.70208333333333,391.8325
25.00208333333333,74.80208333333333,533.79016
25.00208333333333,74.90208333333334,528.9244
25.00208333333333,75.00208333333333,417.63898
25.00208333333333,75.10208333333334,401.12085
25.00208333333333,75.20208333333333,403.45618
25.00208333333333,75.30208333333333,385.82428
25.00208333333333,75.40208333333334,582.4073
25.102083333333333,69.60208333333333,8.571689
25.102083333333333,69.70208333333333,40.774
25.102083333333333,69.80208333333333,49.166046
25.102083333333333,69.90208333333334,48.28751
25.102083333333333,70.00208333333333,72.132576
25.102083333333333,70.10208333333333,93.75876
25.102083333333333,70.20208333333333,99.66556
25.102083333333333,70.30208333333333,94.855865
25.102083333333333,70.40208333333334,104.93289
25.102083333333333,70.50208333333333,128.86804
25.102083333333333,70.60208333333333,124.08164
25.102083333333333,70.70208333333333,124.58511
25.102083333333333,70.80208333333333,145.74911
25.102083333333333,70.90208333333334,120.24934
25.102083333333333,71.00208333333333,108.70396
25.102083333333333,71.10208333333333,101.382576
25.102083333333333,71.20208333333333,112.67058
25.102083333333333,71.30208333333333,75.082664
25.102083333333333,71.40208333333334,74.18516
25.102083333333333,71.50208333333333,37.66578
25.102083333333333,71.60208333333333,41.12471
25.102083333333333,71.70208333333333,44.708977
25.102083333333333,71.80208333333333,55.595512
25.102083333333333,71.90208333333334,57.31929
25.102083333333333,72.00208333333333,73.6824
25.102083333333333,72.10208333333333,90.67036
25.102083333333333,72.20208333333333,111.843735
25.102083333333333,72.30208333333333,140.57698
25.102083333333333,72.40208333333334,159.87854
25.102083333333333,72.50208333333333,174.99458
25.102083333333333,72.60208333333333,180.80716
25.102083333333333,72.70208333333333,196.3765
25.102083333333333,72.80208333333333,215.48875
25.102083333333333,72.90208333333334,284.31177
25.102083333333333,73.00208333333333,267.14444
25.102083333333333,73.10208333333333,282.72495
25.102083333333333,73.20208333333333,324.10684
25.102083333333333,73.30208333333333,335.50085
25.102083333333333,73.40208333333334,440.95773
25.102083333333333,73.50208333333333,950.82446
25.102083333333333,73.60208333333333,847.72015
25.102083333333333,73.70208333333333,734.74585
25.102083333333333,73.80208333333333,610.1145
25.102083333333333,73.90208333333334,567.80676
25.102083333333333,74.00208333333333,537.48846
25.102083333333333,74.10208333333333,507.72446
25.102083333333333,74.20208333333333,486.018
25.102083333333333,74.30208333333333,470.5861
25.102083333333333,74.40208333333334,450.0153
25.102083333333333,74.50208333333333,452.31097
25.102083333333333,74.60208333333333,423.24716
25.102083333333333,74.70208333333333,398.9928
25.102083333333333,74.80208333333333,385.44324
25.102083333333333,74.90208333333334,387.98618
25.102083333333333,75.00208333333333,481.1638
25.102083333333333,75.10208333333334,395.80988
25.102083333333333,75.20208333333333,515.90137
25.102083333333333,75.30208333333333,525.6421
25.102083333333333,75.40208333333334,506.4578
25.202083333333334,69.60208333333333,9.889155
25.202083333333334,69.70208333333333,11.8035555
25.202083333333334,69.80208333333333,28.0032
25.202083333333334,69.90208333333334,52.456135
25.202083333333334,70.00208333333333,56.06027
25.202083333333334,70.10208333333333,57.44871
25.202083333333334,70.20208333333333,88.10706
25.202083333333334,70.30208333333333,100.61582
25.202083333333334,70.40208333333334,115.734
25.202083333333334,70.50208333333333,131.86058
25.202083333333334,70.60208333333333,139.66063
25.202083333333334,70.70208333333333,152.70067
25.202083333333334,70.80208333333333,139.04391
25.202083333333334,70.90208333333334,131.70978
25.202083333333334,71.00208333333333,137.04684
25.202083333333334,71.10208333333333,125.03649
25.202083333333334,71.20208333333333,130.56804
25.202083333333334,71.30208333333333,101.31484
25.202083333333334,71.40208333333334,79.39498
25.202083333333334,71.50208333333333,104.08542
25.202083333333334,71.60208333333333,64.135864
25.202083333333334,71.70208333333333,53.446487
25.202083333333334,71.80208333333333,60.615646
25.202083333333334,71.90208333333334,62.915867
25.202083333333334,72.00208333333333,70.75551
25.202083333333334,72.10208333333333,84.47751
25.202083333333334,72.20208333333333,100.95987
25.202083333333334,72.30208333333333,118.16586
25.202083333333334,72.40208333333334,131.22746
25.202083333333334,72.50208333333333,143.60057
25.202083333333334,72.60208333333333,160.43045
25.202083333333334,72.70208333333333,223.10982
25.202083333333334,72.80208333333333,193.51294
25.202083333333334,72.90208333333334,266.97272
25.202083333333334,73.00208333333333,249.89848
25.202083333333334,73.10208333333333,271.53137
25.202083333333334,73.20208333333333,286.4031
25.202083333333334,73.30208333333333,302.35583
25.202083333333334,73.40208333333334,336.2269
25.202083333333334,73.50208333333333,375.47293
25.202083333333334,73.60208333333333,551.5467
25.202083333333334,73.70208333333333,748.20154
25.202083333333334,73.80208333333333,655.8827
25.202083333333334,73.90208333333334,597.8455
25.202083333333334,74.00208333333333,541.1247
25.202083333333334,74.10208333333333,517.46313
25.202083333333334,74.20208333333333,511.0786
25.202083333333334,74.30208333333333,476.31314
25.202083333333334,74.40208333333334,449.65726
25.202083333333334,74.50208333333333,423.90845
25.202083333333334,74.60208333333333,416.62708
25.202083333333334,74.70208333333333,411.61523
25.202083333333334,74.80208333333333,393.80212
25.202083333333334,74.90208333333334,366.33728
25.202083333333334,75.00208333333333,365.31644
25.202083333333334,75.10208333333334,424.01413
25.202083333333334,75.20208333333333,499.288
25.202083333333334,75.30208333333333,546.99036
25.202083333333334,75.40208333333334,493.108
25.302083333333336,69.60208333333333,9.464534
25.302083333333336,69.70208333333333,9.855644
25.302083333333336,69.80208333333333,37.327377
25.302083333333336,69.90208333333334,39.143154
25.302083333333336,70.00208333333333,45.575066
25.302083333333336,70.10208333333333,50.7588
25.302083333333336,70.20208333333333,89.91809
25.302083333333336,70.30208333333333,88.877556
25.302083333333336,70.40208333333334,124.48276
25.302083333333336,70.50208333333333,143.8827
25.302083333333336,70.60208333333333,136.51245
25.302083333333336,70.70208333333333,150.05623
25.302083333333336,70.80208333333333,191.68661
25.302083333333336,70.90208333333334,169.76227
25.302083333333336,71.00208333333333,149.28084
25.302083333333336,71.10208333333333,157.58044
25.302083333333336,71.20208333333333,123.64258
25.302083333333336,71.30208333333333,117.43289
25.302083333333336,71.40208333333334,86.36342
25.302083333333336,71.50208333333333,76.889824
25.302083333333336,71.60208333333333,60.561245
25.302083333333336,71.70208333333333,56.747646
25.302083333333336,71.80208333333333,51.764267
25.302083333333336,71.90208333333334,65.69129
25.302083333333336,72.00208333333333,82.1812
25.302083333333336,72.10208333333333,89.18489
25.302083333333336,72.20208333333333,105.62271
25.302083333333336,72.30208333333333,112.18316
25.302083333333336,72.40208333333334,120.65285
25.302083333333336,72.50208333333333,164.1047
25.302083333333336,72.60208333333333,225.06694
25.302083333333336,72.70208333333333,203.59738
25.302083333333336,72.80208333333333,196.20808
25.302083333333336,72.90208333333334,209.02916
25.302083333333336,73.00208333333333,225.12413
25.302083333333336,73.10208333333333,245.27907
25.302083333333336,73.20208333333333,263.00632
25.302083333333336,73.30208333333333,289.9665
25.302083333333336,73.40208333333334,308.726
25.302083333333336,73.50208333333333,339.99545
25.302083333333336,73.60208333333333,394.04205
25.302083333333336,73.70208333333333,777.31116
25.302083333333336,73.80208333333333,697.22516
25.302083333333336,73.90208333333334,627.0768
25.302083333333336,74.00208333333333,574.0946
25.302083333333336,74.10208333333333,531.9924
25.302083333333336,74.20208333333333,512.31433
25.302083333333336,74.30208333333333,491.4841
25.302083333333336,74.40208333333334,482.89444
25.302083333333336,74.50208333333333,460.9837
25.302083333333336,74.60208333333333,419.31992
25.302083333333336,74.70208333333333,414.8616
25.302083333333336,74.80208333333333,397.8075
25.302083333333336,74.90208333333334,382.3949
25.302083333333336,75.00208333333333,366.1762
25.302083333333336,75.10208333333334,360.66876
25.302083333333336,75.20208333333333,380.43423
25.302083333333336,75.30208333333333,375.6705
25.302083333333336,75.40208333333334,373.39227
25.402083333333334,69.60208333333333,10.399956
25.402083333333334,69.70208333333333,8.823244
25.402083333333334,69.80208333333333,39.57898
25.402083333333334,69.90208333333334,35.150043
25.402083333333334,70.00208333333333,63.635067
25.402083333333334,70.10208333333333,53.827644
25.402083333333334,70.20208333333333,85.7632
25.402083333333334,70.30208333333333,85.38938
25.402083333333334,70.40208333333334,102.475426
25.402083333333334,70.50208333333333,123.81764
25.402083333333334,70.60208333333333,136.93849
25.402083333333334,70.70208333333333,148.54626
25.402083333333334,70.80208333333333,176.34497
25.402083333333334,70.90208333333334,186.30458
25.402083333333334,71.00208333333333,198.21515
25.402083333333334,71.10208333333333,160.82556
25.402083333333334,71.20208333333333,158.764
25.402083333333334,71.30208333333333,129.38205
25.402083333333334,71.40208333333334,140.39693
25.402083333333334,71.50208333333333,89.43165
25.402083333333334,71.60208333333333,69.330574
25.402083333333334,71.70208333333333,73.05933
25.402083333333334,71.80208333333333,68.49311
25.402083333333334,71.90208333333334,84.161865
25.402083333333334,72.00208333333333,82.00066
25.402083333333334,72.10208333333333,111.61618
25.402083333333334,72.20208333333333,151.55205
25.402083333333334,72.30208333333333,202.01604
25.402083333333334,72.40208333333334,158.80582
25.402083333333334,72.50208333333333,138.05423
25.402083333333334,72.60208333333333,153.9372
25.402083333333334,72.70208333333333,169.02463
25.402083333333334,72.80208333333333,185.32938
25.402083333333334,72.90208333333334,196.16663
25.402083333333334,73.00208333333333,209.17383
25.402083333333334,73.10208333333333,229.25618
25.402083333333334,73.20208333333333,246.94595
25.402083333333334,73.30208333333333,266.55743
25.402083333333334,73.40208333333334,283.77997
25.402083333333334,73.50208333333333,306.84222
25.402083333333334,73.60208333333333,331.41663
25.402083333333334,73.70208333333333,386.58112
25.402083333333334,73.80208333333333,751.39166
25.402083333333334,73.90208333333334,638.99335
25.402083333333334,74.00208333333333,591.8245
25.402083333333334,74.10208333333333,571.2744
25.402083333333334,74.20208333333333,510.77942
25.402083333333334,74.30208333333333,502.0669
25.402083333333334,74.40208333333334,470.05142
25.402083333333334,74.50208333333333,443.4671
25.402083333333334,74.60208333333333,432.68463
25.402083333333334,74.70208333333333,416.32626
25.402083333333334,74.80208333333333,389.12115
25.402083333333334,74.90208333333334,375.53262
25.402083333333334,75.00208333333333,351.4583
25.402083333333334,75.10208333333334,350.73804
25.402083333333334,75.20208333333333,375.60947
25.402083333333334,75.30208333333333,330.93973
25.402083333333334,75.40208333333334,336.76688
25.50208333333333,69.60208333333333,13.063911
25.50208333333333,69.70208333333333,10.184755
25.50208333333333,69.80208333333333,17.75129
25.50208333333333,69.90208333333334,23.5704
25.50208333333333,70.00208333333333,44.521732
25.50208333333333,70.10208333333333,62.932846
25.50208333333333,70.20208333333333,72.13262
25.50208333333333,70.30208333333333,85.23369
25.50208333333333,70.40208333333334,110.08018
25.50208333333333,70.50208333333333,114.96831
25.50208333333333,70.60208333333333,132.08693
25.50208333333333,70.70208333333333,168.98297
25.50208333333333,70.80208333333333,193.5008
25.50208333333333,70.90208333333334,178.36472
25.50208333333333,71.00208333333333,207.86667
25.50208333333333,71.10208333333333,149.43494
25.50208333333333,71.20208333333333,190.73387
25.50208333333333,71.30208333333333,177.4367
25.50208333333333,71.40208333333334,123.813736
25.50208333333333,71.50208333333333,110.53676
25.50208333333333,71.60208333333333,117.04578
25.50208333333333,71.70208333333333,99.32991
25.50208333333333,71.80208333333333,80.75884
25.50208333333333,71.90208333333334,86.73929
25.50208333333333,72.00208333333333,90.20658
25.50208333333333,72.10208333333333,114.637024
25.50208333333333,72.20208333333333,158.9132
25.50208333333333,72.30208333333333,225.05075
25.50208333333333,72.40208333333334,342.00467
25.50208333333333,72.50208333333333,156.2635
25.50208333333333,72.60208333333333,146.4513
25.50208333333333,72.70208333333333,167.63303
25.50208333333333,72.80208333333333,173.94218
25.50208333333333,72.90208333333334,186.22676
25.50208333333333,73.00208333333333,208.82071
25.50208333333333,73.10208333333333,214.58098
25.50208333333333,73.20208333333333,229.17569
25.50208333333333,73.30208333333333,247.12752
25.50208333333333,73.40208333333334,264.01578
25.50208333333333,73.50208333333333,282.1239
25.50208333333333,73.60208333333333,304.48804
25.50208333333333,73.70208333333333,321.2276
25.50208333333333,73.80208333333333,434.485
25.50208333333333,73.90208333333334,659.29614
25.50208333333333,74.00208333333333,614.93274
25.50208333333333,74.10208333333333,556.7812
25.50208333333333,74.20208333333333,525.94977
25.50208333333333,74.30208333333333,505.79324
25.50208333333333,74.40208333333334,485.49435
25.50208333333333,74.50208333333333,460.5034
25.50208333333333,74.60208333333333,448.9322
25.50208333333333,74.70208333333333,425.2689
25.50208333333333,74.80208333333333,388.50812
25.50208333333333,74.90208333333334,374.24695
25.50208333333333,75.00208333333333,360.3981
25.50208333333333,75.10208333333334,341.01248
25.50208333333333,75.20208333333333,344.09503
25.50208333333333,75.30208333333333,350.69644
25.50208333333333,75.40208333333334,316.57782
25.602083333333333,69.60208333333333,32.545776
25.602083333333333,69.70208333333333,25.446222
25.602083333333333,69.80208333333333,29.666666
25.602083333333333,69.90208333333334,28.798666
25.602083333333333,70.00208333333333,43.334755
25.602083333333333,70.10208333333333,57.501335
25.602083333333333,70.20208333333333,63.570087
25.602083333333333,70.30208333333333,89.96231
25.602083333333333,70.40208333333334,99.102974
25.602083333333333,70.50208333333333,148.81969
25.602083333333333,70.60208333333333,144.47156
25.602083333333333,70.70208333333333,181.85138
25.602083333333333,70.80208333333333,174.7296
25.602083333333333,70.90208333333334,187.54622
25.602083333333333,71.00208333333333,197.78769
25.602083333333333,71.10208333333333,241.05316
25.602083333333333,71.20208333333333,234.54169
25.602083333333333,71.30208333333333,213.81573
25.602083333333333,71.40208333333334,160.71756
25.602083333333333,71.50208333333333,146.77942
25.602083333333333,71.60208333333333,149.67183
25.602083333333333,71.70208333333333,115.53555
25.602083333333333,71.80208333333333,107.87156
25.602083333333333,71.90208333333334,126.453064
25.602083333333333,72.00208333333333,102.0332
25.602083333333333,72.10208333333333,98.5448
25.602083333333333,72.20208333333333,133.294
25.602083333333333,72.30208333333333,292.90836
25.602083333333333,72.40208333333334,209.00084
25.602083333333333,72.50208333333333,225.55022
25.602083333333333,72.60208333333333,140.8176
25.602083333333333,72.70208333333333,150.67062
25.602083333333333,72.80208333333333,188.69
25.602083333333333,72.90208333333334,182.38089
25.602083333333333,73.00208333333333,205.21054
25.602083333333333,73.10208333333333,223.2645
25.602083333333333,73.20208333333333,218.54204
25.602083333333333,73.30208333333333,230.42032
25.602083333333333,73.40208333333334,246.3964
25.602083333333333,73.50208333333333,260.95737
25.602083333333333,73.60208333333333,279.72037
25.602083333333333,73.70208333333333,305.5857
25.602083333333333,73.80208333333333,438.3989
25.602083333333333,73.90208333333334,636.0309
25.602083333333333,74.00208333333333,597.85815
25.602083333333333,74.10208333333333,564.8406
25.602083333333333,74.20208333333333,557.5311
25.602083333333333,74.30208333333333,506.9303
25.602083333333333,74.40208333333334,472.32596
25.602083333333333,74.50208333333333,440.31445
25.602083333333333,74.60208333333333,431.72885
25.602083333333333,74.70208333333333,406.8763
25.602083333333333,74.80208333333333,398.26178
25.602083333333333,74.90208333333334,372.85925
25.602083333333333,75.00208333333333,369.22614
25.602083333333333,75.10208333333334,348.78894
25.602083333333333,75.20208333333333,338.92737
25.602083333333333,75.30208333333333,349.64957
25.602083333333333,75.40208333333334,352.51672
25.702083333333334,69.60208333333333,17.493244
25.702083333333334,69.70208333333333,29.770267
25.702083333333334,69.80208333333333,30.150578
25.702083333333334,69.90208333333334,32.04
25.702083333333334,70.00208333333333,37.6564
25.702083333333334,70.10208333333333,60.395687
25.702083333333334,70.20208333333333,70.21467
25.702083333333334,70.30208333333333,103.539825
25.702083333333334,70.40208333333334,126.83062
25.702083333333334,70.50208333333333,124.48916
25.702083333333334,70.60208333333333,151.96552
25.702083333333334,70.70208333333333,162.37085
25.702083333333334,70.80208333333333,172.41031
25.702083333333334,70.90208333333334,209.52498
25.702083333333334,71.00208333333333,246.43462
25.702083333333334,71.10208333333333,240.71094
25.702083333333334,71.20208333333333,359.3147
25.702083333333334,71.30208333333333,194.68245
25.702083333333334,71.40208333333334,207.49902
25.702083333333334,71.50208333333333,155.81715
25.702083333333334,71.60208333333333,162.1028
25.702083333333334,71.70208333333333,147.01631
25.702083333333334,71.80208333333333,133.4216
25.702083333333334,71.90208333333334,97.86969
25.702083333333334,72.00208333333333,119.37578
25.702083333333334,72.10208333333333,119.4804
25.702083333333334,72.20208333333333,114.35258
25.702083333333334,72.30208333333333,145.06067
25.702083333333334,72.40208333333334,163.40836
25.702083333333334,72.50208333333333,164.8041
25.702083333333334,72.60208333333333,134.2239
25.702083333333334,72.70208333333333,149.93475
25.702083333333334,72.80208333333333,164.07524
25.702083333333334,72.90208333333334,172.8807
25.702083333333334,73.00208333333333,179.50195
25.702083333333334,73.10208333333333,210.7645
25.702083333333334,73.20208333333333,204.48817
25.702083333333334,73.30208333333333,221.20378
25.702083333333334,73.40208333333334,231.67787
25.702083333333334,73.50208333333333,248.26552
25.702083333333334,73.60208333333333,267.37875
25.702083333333334,73.70208333333333,291.13486
25.702083333333334,73.80208333333333,329.0769
25.702083333333334,73.90208333333334,428.97504
25.702083333333334,74.00208333333333,709.40356
25.702083333333334,74.10208333333333,560.09753
25.702083333333334,74.20208333333333,529.4788
25.702083333333334,74.30208333333333,484.16763
25.702083333333334,74.40208333333334,468.3577
25.702083333333334,74.50208333333333,436.9791
25.702083333333334,74.60208333333333,424.60812
25.702083333333334,74.70208333333333,406.8692
25.702083333333334,74.80208333333333,389.0489
25.702083333333334,74.90208333333334,367.43164
25.702083333333334,75.00208333333333,359.49948
25.702083333333334,75.10208333333334,344.32352
25.702083333333334,75.20208333333333,329.96954
25.702083333333334,75.30208333333333,328.79785
25.702083333333334,75.40208333333334,377.95648
25.802083333333336,69.60208333333333,30.204268
25.802083333333336,69.70208333333333,39.182087
25.802083333333336,69.80208333333333,28.247334
25.802083333333336,69.90208333333334,42.439068
25.802083333333336,70.00208333333333,48.07809
25.802083333333336,70.10208333333333,49.262222
25.802083333333336,70.20208333333333,60.443913
25.802083333333336,70.30208333333333,76.39813
25.802083333333336,70.40208333333334,102.49844
25.802083333333336,70.50208333333333,133.01392
25.802083333333336,70.60208333333333,147.79106
25.802083333333336,70.70208333333333,163.11987
25.802083333333336,70.80208333333333,205.88475
25.802083333333336,70.90208333333334,198.76982
25.802083333333336,71.00208333333333,209.48431
25.802083333333336,71.10208333333333,244.08644
25.802083333333336,71.20208333333333,244.52094
25.802083333333336,71.30208333333333,266.14734
25.802083333333336,71.40208333333334,181.5436
25.802083333333336,71.50208333333333,159.04875
25.802083333333336,71.60208333333333,177.39146
25.802083333333336,71.70208333333333,159.10635
25.802083333333336,71.80208333333333,142.20699
25.802083333333336,71.90208333333334,118.732086
25.802083333333336,72.00208333333333,113.41142
25.802083333333336,72.10208333333333,118.969154
25.802083333333336,72.20208333333333,119.37996
25.802083333333336,72.30208333333333,117.71066
25.802083333333336,72.40208333333334,125.048355
25.802083333333336,72.50208333333333,131.73329
25.802083333333336,72.60208333333333,139.60707
25.802083333333336,72.70208333333333,149.86044
25.802083333333336,72.80208333333333,159.22969
25.802083333333336,72.90208333333334,168.41791
25.802083333333336,73.00208333333333,184.85098
25.802083333333336,73.10208333333333,188.83902
25.802083333333336,73.20208333333333,200.81223
25.802083333333336,73.30208333333333,219.98195
25.802083333333336,73.40208333333334,230.9588
25.802083333333336,73.50208333333333,242.15369
25.802083333333336,73.60208333333333,259.88712
25.802083333333336,73.70208333333333,283.43454
25.802083333333336,73.80208333333333,310.82315
25.802083333333336,73.90208333333334,372.87125
25.802083333333336,74.00208333333333,513.4306
25.802083333333336,74.10208333333333,628.9873
25.802083333333336,74.20208333333333,748.27954
25.802083333333336,74.30208333333333,480.78232
25.802083333333336,74.40208333333334,453.82034
25.802083333333336,74.50208333333333,435.0407
25.802083333333336,74.60208333333333,419.50363
25.802083333333336,74.70208333333333,394.9893
25.802083333333336,74.80208333333333,378.5
25.802083333333336,74.90208333333334,368.30667
25.802083333333336,75.00208333333333,355.1307
25.802083333333336,75.10208333333334,356.15466
25.802083333333336,75.20208333333333,326.4034
25.802083333333336,75.30208333333333,317.00995
25.802083333333336,75.40208333333334,321.9622
25.902083333333334,69.60208333333333,35.06138
25.902083333333334,69.70208333333333,36.955822
25.902083333333334,69.80208333333333,46.26569
25.902083333333334,69.90208333333334,43.817066
25.902083333333334,70.00208333333333,54.692223
25.902083333333334,70.10208333333333,56.137154
25.902083333333334,70.20208333333333,73.715645
25.902083333333334,70.30208333333333,80.10502
25.902083333333334,70.40208333333334,109.338
25.902083333333334,70.50208333333333,133.382
25.902083333333334,70.60208333333333,161.47235
25.902083333333334,70.70208333333333,166.58688
25.902083333333334,70.80208333333333,207.84409
25.902083333333334,70.90208333333334,224.22284
25.902083333333334,71.00208333333333,220.22502
25.902083333333334,71.10208333333333,257.4177
25.902083333333334,71.20208333333333,256.45306
25.902083333333334,71.30208333333333,202.98267
25.902083333333334,71.40208333333334,177.63626
25.902083333333334,71.50208333333333,165.90315
25.902083333333334,71.60208333333333,162.06413
25.902083333333334,71.70208333333333,158.83551
25.902083333333334,71.80208333333333,152.08684
25.902083333333334,71.90208333333334,133.81267
25.902083333333334,72.00208333333333,114.42622
25.902083333333334,72.10208333333333,102.75996
25.902083333333334,72.20208333333333,111.07533
25.902083333333334,72.30208333333333,116.58235
25.902083333333334,72.40208333333334,130.4032
25.902083333333334,72.50208333333333,134.76196
25.902083333333334,72.60208333333333,147.30142
25.902083333333334,72.70208333333333,153.7015
25.902083333333334,72.80208333333333,163.65129
25.902083333333334,72.90208333333334,166.11742
25.902083333333334,73.00208333333333,174.70627
25.902083333333334,73.10208333333333,183.41333
25.902083333333334,73.20208333333333,193.35333
25.902083333333334,73.30208333333333,207.48036
25.902083333333334,73.40208333333334,221.96147
25.902083333333334,73.50208333333333,240.92462
25.902083333333334,73.60208333333333,257.1646
25.902083333333334,73.70208333333333,278.66937
25.902083333333334,73.80208333333333,296.06845
25.902083333333334,73.90208333333334,327.74942
25.902083333333334,74.00208333333333,387.31174
25.902083333333334,74.10208333333333,459.75943
25.902083333333334,74.20208333333333,532.1337
25.902083333333334,74.30208333333333,499.80453
25.902083333333334,74.40208333333334,449.52368
25.902083333333334,74.50208333333333,424.82385
25.902083333333334,74.60208333333333,407.65778
25.902083333333334,74.70208333333333,395.4851
25.902083333333334,74.80208333333333,389.26462
25.902083333333334,74.90208333333334,383.02032
25.902083333333334,75.00208333333333,371.58435
25.902083333333334,75.10208333333334,348.07672
25.902083333333334,75.20208333333333,342.39597
25.902083333333334,75.30208333333333,333.69946
25.902083333333334,75.40208333333334,309.0
26.00208333333333,69.60208333333333,32.311554
26.00208333333333,69.70208333333333,42.537468
26.00208333333333,69.80208333333333,40.295868
26.00208333333333,69.90208333333334,47.0272
26.00208333333333,70.00208333333333,45.62662
26.00208333333333,70.10208333333333,55.556
26.00208333333333,70.20208333333333,64.62649
26.00208333333333,70.30208333333333,105.68969
26.00208333333333,70.40208333333334,120.270226
26.00208333333333,70.50208333333333,135.04889
26.00208333333333,70.60208333333333,170.404
26.00208333333333,70.70208333333333,168.19116
26.00208333333333,70.80208333333333,211.01227
26.00208333333333,70.90208333333334,226.7033
26.00208333333333,71.00208333333333,243.42955
26.00208333333333,71.10208333333333,264.17374
26.00208333333333,71.20208333333333,249.00084
26.00208333333333,71.30208333333333,224.31516
26.00208333333333,71.40208333333334,186.7075
26.00208333333333,71.50208333333333,188.45845
26.00208333333333,71.60208333333333,190.39035
26.00208333333333,71.70208333333333,165.1719
26.00208333333333,71.80208333333333,168.2335
26.00208333333333,71.90208333333334,174.10168
26.00208333333333,72.00208333333333,131.1944
26.00208333333333,72.10208333333333,120.3372
26.00208333333333,72.20208333333333,116.37156
26.00208333333333,72.30208333333333,120.67582
26.00208333333333,72.40208333333334,134.87982
26.00208333333333,72.50208333333333,141.17462
26.00208333333333,72.60208333333333,147.57916
26.00208333333333,72.70208333333333,159.40805
26.00208333333333,72.80208333333333,172.27853
26.00208333333333,72.90208333333334,176.73285
26.00208333333333,73.00208333333333,181.05498
26.00208333333333,73.10208333333333,191.94075
26.00208333333333,73.20208333333333,202.5003
26.00208333333333,73.30208333333333,217.77187
26.00208333333333,73.40208333333334,220.35956
26.00208333333333,73.50208333333333,238.42792
26.00208333333333,73.60208333333333,252.0236
26.00208333333333,73.70208333333333,326.3621
26.00208333333333,73.80208333333333,287.63507
26.00208333333333,73.90208333333334,309.74982
26.00208333333333,74.00208333333333,344.21872
26.00208333333333,74.10208333333333,415.7912
26.00208333333333,74.20208333333333,475.7576
26.00208333333333,74.30208333333333,492.4852
26.00208333333333,74.40208333333334,468.045
26.00208333333333,74.50208333333333,434.5925
26.00208333333333,74.60208333333333,415.6614
26.00208333333333,74.70208333333333,419.38235
26.00208333333333,74.80208333333333,399.28104
26.00208333333333,74.90208333333334,393.39423
26.00208333333333,75.00208333333333,364.8211
26.00208333333333,75.10208333333334,352.56683
26.00208333333333,75.20208333333333,344.55035
26.00208333333333,75.30208333333333,323.19955
26.00208333333333,75.40208333333334,312.30884
26.102083333333333,69.60208333333333,40.826843
26.102083333333333,69.70208333333333,63.01329
26.102083333333333,69.80208333333333,62.629734
26.102083333333333,69.90208333333334,57.235687
26.102083333333333,70.00208333333333,69.08293
26.102083333333333,70.10208333333333,71.95778
26.102083333333333,70.20208333333333,75.022934
26.102083333333333,70.30208333333333,81.98147
26.102083333333333,70.40208333333334,106.9764
26.102083333333333,70.50208333333333,144.92249
26.102083333333333,70.60208333333333,165.32587
26.102083333333333,70.70208333333333,175.02675
26.102083333333333,70.80208333333333,206.19463
26.102083333333333,70.90208333333334,237.3637
26.102083333333333,71.00208333333333,268.87097
26.102083333333333,71.10208333333333,270.90845
26.102083333333333,71.20208333333333,238.20253
26.102083333333333,71.30208333333333,212.70253
26.102083333333333,71.40208333333334,203.3256
26.102083333333333,71.50208333333333,227.00832
26.102083333333333,71.60208333333333,212.90248
26.102083333333333,71.70208333333333,186.26547
26.102083333333333,71.80208333333333,196.60614
26.102083333333333,71.90208333333334,175.51196
26.102083333333333,72.00208333333333,166.49626
26.102083333333333,72.10208333333333,175.37036
26.102083333333333,72.20208333333333,151.95023
26.102083333333333,72.30208333333333,154.07262
26.102083333333333,72.40208333333334,135.89897
26.102083333333333,72.50208333333333,190.65057
26.102083333333333,72.60208333333333,156.49489
26.102083333333333,72.70208333333333,162.87071
26.102083333333333,72.80208333333333,172.09875
26.102083333333333,72.90208333333334,183.7852
26.102083333333333,73.00208333333333,192.58298
26.102083333333333,73.10208333333333,191.53587
26.102083333333333,73.20208333333333,204.0164
26.102083333333333,73.30208333333333,215.4008
26.102083333333333,73.40208333333334,226.71422
26.102083333333333,73.50208333333333,238.20653
26.102083333333333,73.60208333333333,249.97942
26.102083333333333,73.70208333333333,294.67853
26.102083333333333,73.80208333333333,285.81412
26.102083333333333,73.90208333333334,305.9264
26.102083333333333,74.00208333333333,320.33054
26.102083333333333,74.10208333333333,353.79245
26.102083333333333,74.20208333333333,433.0561
26.102083333333333,74.30208333333333,448.46738
26.102083333333333,74.40208333333334,470.45334
26.102083333333333,74.50208333333333,445.41876
26.102083333333333,74.60208333333333,440.96378
26.102083333333333,74.70208333333333,414.01245
26.102083333333333,74.80208333333333,392.5407
26.102083333333333,74.90208333333334,376.91568
26.102083333333333,75.00208333333333,358.4908
26.102083333333333,75.10208333333334,352.1951
26.102083333333333,75.20208333333333,337.55106
26.102083333333333,75.30208333333333,330.3422
26.102083333333333,75.40208333333334,339.2587
26.202083333333334,69.60208333333333,49.22569
26.202083333333334,69.70208333333333,46.728
26.202083333333334,69.80208333333333,57.876667
26.202083333333334,69.90208333333334,61.4048
26.202083333333334,70.00208333333333,64.17342
26.202083333333334,70.10208333333333,67.2532
26.202083333333334,70.20208333333333,98.03791
26.202083333333334,70.30208333333333,93.612976
26.202083333333334,70.40208333333334,119.977066
26.202083333333334,70.50208333333333,129.72667
26.202083333333334,70.60208333333333,151.56546
26.202083333333334,70.70208333333333,177.9572
26.202083333333334,70.80208333333333,204.2131
26.202083333333334,70.90208333333334,257.05182
26.202083333333334,71.00208333333333,271.2802
26.202083333333334,71.10208333333333,267.58685
26.202083333333334,71.20208333333333,243.45369
26.202083333333334,71.30208333333333,228.69067
26.202083333333334,71.40208333333334,221.19814
26.202083333333334,71.50208333333333,237.95743
26.202083333333334,71.60208333333333,216.66418
26.202083333333334,71.70208333333333,204.50644
26.202083333333334,71.80208333333333,197.27951
26.202083333333334,71.90208333333334,190.09694
26.202083333333334,72.00208333333333,186.4308
26.202083333333334,72.10208333333333,188.63942
26.202083333333334,72.20208333333333,214.65253
26.202083333333334,72.30208333333333,203.7816
26.202083333333334,72.40208333333334,157.91177
26.202083333333334,72.50208333333333,160.54778
26.202083333333334,72.60208333333333,167.53258
26.202083333333334,72.70208333333333,169.96765
26.202083333333334,72.80208333333333,186.58672
26.202083333333334,72.90208333333334,211.53569
26.202083333333334,73.00208333333333,210.05138
26.202083333333334,73.10208333333333,207.1552
26.202083333333334,73.20208333333333,212.73906
26.202083333333334,73.30208333333333,218.45036
26.202083333333334,73.40208333333334,236.47075
26.202083333333334,73.50208333333333,246.31325
26.202083333333334,73.60208333333333,255.70369
26.202083333333334,73.70208333333333,266.87653
26.202083333333334,73.80208333333333,280.65643
26.202083333333334,73.90208333333334,294.23383
26.202083333333334,74.00208333333333,308.91177
26.202083333333334,74.10208333333333,343.52115
26.202083333333334,74.20208333333333,413.91672
26.202083333333334,74.30208333333333,418.69272
26.202083333333334,74.40208333333334,439.94116
26.202083333333334,74.50208333333333,478.2172
26.202083333333334,74.60208333333333,430.61908
26.202083333333334,74.70208333333333,416.52515
26.202083333333334,74.80208333333333,390.44156
26.202083333333334,74.90208333333334,386.6244
26.202083333333334,75.00208333333333,367.30792
26.202083333333334,75.10208333333334,366.74155
26.202083333333334,75.20208333333333,348.08484
26.202083333333334,75.30208333333333,327.61716
26.202083333333334,75.40208333333334,306.79468
26.302083333333336,69.60208333333333,47.136665
26.302083333333336,69.70208333333333,57.6308
26.302083333333336,69.80208333333333,66.19427
26.302083333333336,69.90208333333334,65.96116
26.302083333333336,70.00208333333333,77.23924
26.302083333333336,70.10208333333333,71.857376
26.302083333333336,70.20208333333333,95.81805
26.302083333333336,70.30208333333333,117.88582
26.302083333333336,70.40208333333334,121.61623
26.302083333333336,70.50208333333333,153.0389
26.302083333333336,70.60208333333333,162.84222
26.302083333333336,70.70208333333333,174.03787
26.302083333333336,70.80208333333333,205.71716
26.302083333333336,70.90208333333334,222.30644
26.302083333333336,71.00208333333333,232.13463
26.302083333333336,71.10208333333333,267.04623
26.302083333333336,71.20208333333333,274.25314
26.302083333333336,71.30208333333333,245.67831
26.302083333333336,71.40208333333334,244.844
26.302083333333336,71.50208333333333,234.9905
26.302083333333336,71.60208333333333,227.42871
26.302083333333336,71.70208333333333,228.83044
26.302083333333336,71.80208333333333,217.12822
26.302083333333336,71.90208333333334,201.42316
26.302083333333336,72.00208333333333,204.90675
26.302083333333336,72.10208333333333,206.87204
26.302083333333336,72.20208333333333,211.95573
26.302083333333336,72.30208333333333,245.5803
26.302083333333336,72.40208333333334,239.66307
26.302083333333336,72.50208333333333,213.7517
26.302083333333336,72.60208333333333,186.00653
26.302083333333336,72.70208333333333,184.0467
26.302083333333336,72.80208333333333,213.99414
26.302083333333336,72.90208333333334,296.69186
26.302083333333336,73.00208333333333,333.0194
26.302083333333336,73.10208333333333,214.9788
26.302083333333336,73.20208333333333,229.00014
26.302083333333336,73.30208333333333,235.03827
26.302083333333336,73.40208333333334,236.14622
26.302083333333336,73.50208333333333,242.16986
26.302083333333336,73.60208333333333,259.19003
26.302083333333336,73.70208333333333,286.8035
26.302083333333336,73.80208333333333,281.26395
26.302083333333336,73.90208333333334,288.72067
26.302083333333336,74.00208333333333,306.03488
26.302083333333336,74.10208333333333,329.40146
26.302083333333336,74.20208333333333,362.3619
26.302083333333336,74.30208333333333,422.22656
26.302083333333336,74.40208333333334,420.17352
26.302083333333336,74.50208333333333,436.53458
26.302083333333336,74.60208333333333,549.1463
26.302083333333336,74.70208333333333,436.0778
26.302083333333336,74.80208333333333,409.3799
26.302083333333336,74.90208333333334,382.4787
26.302083333333336,75.00208333333333,398.9108
26.302083333333336,75.10208333333334,379.05212
26.302083333333336,75.20208333333333,348.4474
26.302083333333336,75.30208333333333,335.3292
26.302083333333336,75.40208333333334,336.44705
26.402083333333334,69.60208333333333,49.654446
26.402083333333334,69.70208333333333,50.665157
26.402083333333334,69.80208333333333,56.1832
26.402083333333334,69.90208333333334,65.04191
26.402083333333334,70.00208333333333,70.91649
26.402083333333334,70.10208333333333,80.40889
26.402083333333334,70.20208333333333,102.39524
26.402083333333334,70.30208333333333,117.37004
26.402083333333334,70.40208333333334,130.27214
26.402083333333334,70.50208333333333,146.13098
26.402083333333334,70.60208333333333,175.86244
26.402083333333334,70.70208333333333,179.84497
26.402083333333334,70.80208333333333,191.44786
26.402083333333334,70.90208333333334,207.884
26.402083333333334,71.00208333333333,236.78195
26.402083333333334,71.10208333333333,253.33511
26.402083333333334,71.20208333333333,270.27695
26.402083333333334,71.30208333333333,295.76566
26.402083333333334,71.40208333333334,285.42902
26.402083333333334,71.50208333333333,261.9223
26.402083333333334,71.60208333333333,245.47116
26.402083333333334,71.70208333333333,235.22778
26.402083333333334,71.80208333333333,222.50414
26.402083333333334,71.90208333333334,203.94911
26.402083333333334,72.00208333333333,217.03569
26.402083333333334,72.10208333333333,228.84422
26.402083333333334,72.20208333333333,231.23906
26.402083333333334,72.30208333333333,263.9044
26.402083333333334,72.40208333333334,269.47705
26.402083333333334,72.50208333333333,241.7932
26.402083333333334,72.60208333333333,243.01836
26.402083333333334,72.70208333333333,217.77737
26.402083333333334,72.80208333333333,233.64204
26.402083333333334,72.90208333333334,250.8848
26.402083333333334,73.00208333333333,259.6352
26.402083333333334,73.10208333333333,226.82693
26.402083333333334,73.20208333333333,225.19969
26.402083333333334,73.30208333333333,248.99582
26.402083333333334,73.40208333333334,257.72382
26.402083333333334,73.50208333333333,255.78383
26.402083333333334,73.60208333333333,268.07584
26.402083333333334,73.70208333333333,299.7565
26.402083333333334,73.80208333333333,318.17303
26.402083333333334,73.90208333333334,301.97772
26.402083333333334,74.00208333333333,309.3698
26.402083333333334,74.10208333333333,321.8084
26.402083333333334,74.20208333333333,363.50864
26.402083333333334,74.30208333333333,398.91254
26.402083333333334,74.40208333333334,399.526
26.402083333333334,74.50208333333333,571.01874
26.402083333333334,74.60208333333333,472.58627
26.402083333333334,74.70208333333333,533.21967
26.402083333333334,74.80208333333333,428.13516
26.402083333333334,74.90208333333334,410.03723
26.402083333333334,75.00208333333333,395.5456
26.402083333333334,75.10208333333334,379.51862
26.402083333333334,75.20208333333333,366.37253
26.402083333333334,75.30208333333333,343.55426
26.402083333333334,75.40208333333334,337.07706
26.50208333333333,69.60208333333333,52.503155
26.50208333333333,69.70208333333333,50.195557
26.50208333333333,69.80208333333333,57.30493
26.50208333333333,69.90208333333334,71.8648
26.50208333333333,70.00208333333333,83.50249
26.50208333333333,70.10208333333333,97.31773
26.50208333333333,70.20208333333333,101.90458
26.50208333333333,70.30208333333333,117.40338
26.50208333333333,70.40208333333334,140.93303
26.50208333333333,70.50208333333333,168.14632
26.50208333333333,70.60208333333333,169.78671
26.50208333333333,70.70208333333333,196.43733
26.50208333333333,70.80208333333333,233.75644
26.50208333333333,70.90208333333334,239.97093
26.50208333333333,71.00208333333333,248.23836
26.50208333333333,71.10208333333333,254.80177
26.50208333333333,71.20208333333333,260.64883
26.50208333333333,71.30208333333333,271.79596
26.50208333333333,71.40208333333334,316.76385
26.50208333333333,71.50208333333333,298.95404
26.50208333333333,71.60208333333333,273.3392
26.50208333333333,71.70208333333333,245.0431
26.50208333333333,71.80208333333333,243.35635
26.50208333333333,71.90208333333334,221.64436
26.50208333333333,72.00208333333333,227.6104
26.50208333333333,72.10208333333333,239.7691
26.50208333333333,72.20208333333333,243.57115
26.50208333333333,72.30208333333333,258.66052
26.50208333333333,72.40208333333334,268.9775
26.50208333333333,72.50208333333333,322.548
26.50208333333333,72.60208333333333,258.33133
26.50208333333333,72.70208333333333,252.82635
26.50208333333333,72.80208333333333,310.2204
26.50208333333333,72.90208333333334,264.83075
26.50208333333333,73.00208333333333,250.55093
26.50208333333333,73.10208333333333,241.02577
26.50208333333333,73.20208333333333,237.13618
26.50208333333333,73.30208333333333,251.86844
26.50208333333333,73.40208333333334,268.9168
26.50208333333333,73.50208333333333,292.34036
26.50208333333333,73.60208333333333,277.44702
26.50208333333333,73.70208333333333,279.18628
26.50208333333333,73.80208333333333,309.03702
26.50208333333333,73.90208333333334,312.42026
26.50208333333333,74.00208333333333,316.29987
26.50208333333333,74.10208333333333,327.8989
26.50208333333333,74.20208333333333,342.42773
26.50208333333333,74.30208333333333,364.24515
26.50208333333333,74.40208333333334,420.31113
26.50208333333333,74.50208333333333,431.8555
26.50208333333333,74.60208333333333,555.19824
26.50208333333333,74.70208333333333,476.6405
26.50208333333333,74.80208333333333,490.7328
26.50208333333333,74.90208333333334,419.84756
26.50208333333333,75.00208333333333,388.208
26.50208333333333,75.10208333333334,363.67142
26.50208333333333,75.20208333333333,345.8868
26.50208333333333,75.30208333333333,343.82025
26.50208333333333,75.40208333333334,321.6911
26.602083333333333,69.60208333333333,59.079735
26.602083333333333,69.70208333333333,71.46747
26.602083333333333,69.80208333333333,53.54067
26.602083333333333,69.90208333333334,69.243774
26.602083333333333,70.00208333333333,85.31707
26.602083333333333,70.10208333333333,83.36622
26.602083333333333,70.20208333333333,97.20506
26.602083333333333,70.30208333333333,124.41973
26.602083333333333,70.40208333333334,154.44537
26.602083333333333,70.50208333333333,175.55862
26.602083333333333,70.60208333333333,205.57675
26.602083333333333,70.70208333333333,219.05342
26.602083333333333,70.80208333333333,248.93831
26.602083333333333,70.90208333333334,294.38977
26.602083333333333,71.00208333333333,262.0974
26.602083333333333,71.10208333333333,286.15005
26.602083333333333,71.20208333333333,280.27618
26.602083333333333,71.30208333333333,294.87778
26.602083333333333,71.40208333333334,307.56342
26.602083333333333,71.50208333333333,307.35828
26.602083333333333,71.60208333333333,293.3036
26.602083333333333,71.70208333333333,279.76093
26.602083333333333,71.80208333333333,250.91528
26.602083333333333,71.90208333333334,235.45857
26.602083333333333,72.00208333333333,233.20636
26.602083333333333,72.10208333333333,249.65587
26.602083333333333,72.20208333333333,256.85324
26.602083333333333,72.30208333333333,265.8365
26.602083333333333,72.40208333333334,276.6754
26.602083333333333,72.50208333333333,292.66724
26.602083333333333,72.60208333333333,272.43524
26.602083333333333,72.70208333333333,260.9325
26.602083333333333,72.80208333333333,268.83368
26.602083333333333,72.90208333333334,293.57394
26.602083333333333,73.00208333333333,259.67947
26.602083333333333,73.10208333333333,262.7189
26.602083333333333,73.20208333333333,261.95618
26.602083333333333,73.30208333333333,276.81308
26.602083333333333,73.40208333333334,299.43085
26.602083333333333,73.50208333333333,310.84137
26.602083333333333,73.60208333333333,367.69653
26.602083333333333,73.70208333333333,319.85645
26.602083333333333,73.80208333333333,307.6489
26.602083333333333,73.90208333333334,292.67664
26.602083333333333,74.00208333333333,308.4227
26.602083333333333,74.10208333333333,322.77777
26.602083333333333,74.20208333333333,338.6987
26.602083333333333,74.30208333333333,360.1265
26.602083333333333,74.40208333333334,407.08777
26.602083333333333,74.50208333333333,461.22525
26.602083333333333,74.60208333333333,476.86563
26.602083333333333,74.70208333333333,458.00272
26.602083333333333,74.80208333333333,441.05804
26.602083333333333,74.90208333333334,555.8973
26.602083333333333,75.00208333333333,398.68585
26.602083333333333,75.10208333333334,371.67404
26.602083333333333,75.20208333333333,354.97958
26.602083333333333,75.30208333333333,334.76093
26.602083333333333,75.40208333333334,333.418
26.702083333333334,69.60208333333333,54.582577
26.702083333333334,69.70208333333333,63.42609
26.702083333333334,69.80208333333333,63.372623
26.702083333333334,69.90208333333334,79.135735
26.702083333333334,70.00208333333333,77.21049
26.702083333333334,70.10208333333333,92.74538
26.702083333333334,70.20208333333333,103.992134
26.702083333333334,70.30208333333333,127.51969
26.702083333333334,70.40208333333334,157.80965
26.702083333333334,70.50208333333333,191.68204
26.702083333333334,70.60208333333333,221.73222
26.702083333333334,70.70208333333333,256.56857
26.702083333333334,70.80208333333333,303.26483
26.702083333333334,70.90208333333334,275.89343
26.702083333333334,71.00208333333333,293.78964
26.702083333333334,71.10208333333333,284.0304
26.702083333333334,71.20208333333333,266.43
26.702083333333334,71.30208333333333,277.1793
26.702083333333334,71.40208333333334,300.10547
26.702083333333334,71.50208333333333,307.7768
26.702083333333334,71.60208333333333,293.1503
26.702083333333334,71.70208333333333,274.2269
26.702083333333334,71.80208333333333,258.6614
26.702083333333334,71.90208333333334,248.51813
26.702083333333334,72.00208333333333,241.22195
26.702083333333334,72.10208333333333,261.0938
26.702083333333334,72.20208333333333,267.27075
26.702083333333334,72.30208333333333,292.85812
26.702083333333334,72.40208333333334,283.5584
26.702083333333334,72.50208333333333,276.6896
26.702083333333334,72.60208333333333,292.6276
26.702083333333334,72.70208333333333,273.69217
26.702083333333334,72.80208333333333,285.66898
26.702083333333334,72.90208333333334,328.28094
26.702083333333334,73.00208333333333,294.19305
26.702083333333334,73.10208333333333,267.67892
26.702083333333334,73.20208333333333,294.13174
26.702083333333334,73.30208333333333,304.97543
26.702083333333334,73.40208333333334,299.88184
26.702083333333334,73.50208333333333,302.44028
26.702083333333334,73.60208333333333,305.4698
26.702083333333334,73.70208333333333,327.68417
26.702083333333334,73.80208333333333,336.61554
26.702083333333334,73.90208333333334,320.4407
26.702083333333334,74.00208333333333,301.89093
26.702083333333334,74.10208333333333,316.64557
26.702083333333334,74.20208333333333,332.34836
26.702083333333334,74.30208333333333,357.99628
26.702083333333334,74.40208333333334,402.5779
26.702083333333334,74.50208333333333,412.8008
26.702083333333334,74.60208333333333,449.89532
26.702083333333334,74.70208333333333,463.21826
26.702083333333334,74.80208333333333,418.87366
26.702083333333334,74.90208333333334,429.1971
26.702083333333334,75.00208333333333,404.12732
26.702083333333334,75.10208333333334,379.8658
26.702083333333334,75.20208333333333,345.1049
26.702083333333334,75.30208333333333,349.2744
26.702083333333334,75.40208333333334,349.01852
26.802083333333336,69.60208333333333,59.8396
26.802083333333336,69.70208333333333,68.708534
26.802083333333336,69.80208333333333,74.34836
26.802083333333336,69.90208333333334,70.841866
26.802083333333336,70.00208333333333,81.16435
26.802083333333336,70.10208333333333,92.32929
26.802083333333336,70.20208333333333,106.848976
26.802083333333336,70.30208333333333,138.13377
26.802083333333336,70.40208333333334,165.99747
26.802083333333336,70.50208333333333,180.52516
26.802083333333336,70.60208333333333,207.44244
26.802083333333336,70.70208333333333,199.37724
26.802083333333336,70.80208333333333,276.23724
26.802083333333336,70.90208333333334,273.24677
26.802083333333336,71.00208333333333,256.25632
26.802083333333336,71.10208333333333,263.70813
26.802083333333336,71.20208333333333,273.01453
26.802083333333336,71.30208333333333,257.12817
26.802083333333336,71.40208333333334,257.2232
26.802083333333336,71.50208333333333,273.05707
26.802083333333336,71.60208333333333,276.6715
26.802083333333336,71.70208333333333,261.1834
26.802083333333336,71.80208333333333,239.7908
26.802083333333336,71.90208333333334,244.01987
26.802083333333336,72.00208333333333,226.29662
26.802083333333336,72.10208333333333,262.97507
26.802083333333336,72.20208333333333,247.69356
26.802083333333336,72.30208333333333,283.09836
26.802083333333336,72.40208333333334,287.7539
26.802083333333336,72.50208333333333,278.13953
26.802083333333336,72.60208333333333,300.91333
26.802083333333336,72.70208333333333,328.48746
26.802083333333336,72.80208333333333,335.532
26.802083333333336,72.90208333333334,330.57986
26.802083333333336,73.00208333333333,299.28226
26.802083333333336,73.10208333333333,289.59195
26.802083333333336,73.20208333333333,294.49393
26.802083333333336,73.30208333333333,313.7798
26.802083333333336,73.40208333333334,323.55652
26.802083333333336,73.50208333333333,311.5817
26.802083333333336,73.60208333333333,323.34235
26.802083333333336,73.70208333333333,345.1181
26.802083333333336,73.80208333333333,340.32394
26.802083333333336,73.90208333333334,322.94855
26.802083333333336,74.00208333333333,307.7278
26.802083333333336,74.10208333333333,310.4894
26.802083333333336,74.20208333333333,320.99017
26.802083333333336,74.30208333333333,357.35507
26.802083333333336,74.40208333333334,361.38745
26.802083333333336,74.50208333333333,388.14557
26.802083333333336,74.60208333333333,423.62134
26.802083333333336,74.70208333333333,464.1857
26.802083333333336,74.80208333333333,405.8835
26.802083333333336,74.90208333333334,392.57404
26.802083333333336,75.00208333333333,383.57034
26.802083333333336,75.10208333333334,389.31885
26.802083333333336,75.20208333333333,376.59323
26.802083333333336,75.30208333333333,407.5248
26.802083333333336,75.40208333333334,349.3143
26.902083333333334,69.60208333333333,64.91924
26.902083333333334,69.70208333333333,78.24467
26.902083333333334,69.80208333333333,64.692
26.902083333333334,69.90208333333334,75.960045
26.902083333333334,70.00208333333333,82.41907
26.902083333333334,70.10208333333333,94.24449
26.902083333333334,70.20208333333333,114.041824
26.902083333333334,70.30208333333333,130.9548
26.902083333333334,70.40208333333334,157.07773
26.902083333333334,70.50208333333333,182.17383
26.902083333333334,70.60208333333333,199.00409
26.902083333333334,70.70208333333333,196.30605
26.902083333333334,70.80208333333333,203.9308
26.902083333333334,70.90208333333334,231.20915
26.902083333333334,71.00208333333333,260.48276
26.902083333333334,71.10208333333333,205.42853
26.902083333333334,71.20208333333333,235.58386
26.902083333333334,71.30208333333333,202.64804
26.902083333333334,71.40208333333334,232.50978
26.902083333333334,71.50208333333333,235.6252
26.902083333333334,71.60208333333333,246.09671
26.902083333333334,71.70208333333333,236.42511
26.902083333333334,71.80208333333333,244.78969
26.902083333333334,71.90208333333334,242.85933
26.902083333333334,72.00208333333333,242.18231
26.902083333333334,72.10208333333333,261.9504
26.902083333333334,72.20208333333333,252.5104
26.902083333333334,72.30208333333333,261.37555
26.902083333333334,72.40208333333334,270.6584
26.902083333333334,72.50208333333333,297.61777
26.902083333333334,72.60208333333333,315.2744
26.902083333333334,72.70208333333333,314.29443
26.902083333333334,72.80208333333333,312.7269
26.902083333333334,72.90208333333334,311.799
26.902083333333334,73.00208333333333,304.79794
26.902083333333334,73.10208333333333,289.09494
26.902083333333334,73.20208333333333,302.7708
26.902083333333334,73.30208333333333,327.74475
26.902083333333334,73.40208333333334,305.35837
26.902083333333334,73.50208333333333,311.6201
26.902083333333334,73.60208333333333,323.26498
26.902083333333334,73.70208333333333,333.6754
26.902083333333334,73.80208333333333,343.80414
26.902083333333334,73.90208333333334,331.1068
26.902083333333334,74.00208333333333,305.9998
26.902083333333334,74.10208333333333,322.1157
26.902083333333334,74.20208333333333,332.51306
26.902083333333334,74.30208333333333,336.82245
26.902083333333334,74.40208333333334,351.65973
26.902083333333334,74.50208333333333,384.2023
26.902083333333334,74.60208333333333,432.9813
26.902083333333334,74.70208333333333,493.2503
26.902083333333334,74.80208333333333,446.4028
26.902083333333334,74.90208333333334,390.572
26.902083333333334,75.00208333333333,380.80862
26.902083333333334,75.10208333333334,363.72076
26.902083333333334,75.20208333333333,379.16937
26.902083333333334,75.30208333333333,403.79672
26.902083333333334,75.40208333333334,382.9277
27.00208333333333,69.60208333333333,56.175957
27.00208333333333,69.70208333333333,67.87644
27.00208333333333,69.80208333333333,68.31885
27.00208333333333,69.90208333333334,82.97818
27.00208333333333,70.00208333333333,73.695114
27.00208333333333,70.10208333333333,89.044624
27.00208333333333,70.20208333333333,112.324
27.00208333333333,70.30208333333333,146.90422
27.00208333333333,70.40208333333334,160.7273
27.00208333333333,70.50208333333333,199.55049
27.00208333333333,70.60208333333333,205.12498
27.00208333333333,70.70208333333333,187.98276
27.00208333333333,70.80208333333333,165.32178
27.00208333333333,70.90208333333334,211.466
27.00208333333333,71.00208333333333,205.18973
27.00208333333333,71.10208333333333,203.78902
27.00208333333333,71.20208333333333,194.09311
27.00208333333333,71.30208333333333,178.73138
27.00208333333333,71.40208333333334,197.44328
27.00208333333333,71.50208333333333,205.95871
27.00208333333333,71.60208333333333,210.36186
27.00208333333333,71.70208333333333,224.84204
27.00208333333333,71.80208333333333,222.66951
27.00208333333333,71.90208333333334,233.55942
27.00208333333333,72.00208333333333,238.78471
27.00208333333333,72.10208333333333,241.17311
27.00208333333333,72.20208333333333,254.19
27.00208333333333,72.30208333333333,277.65836
27.00208333333333,72.40208333333334,277.67258
27.00208333333333,72.50208333333333,289.45425
27.00208333333333,72.60208333333333,294.5525
27.00208333333333,72.70208333333333,296.6352
27.00208333333333,72.80208333333333,304.5926
27.00208333333333,72.90208333333334,286.46982
27.00208333333333,73.00208333333333,298.66898
27.00208333333333,73.10208333333333,285.442
27.00208333333333,73.20208333333333,301.0515
27.00208333333333,73.30208333333333,310.2192
27.00208333333333,73.40208333333334,296.47836
27.00208333333333,73.50208333333333,309.36502
27.00208333333333,73.60208333333333,324.4543
27.00208333333333,73.70208333333333,314.75928
27.00208333333333,73.80208333333333,339.93283
27.00208333333333,73.90208333333334,324.6423
27.00208333333333,74.00208333333333,303.93814
27.00208333333333,74.10208333333333,308.9884
27.00208333333333,74.20208333333333,339.73248
27.00208333333333,74.30208333333333,349.14755
27.00208333333333,74.40208333333334,351.71484
27.00208333333333,74.50208333333333,366.62634
27.00208333333333,74.60208333333333,394.23
27.00208333333333,74.70208333333333,435.7008
27.00208333333333,74.80208333333333,420.57156
27.00208333333333,74.90208333333334,369.40027
27.00208333333333,75.00208333333333,362.247
27.00208333333333,75.10208333333334,378.10858
27.00208333333333,75.20208333333333,392.43436
27.00208333333333,75.30208333333333,411.3528
27.00208333333333,75.40208333333334,403.08942
27.102083333333333,69.60208333333333,61.262135
27.102083333333333,69.70208333333333,80.039825
27.102083333333333,69.80208333333333,65.62644
27.102083333333333,69.90208333333334,73.42684
27.102083333333333,70.00208333333333,87.450264
27.102083333333333,70.10208333333333,100.38942
27.102083333333333,70.20208333333333,114.3708
27.102083333333333,70.30208333333333,138.758
27.102083333333333,70.40208333333334,173.3252
27.102083333333333,70.50208333333333,204.61458
27.102083333333333,70.60208333333333,211.08128
27.102083333333333,70.70208333333333,211.9188
27.102083333333333,70.80208333333333,175.85773
27.102083333333333,70.90208333333334,170.45097
27.102083333333333,71.00208333333333,165.70592
27.102083333333333,71.10208333333333,179.42618
27.102083333333333,71.20208333333333,165.75764
27.102083333333333,71.30208333333333,167.97253
27.102083333333333,71.40208333333334,180.85728
27.102083333333333,71.50208333333333,192.52205
27.102083333333333,71.60208333333333,199.88205
27.102083333333333,71.70208333333333,220.85236
27.102083333333333,71.80208333333333,235.91844
27.102083333333333,71.90208333333334,231.70338
27.102083333333333,72.00208333333333,237.63458
27.102083333333333,72.10208333333333,247.0208
27.102083333333333,72.20208333333333,244.8232
27.102083333333333,72.30208333333333,260.83252
27.102083333333333,72.40208333333334,246.34164
27.102083333333333,72.50208333333333,276.10205
27.102083333333333,72.60208333333333,258.11783
27.102083333333333,72.70208333333333,268.12366
27.102083333333333,72.80208333333333,295.13693
27.102083333333333,72.90208333333334,296.45013
27.102083333333333,73.00208333333333,296.64014
27.102083333333333,73.10208333333333,299.2888
27.102083333333333,73.20208333333333,294.84903
27.102083333333333,73.30208333333333,300.89767
27.102083333333333,73.40208333333334,317.50272
27.102083333333333,73.50208333333333,316.09985
27.102083333333333,73.60208333333333,302.462
27.102083333333333,73.70208333333333,305.32126
27.102083333333333,73.80208333333333,314.55405
27.102083333333333,73.90208333333334,311.0739
27.102083333333333,74.00208333333333,311.84366
27.102083333333333,74.10208333333333,301.7155
27.102083333333333,74.20208333333333,327.66617
27.102083333333333,74.30208333333333,362.33356
27.102083333333333,74.40208333333334,360.92236
27.102083333333333,74.50208333333333,366.24414
27.102083333333333,74.60208333333333,375.0188
27.102083333333333,74.70208333333333,393.6159
27.102083333333333,74.80208333333333,460.1272
27.102083333333333,74.90208333333334,387.59396
27.102083333333333,75.00208333333333,432.91342
27.102083333333333,75.10208333333334,388.11786
27.102083333333333,75.20208333333333,380.21658
27.102083333333333,75.30208333333333,407.85614
27.102083333333333,75.40208333333334,413.48734
27.202083333333334,69.60208333333333,61.708088
27.202083333333334,69.70208333333333,63.102577
27.202083333333334,69.80208333333333,71.4096
27.202083333333334,69.90208333333334,76.34178
27.202083333333334,70.00208333333333,86.8124
27.202083333333334,70.10208333333333,91.93755
27.202083333333334,70.20208333333333,124.91787
27.202083333333334,70.30208333333333,141.9168
27.202083333333334,70.40208333333334,168.97107
27.202083333333334,70.50208333333333,203.6108
27.202083333333334,70.60208333333333,219.11848
27.202083333333334,70.70208333333333,230.36493
27.202083333333334,70.80208333333333,206.88818
27.202083333333334,70.90208333333334,193.95432
27.202083333333334,71.00208333333333,149.26587
27.202083333333334,71.10208333333333,143.08623
27.202083333333334,71.20208333333333,149.00897
27.202083333333334,71.30208333333333,156.528
27.202083333333334,71.40208333333334,183.55818
27.202083333333334,71.50208333333333,179.134
27.202083333333334,71.60208333333333,194.98222
27.202083333333334,71.70208333333333,217.29431
27.202083333333334,71.80208333333333,228.48244
27.202083333333334,71.90208333333334,238.20943
27.202083333333334,72.00208333333333,255.5492
27.202083333333334,72.10208333333333,257.38763
27.202083333333334,72.20208333333333,259.697
27.202083333333334,72.30208333333333,214.6324
27.202083333333334,72.40208333333334,192.58582
27.202083333333334,72.50208333333333,219.33578
27.202083333333334,72.60208333333333,245.59964
27.202083333333334,72.70208333333333,263.79968
27.202083333333334,72.80208333333333,269.89157
27.202083333333334,72.90208333333334,273.95236
27.202083333333334,73.00208333333333,286.23804
27.202083333333334,73.10208333333333,305.50226
27.202083333333334,73.20208333333333,321.82443
27.202083333333334,73.30208333333333,314.25177
27.202083333333334,73.40208333333334,303.1231
27.202083333333334,73.50208333333333,292.49252
27.202083333333334,73.60208333333333,291.7576
27.202083333333334,73.70208333333333,292.18915
27.202083333333334,73.80208333333333,299.95294
27.202083333333334,73.90208333333334,306.7544
27.202083333333334,74.00208333333333,298.7968
27.202083333333334,74.10208333333333,298.16013
27.202083333333334,74.20208333333333,312.5483
27.202083333333334,74.30208333333333,339.09085
27.202083333333334,74.40208333333334,337.52097
27.202083333333334,74.50208333333333,361.18536
27.202083333333334,74.60208333333333,370.60898
27.202083333333334,74.70208333333333,379.92236
27.202083333333334,74.80208333333333,386.7423
27.202083333333334,74.90208333333334,428.60303
27.202083333333334,75.00208333333333,458.59216
27.202083333333334,75.10208333333334,442.75797
27.202083333333334,75.20208333333333,393.41867
27.202083333333334,75.30208333333333,418.26917
27.202083333333334,75.40208333333334,432.22995
27.302083333333336,69.60208333333333,59.787643
27.302083333333336,69.70208333333333,79.94178
27.302083333333336,69.80208333333333,79.13973
27.302083333333336,69.90208333333334,80.91515
27.302083333333336,70.00208333333333,82.04675
27.302083333333336,70.10208333333333,97.4472
27.302083333333336,70.20208333333333,115.50791
27.302083333333336,70.30208333333333,120.38506
27.302083333333336,70.40208333333334,150.31334
27.302083333333336,70.50208333333333,169.97427
27.302083333333336,70.60208333333333,188.24928
27.302083333333336,70.70208333333333,198.6453
27.302083333333336,70.80208333333333,178.99405
27.302083333333336,70.90208333333334,172.66672
27.302083333333336,71.00208333333333,152.17316
27.302083333333336,71.10208333333333,152.06769
27.302083333333336,71.20208333333333,157.88107
27.302083333333336,71.30208333333333,154.19102
27.302083333333336,71.40208333333334,165.86325
27.302083333333336,71.50208333333333,163.2676
27.302083333333336,71.60208333333333,179.11018
27.302083333333336,71.70208333333333,198.00537
27.302083333333336,71.80208333333333,213.43231
27.302083333333336,71.90208333333334,223.18498
27.302083333333336,72.00208333333333,232.52728
27.302083333333336,72.10208333333333,237.04845
27.302083333333336,72.20208333333333,229.056
27.302083333333336,72.30208333333333,205.69244
27.302083333333336,72.40208333333334,188.40791
27.302083333333336,72.50208333333333,216.5745
27.302083333333336,72.60208333333333,228.29817
27.302083333333336,72.70208333333333,243.43115
27.302083333333336,72.80208333333333,252.74289
27.302083333333336,72.90208333333334,270.64093
27.302083333333336,73.00208333333333,284.8402
27.302083333333336,73.10208333333333,293.8886
27.302083333333336,73.20208333333333,304.00897
27.302083333333336,73.30208333333333,298.91013
27.302083333333336,73.40208333333334,308.78137
27.302083333333336,73.50208333333333,309.28748
27.302083333333336,73.60208333333333,293.15057
27.302083333333336,73.70208333333333,280.4288
27.302083333333336,73.80208333333333,289.90234
27.302083333333336,73.90208333333334,297.77524
27.302083333333336,74.00208333333333,297.97592
27.302083333333336,74.10208333333333,294.24072
27.302083333333336,74.20208333333333,297.74915
27.302083333333336,74.30208333333333,306.4328
27.302083333333336,74.40208333333334,326.97354
27.302083333333336,74.50208333333333,348.7353
27.302083333333336,74.60208333333333,361.9632
27.302083333333336,74.70208333333333,377.82507
27.302083333333336,74.80208333333333,394.71054
27.302083333333336,74.90208333333334,411.5112
27.302083333333336,75.00208333333333,456.22302
27.302083333333336,75.10208333333334,449.7416
27.302083333333336,75.20208333333333,442.83942
27.302083333333336,75.30208333333333,421.4062
27.302083333333336,75.40208333333334,460.03934
27.402083333333334,69.60208333333333,73.06635
27.402083333333334,69.70208333333333,82.55666
27.402083333333334,69.80208333333333,73.12386
27.402083333333334,69.90208333333334,70.7196
27.402083333333334,70.00208333333333,82.866
27.402083333333334,70.10208333333333,100.838715
27.402083333333334,70.20208333333333,112.91271
27.402083333333334,70.30208333333333,114.44427
27.402083333333334,70.40208333333334,126.87235
27.402083333333334,70.50208333333333,146.69128
27.402083333333334,70.60208333333333,160.01845
27.402083333333334,70.70208333333333,157.05898
27.402083333333334,70.80208333333333,151.19897
27.402083333333334,70.90208333333334,138.7757
27.402083333333334,71.00208333333333,134.50734
27.402083333333334,71.10208333333333,139.70418
27.402083333333334,71.20208333333333,170.16316
27.402083333333334,71.30208333333333,168.77689
27.402083333333334,71.40208333333334,141.09734
27.402083333333334,71.50208333333333,148.79057
27.402083333333334,71.60208333333333,185.0568
27.402083333333334,71.70208333333333,181.83377
27.402083333333334,71.80208333333333,192.37729
27.402083333333334,71.90208333333334,197.85587
27.402083333333334,72.00208333333333,198.43315
27.402083333333334,72.10208333333333,214.08644
27.402083333333334,72.20208333333333,211.93045
27.402083333333334,72.30208333333333,191.59743
27.402083333333334,72.40208333333334,200.42467
27.402083333333334,72.50208333333333,211.4056
27.402083333333334,72.60208333333333,233.71552
27.402083333333334,72.70208333333333,238.6056
27.402083333333334,72.80208333333333,255.81796
27.402083333333334,72.90208333333334,272.65308
27.402083333333334,73.00208333333333,293.07535
27.402083333333334,73.10208333333333,298.44223
27.402083333333334,73.20208333333333,306.74515
27.402083333333334,73.30208333333333,307.8878
27.402083333333334,73.40208333333334,317.94907
27.402083333333334,73.50208333333333,306.42123
27.402083333333334,73.60208333333333,287.40503
27.402083333333334,73.70208333333333,288.9223
27.402083333333334,73.80208333333333,288.13885
27.402083333333334,73.90208333333334,296.34787
27.402083333333334,74.00208333333333,300.27707
27.402083333333334,74.10208333333333,300.1014
27.402083333333334,74.20208333333333,308.42844
27.402083333333334,74.30208333333333,321.4948
27.402083333333334,74.40208333333334,317.4285
27.402083333333334,74.50208333333333,335.0297
27.402083333333334,74.60208333333333,340.3613
27.402083333333334,74.70208333333333,363.19144
27.402083333333334,74.80208333333333,388.02454
27.402083333333334,74.90208333333334,414.29138
27.402083333333334,75.00208333333333,441.41644
27.402083333333334,75.10208333333334,480.55212
27.402083333333334,75.20208333333333,445.76785
27.402083333333334,75.30208333333333,446.33258
27.402083333333334,75.40208333333334,467.96414
27.50208333333333,69.60208333333333,58.687466
27.50208333333333,69.70208333333333,71.22733
27.50208333333333,69.80208333333333,67.680176
27.50208333333333,69.90208333333334,91.41209
27.50208333333333,70.00208333333333,92.132355
27.50208333333333,70.10208333333333,96.94129
27.50208333333333,70.20208333333333,104.912
27.50208333333333,70.30208333333333,115.70649
27.50208333333333,70.40208333333334,128.11423
27.50208333333333,70.50208333333333,126.2112
27.50208333333333,70.60208333333333,131.00346
27.50208333333333,70.70208333333333,128.01645
27.50208333333333,70.80208333333333,126.93142
27.50208333333333,70.90208333333334,129.20244
27.50208333333333,71.00208333333333,123.97711
27.50208333333333,71.10208333333333,122.34809
27.50208333333333,71.20208333333333,130.68204
27.50208333333333,71.30208333333333,147.40845
27.50208333333333,71.40208333333334,148.75867
27.50208333333333,71.50208333333333,165.41942
27.50208333333333,71.60208333333333,160.70187
27.50208333333333,71.70208333333333,155.54866
27.50208333333333,71.80208333333333,159.33858
27.50208333333333,71.90208333333334,184.8924
27.50208333333333,72.00208333333333,181.91249
27.50208333333333,72.10208333333333,191.09293
27.50208333333333,72.20208333333333,183.04085
27.50208333333333,72.30208333333333,179.21173
27.50208333333333,72.40208333333334,186.67845
27.50208333333333,72.50208333333333,196.29457
27.50208333333333,72.60208333333333,222.4631
27.50208333333333,72.70208333333333,234.78773
27.50208333333333,72.80208333333333,257.37698
27.50208333333333,72.90208333333334,267.68
27.50208333333333,73.00208333333333,279.1713
27.50208333333333,73.10208333333333,290.1162
27.50208333333333,73.20208333333333,301.9505
27.50208333333333,73.30208333333333,322.83743
27.50208333333333,73.40208333333334,311.04266
27.50208333333333,73.50208333333333,315.1612
27.50208333333333,73.60208333333333,307.55386
27.50208333333333,73.70208333333333,303.19855
27.50208333333333,73.80208333333333,307.87057
27.50208333333333,73.90208333333334,306.54736
27.50208333333333,74.00208333333333,309.15054
27.50208333333333,74.10208333333333,327.16135
27.50208333333333,74.20208333333333,319.7412
27.50208333333333,74.30208333333333,327.86316
27.50208333333333,74.40208333333334,329.57596
27.50208333333333,74.50208333333333,334.0413
27.50208333333333,74.60208333333333,338.21783
27.50208333333333,74.70208333333333,353.11502
27.50208333333333,74.80208333333333,371.45648
27.50208333333333,74.90208333333334,396.9703
27.50208333333333,75.00208333333333,431.04025
27.50208333333333,75.10208333333334,474.45264
27.50208333333333,75.20208333333333,482.52844
27.50208333333333,75.30208333333333,481.40497
27.50208333333333,75.40208333333334,492.4317
27.602083333333333,69.60208333333333,65.483246
27.602083333333333,69.70208333333333,74.57889
27.602083333333333,69.80208333333333,74.39991
27.602083333333333,69.90208333333334,72.29209
27.602083333333333,70.00208333333333,98.072975
27.602083333333333,70.10208333333333,91.51111
27.602083333333333,70.20208333333333,108.27084
27.602083333333333,70.30208333333333,123.145424
27.602083333333333,70.40208333333334,125.12818
27.602083333333333,70.50208333333333,123.778175
27.602083333333333,70.60208333333333,130.13365
27.602083333333333,70.70208333333333,128.72835
27.602083333333333,70.80208333333333,127.66756
27.602083333333333,70.90208333333334,124.59231
27.602083333333333,71.00208333333333,120.889824
27.602083333333333,71.10208333333333,115.48587
27.602083333333333,71.20208333333333,114.26471
27.602083333333333,71.30208333333333,127.166534
27.602083333333333,71.40208333333334,142.90417
27.602083333333333,71.50208333333333,137.03929
27.602083333333333,71.60208333333333,150.2624
27.602083333333333,71.70208333333333,144.61107
27.602083333333333,71.80208333333333,144.78462
27.602083333333333,71.90208333333334,160.40276
27.602083333333333,72.00208333333333,173.30463
27.602083333333333,72.10208333333333,172.37067
27.602083333333333,72.20208333333333,173.16537
27.602083333333333,72.30208333333333,196.3449
27.602083333333333,72.40208333333334,199.04413
27.602083333333333,72.50208333333333,212.26845
27.602083333333333,72.60208333333333,227.36765
27.602083333333333,72.70208333333333,237.11888
27.602083333333333,72.80208333333333,264.64743
27.602083333333333,72.90208333333334,274.43405
27.602083333333333,73.00208333333333,282.8224
27.602083333333333,73.10208333333333,294.02866
27.602083333333333,73.20208333333333,317.1655
27.602083333333333,73.30208333333333,319.67328
27.602083333333333,73.40208333333334,329.45102
27.602083333333333,73.50208333333333,308.92685
27.602083333333333,73.60208333333333,312.32788
27.602083333333333,73.70208333333333,313.88876
27.602083333333333,73.80208333333333,312.0552
27.602083333333333,73.90208333333334,315.48413
27.602083333333333,74.00208333333333,313.60083
27.602083333333333,74.10208333333333,331.61026
27.602083333333333,74.20208333333333,328.61066
27.602083333333333,74.30208333333333,345.5549
27.602083333333333,74.40208333333334,333.59857
27.602083333333333,74.50208333333333,319.19305
27.602083333333333,74.60208333333333,330.49326
27.602083333333333,74.70208333333333,343.46942
27.602083333333333,74.80208333333333,359.732
27.602083333333333,74.90208333333334,380.5039
27.602083333333333,75.00208333333333,397.64716
27.602083333333333,75.10208333333334,425.0006
27.602083333333333,75.20208333333333,449.9297
27.602083333333333,75.30208333333333,545.5264
27.602083333333333,75.40208333333334,516.17834
27.702083333333334,69.60208333333333,75.68098
27.702083333333334,69.70208333333333,67.114975
27.702083333333334,69.80208333333333,68.07938
27.702083333333334,69.90208333333334,68.34089
27.702083333333334,70.00208333333333,99.7052
27.702083333333334,70.10208333333333,79.97502
27.702083333333334,70.20208333333333,114.73009
27.702083333333334,70.30208333333333,116.97582
27.702083333333334,70.40208333333334,136.04294
27.702083333333334,70.50208333333333,123.08818
27.702083333333334,70.60208333333333,150.49284
27.702083333333334,70.70208333333333,131.26253
27.702083333333334,70.80208333333333,132.52826
27.702083333333334,70.90208333333334,131.81058
27.702083333333334,71.00208333333333,120.81089
27.702083333333334,71.10208333333333,115.2248
27.702083333333334,71.20208333333333,112.10862
27.702083333333334,71.30208333333333,111.14876
27.702083333333334,71.40208333333334,121.631065
27.702083333333334,71.50208333333333,123.52462
27.702083333333334,71.60208333333333,127.32631
27.702083333333334,71.70208333333333,131.5576
27.702083333333334,71.80208333333333,146.25049
27.702083333333334,71.90208333333334,141.48831
27.702083333333334,72.00208333333333,153.96413
27.702083333333334,72.10208333333333,173.26724
27.702083333333334,72.20208333333333,175.91307
27.702083333333334,72.30208333333333,178.62991
27.702083333333334,72.40208333333334,187.36337
27.702083333333334,72.50208333333333,213.0712
27.702083333333334,72.60208333333333,223.0596
27.702083333333334,72.70208333333333,245.57724
27.702083333333334,72.80208333333333,274.36328
27.702083333333334,72.90208333333334,294.54742
27.702083333333334,73.00208333333333,304.81985
27.702083333333334,73.10208333333333,309.13586
27.702083333333334,73.20208333333333,285.8135
27.702083333333334,73.30208333333333,279.1459
27.702083333333334,73.40208333333334,286.21497
27.702083333333334,73.50208333333333,289.90756
27.702083333333334,73.60208333333333,298.9752
27.702083333333334,73.70208333333333,310.13495
27.702083333333334,73.80208333333333,310.2537
27.702083333333334,73.90208333333334,328.49496
27.702083333333334,74.00208333333333,323.99768
27.702083333333334,74.10208333333333,315.64062
27.702083333333334,74.20208333333333,330.0656
27.702083333333334,74.30208333333333,343.93094
27.702083333333334,74.40208333333334,322.43582
27.702083333333334,74.50208333333333,320.77866
27.702083333333334,74.60208333333333,330.14688
27.702083333333334,74.70208333333333,339.39743
27.702083333333334,74.80208333333333,349.076
27.702083333333334,74.90208333333334,368.42618
27.702083333333334,75.00208333333333,381.02618
27.702083333333334,75.10208333333334,401.94302
27.702083333333334,75.20208333333333,433.5344
27.702083333333334,75.30208333333333,470.414
27.702083333333334,75.40208333333334,452.31204
27.802083333333336,69.60208333333333,68.248
27.802083333333336,69.70208333333333,71.85915
27.802083333333336,69.80208333333333,68.22049
27.802083333333336,69.90208333333334,81.764885
27.802083333333336,70.00208333333333,79.35369
27.802083333333336,70.10208333333333,83.60218
27.802083333333336,70.20208333333333,95.546844
27.802083333333336,70.30208333333333,108.550575
27.802083333333336,70.40208333333334,108.0816
27.802083333333336,70.50208333333333,134.60751
27.802083333333336,70.60208333333333,121.17693
27.802083333333336,70.70208333333333,127.53738
27.802083333333336,70.80208333333333,139.24947
27.802083333333336,70.90208333333334,137.61671
27.802083333333336,71.00208333333333,121.72711
27.802083333333336,71.10208333333333,120.8788
27.802083333333336,71.20208333333333,111.62071
27.802083333333336,71.30208333333333,108.96542
27.802083333333336,71.40208333333334,111.22115
27.802083333333336,71.50208333333333,116.68316
27.802083333333336,71.60208333333333,125.900314
27.802083333333336,71.70208333333333,131.33209
27.802083333333336,71.80208333333333,137.9331
27.802083333333336,71.90208333333334,137.84195
27.802083333333336,72.00208333333333,145.1
27.802083333333336,72.10208333333333,158.95457
27.802083333333336,72.20208333333333,160.14125
27.802083333333336,72.30208333333333,165.53848
27.802083333333336,72.40208333333334,181.50569
27.802083333333336,72.50208333333333,193.98866
27.802083333333336,72.60208333333333,192.3449
27.802083333333336,72.70208333333333,216.15173
27.802083333333336,72.80208333333333,230.7652
27.802083333333336,72.90208333333334,245.15582
27.802083333333336,73.00208333333333,258.12527
27.802083333333336,73.10208333333333,286.80515
27.802083333333336,73.20208333333333,271.27667
27.802083333333336,73.30208333333333,277.75455
27.802083333333336,73.40208333333334,287.00662
27.802083333333336,73.50208333333333,287.08914
27.802083333333336,73.60208333333333,296.0927
27.802083333333336,73.70208333333333,297.36343
27.802083333333336,73.80208333333333,309.31866
27.802083333333336,73.90208333333334,317.622
27.802083333333336,74.00208333333333,318.48587
27.802083333333336,74.10208333333333,318.48517
27.802083333333336,74.20208333333333,313.26587
27.802083333333336,74.30208333333333,324.79965
27.802083333333336,74.40208333333334,308.32614
27.802083333333336,74.50208333333333,320.1977
27.802083333333336,74.60208333333333,342.54462
27.802083333333336,74.70208333333333,332.63428
27.802083333333336,74.80208333333333,337.69806
27.802083333333336,74.90208333333334,348.3689
27.802083333333336,75.00208333333333,359.9708
27.802083333333336,75.10208333333334,378.2062
27.802083333333336,75.20208333333333,398.08133
27.802083333333336,75.30208333333333,410.5639
27.802083333333336,75.40208333333334,419.4037
27.902083333333334,69.60208333333333,68.59045
27.902083333333334,69.70208333333333,71.03049
27.902083333333334,69.80208333333333,71.55929
27.902083333333334,69.90208333333334,71.3604
27.902083333333334,70.00208333333333,74.0128
27.902083333333334,70.10208333333333,76.90022
27.902083333333334,70.20208333333333,95.14653
27.902083333333334,70.30208333333333,87.84009
27.902083333333334,70.40208333333334,122.3236
27.902083333333334,70.50208333333333,97.25066
27.902083333333334,70.60208333333333,113.02889
27.902083333333334,70.70208333333333,128.12982
27.902083333333334,70.80208333333333,113.411514
27.902083333333334,70.90208333333334,109.49102
27.902083333333334,71.00208333333333,140.19872
27.902083333333334,71.10208333333333,122.7564
27.902083333333334,71.20208333333333,103.457375
27.902083333333334,71.30208333333333,116.009026
27.902083333333334,71.40208333333334,106.39804
27.902083333333334,71.50208333333333,109.524666
27.902083333333334,71.60208333333333,116.910576
27.902083333333334,71.70208333333333,123.08938
27.902083333333334,71.80208333333333,146.02684
27.902083333333334,71.90208333333334,138.992
27.902083333333334,72.00208333333333,152.08328
27.902083333333334,72.10208333333333,156.47346
27.902083333333334,72.20208333333333,151.07382
27.902083333333334,72.30208333333333,151.92693
27.902083333333334,72.40208333333334,164.7257
27.902083333333334,72.50208333333333,172.43471
27.902083333333334,72.60208333333333,184.43596
27.902083333333334,72.70208333333333,207.76248
27.902083333333334,72.80208333333333,232.2468
27.902083333333334,72.90208333333334,240.30258
27.902083333333334,73.00208333333333,248.42413
27.902083333333334,73.10208333333333,233.48987
27.902083333333334,73.20208333333333,245.60742
27.902083333333334,73.30208333333333,248.32294
27.902083333333334,73.40208333333334,243.45627
27.902083333333334,73.50208333333333,265.51132
27.902083333333334,73.60208333333333,275.3886
27.902083333333334,73.70208333333333,279.24112
27.902083333333334,73.80208333333333,287.59543
27.902083333333334,73.90208333333334,305.81516
27.902083333333334,74.00208333333333,309.07306
27.902083333333334,74.10208333333333,309.50067
27.902083333333334,74.20208333333333,310.58197
27.902083333333334,74.30208333333333,300.69147
27.902083333333334,74.40208333333334,320.91397
27.902083333333334,74.50208333333333,337.50867
27.902083333333334,74.60208333333333,321.08368
27.902083333333334,74.70208333333333,324.02396
27.902083333333334,74.80208333333333,330.5704
27.902083333333334,74.90208333333334,334.35925
27.902083333333334,75.00208333333333,346.8591
27.902083333333334,75.10208333333334,354.26483
27.902083333333334,75.20208333333333,365.32428
27.902083333333334,75.30208333333333,381.11148
27.902083333333334,75.40208333333334,389.9847
28.00208333333333,69.60208333333333,70.83222
28.00208333333333,69.70208333333333,71.36871
28.00208333333333,69.80208333333333,76.54382
28.00208333333333,69.90208333333334,76.05218
28.00208333333333,70.00208333333333,72.47236
28.00208333333333,70.10208333333333,93.343864
28.00208333333333,70.20208333333333,81.852715
28.00208333333333,70.30208333333333,92.42942
28.00208333333333,70.40208333333334,90.77609
28.00208333333333,70.50208333333333,102.60453
28.00208333333333,70.60208333333333,93.00266
28.00208333333333,70.70208333333333,112.166626
28.00208333333333,70.80208333333333,94.31067
28.00208333333333,70.90208333333334,109.44378
28.00208333333333,71.00208333333333,109.25698
28.00208333333333,71.10208333333333,122.99347
28.00208333333333,71.20208333333333,128.338
28.00208333333333,71.30208333333333,118.2688
28.00208333333333,71.40208333333334,104.60911
28.00208333333333,71.50208333333333,105.38898
28.00208333333333,71.60208333333333,113.64129
28.00208333333333,71.70208333333333,118.73356
28.00208333333333,71.80208333333333,134.41516
28.00208333333333,71.90208333333334,121.022446
28.00208333333333,72.00208333333333,145.39546
28.00208333333333,72.10208333333333,137.36102
28.00208333333333,72.20208333333333,153.00876
28.00208333333333,72.30208333333333,153.2573
28.00208333333333,72.40208333333334,158.02876
28.00208333333333,72.50208333333333,164.05498
28.00208333333333,72.60208333333333,171.70964
28.00208333333333,72.70208333333333,184.63115
28.00208333333333,72.80208333333333,193.2911
28.00208333333333,72.90208333333334,232.7915
28.00208333333333,73.00208333333333,226.64267
28.00208333333333,73.10208333333333,215.65933
28.00208333333333,73.20208333333333,213.86072
28.00208333333333,73.30208333333333,224.87195
28.00208333333333,73.40208333333334,208.20996
28.00208333333333,73.50208333333333,218.77493
28.00208333333333,73.60208333333333,236.56778
28.00208333333333,73.70208333333333,253.8792
28.00208333333333,73.80208333333333,275.63693
28.00208333333333,73.90208333333334,279.9883
28.00208333333333,74.00208333333333,297.146
28.00208333333333,74.10208333333333,302.45523
28.00208333333333,74.20208333333333,310.29413
28.00208333333333,74.30208333333333,307.16855
28.00208333333333,74.40208333333334,306.74695
28.00208333333333,74.50208333333333,323.21777
28.00208333333333,74.60208333333333,320.69644
28.00208333333333,74.70208333333333,318.34506
28.00208333333333,74.80208333333333,322.58017
28.00208333333333,74.90208333333334,326.10226
28.00208333333333,75.00208333333333,328.6276
28.00208333333333,75.10208333333334,340.2212
28.00208333333333,75.20208333333333,345.41345
28.00208333333333,75.30208333333333,363.79987
28.00208333333333,75.40208333333334,361.79974
28.102083333333333,69.60208333333333,71.25929
28.102083333333333,69.70208333333333,71.34702
28.102083333333333,69.80208333333333,73.00222
28.102083333333333,69.90208333333334,74.38338
28.102083333333333,70.00208333333333,75.03169
28.102083333333333,70.10208333333333,76.352936
28.102083333333333,70.20208333333333,76.22551
28.102083333333333,70.30208333333333,80.01062
28.102083333333333,70.40208333333334,92.2948
28.102083333333333,70.50208333333333,88.51933
28.102083333333333,70.60208333333333,97.27866
28.102083333333333,70.70208333333333,99.770134
28.102083333333333,70.80208333333333,93.29049
28.102083333333333,70.90208333333334,108.28204
28.102083333333333,71.00208333333333,111.47315
28.102083333333333,71.10208333333333,102.185555
28.102083333333333,71.20208333333333,111.55653
28.102083333333333,71.30208333333333,106.99302
28.102083333333333,71.40208333333334,126.956535
28.102083333333333,71.50208333333333,106.97649
28.102083333333333,71.60208333333333,105.30653
28.102083333333333,71.70208333333333,110.296265
28.102083333333333,71.80208333333333,117.43316
28.102083333333333,71.90208333333334,121.41613
28.102083333333333,72.00208333333333,134.5093
28.102083333333333,72.10208333333333,148.49062
28.102083333333333,72.20208333333333,126.84191
28.102083333333333,72.30208333333333,134.90396
28.102083333333333,72.40208333333334,142.9212
28.102083333333333,72.50208333333333,154.60565
28.102083333333333,72.60208333333333,164.76657
28.102083333333333,72.70208333333333,179.08946
28.102083333333333,72.80208333333333,179.92538
28.102083333333333,72.90208333333334,186.28088
28.102083333333333,73.00208333333333,196.92853
28.102083333333333,73.10208333333333,203.98889
28.102083333333333,73.20208333333333,212.30391
28.102083333333333,73.30208333333333,224.0487
28.102083333333333,73.40208333333334,224.66177
28.102083333333333,73.50208333333333,221.70035
28.102083333333333,73.60208333333333,227.67084
28.102083333333333,73.70208333333333,232.9456
28.102083333333333,73.80208333333333,244.02368
28.102083333333333,73.90208333333334,272.59564
28.102083333333333,74.00208333333333,273.57324
28.102083333333333,74.10208333333333,270.51422
28.102083333333333,74.20208333333333,285.91763
28.102083333333333,74.30208333333333,301.1455
28.102083333333333,74.40208333333334,307.1162
28.102083333333333,74.50208333333333,303.35696
28.102083333333333,74.60208333333333,311.77347
28.102083333333333,74.70208333333333,309.30023
28.102083333333333,74.80208333333333,310.60336
28.102083333333333,74.90208333333334,324.5275
28.102083333333333,75.00208333333333,323.83627
28.102083333333333,75.10208333333334,320.22845
28.102083333333333,75.20208333333333,323.59943
28.102083333333333,75.30208333333333,330.9416
28.102083333333333,75.40208333333334,337.1456
28.202083333333334,69.60208333333333,73.54769
28.202083333333334,69.70208333333333,73.17511
28.202083333333334,69.80208333333333,74.018486
28.202083333333334,69.90208333333334,74.84605
28.202083333333334,70.00208333333333,75.52995
28.202083333333334,70.10208333333333,76.5044
28.202083333333334,70.20208333333333,77.39876
28.202083333333334,70.30208333333333,86.033775
28.202083333333334,70.40208333333334,80.15916
28.202083333333334,70.50208333333333,81.27685
28.202083333333334,70.60208333333333,92.77075
28.202083333333334,70.70208333333333,100.31805
28.202083333333334,70.80208333333333,100.47395
28.202083333333334,70.90208333333334,105.772
28.202083333333334,71.00208333333333,102.887955
28.202083333333334,71.10208333333333,114.35693
28.202083333333334,71.20208333333333,112.64524
28.202083333333334,71.30208333333333,118.0312
28.202083333333334,71.40208333333334,107.74476
28.202083333333334,71.50208333333333,101.62658
28.202083333333334,71.60208333333333,111.54747
28.202083333333334,71.70208333333333,115.969826
28.202083333333334,71.80208333333333,114.57107
28.202083333333334,71.90208333333334,114.55715
28.202083333333334,72.00208333333333,125.01205
28.202083333333334,72.10208333333333,126.314575
28.202083333333334,72.20208333333333,119.668045
28.202083333333334,72.30208333333333,131.64702
28.202083333333334,72.40208333333334,158.71524
28.202083333333334,72.50208333333333,145.7687
28.202083333333334,72.60208333333333,162.86472
28.202083333333334,72.70208333333333,162.794
28.202083333333334,72.80208333333333,173.23676
28.202083333333334,72.90208333333334,178.54298
28.202083333333334,73.00208333333333,182.67827
28.202083333333334,73.10208333333333,176.7668
28.202083333333334,73.20208333333333,180.36307
28.202083333333334,73.30208333333333,191.79018
28.202083333333334,73.40208333333334,205.79938
28.202083333333334,73.50208333333333,208.32951
28.202083333333334,73.60208333333333,220.11333
28.202083333333334,73.70208333333333,221.36623
28.202083333333334,73.80208333333333,231.20822
28.202083333333334,73.90208333333334,240.19751
28.202083333333334,74.00208333333333,255.86249
28.202083333333334,74.10208333333333,254.34511
28.202083333333334,74.20208333333333,261.82965
28.202083333333334,74.30208333333333,276.71405
28.202083333333334,74.40208333333334,293.438
28.202083333333334,74.50208333333333,307.84366
28.202083333333334,74.60208333333333,295.22723
28.202083333333334,74.70208333333333,304.40326
28.202083333333334,74.80208333333333,312.80154
28.202083333333334,74.90208333333334,302.78207
28.202083333333334,75.00208333333333,300.83392
28.202083333333334,75.10208333333334,304.2835
28.202083333333334,75.20208333333333,306.53372
28.202083333333334,75.30208333333333,310.35175
28.202083333333334,75.40208333333334,311.4339
28.302083333333336,69.60208333333333,71.5
28.302083333333336,69.70208333333333,77.11853
28.302083333333336,69.80208333333333,77.18649
28.302083333333336,69.90208333333334,76.946846
28.302083333333336,70.00208333333333,76.36511
28.302083333333336,70.10208333333333,78.054535
28.302083333333336,70.20208333333333,79.59644
28.302083333333336,70.30208333333333,79.138756
28.302083333333336,70.40208333333334,101.044975
28.302083333333336,70.50208333333333,81.81
28.302083333333336,70.60208333333333,93.771065
28.302083333333336,70.70208333333333,95.89653
28.302083333333336,70.80208333333333,91.26836
28.302083333333336,70.90208333333334,97.001686
28.302083333333336,71.00208333333333,106.72178
28.302083333333336,71.10208333333333,101.38431
28.302083333333336,71.20208333333333,101.51716
28.302083333333336,71.30208333333333,112.45929
28.302083333333336,71.40208333333334,103.88627
28.302083333333336,71.50208333333333,111.088
28.302083333333336,71.60208333333333,112.79298
28.302083333333336,71.70208333333333,111.097336
28.302083333333336,71.80208333333333,110.72969
28.302083333333336,71.90208333333334,113.07098
28.302083333333336,72.00208333333333,111.436844
28.302083333333336,72.10208333333333,113.16009
28.302083333333336,72.20208333333333,127.654976
28.302083333333336,72.30208333333333,132.24133
28.302083333333336,72.40208333333334,138.67671
28.302083333333336,72.50208333333333,141.79169
28.302083333333336,72.60208333333333,152.03516
28.302083333333336,72.70208333333333,162.34138
28.302083333333336,72.80208333333333,169.73943
28.302083333333336,72.90208333333334,176.36423
28.302083333333336,73.00208333333333,179.3308
28.302083333333336,73.10208333333333,183.07222
28.302083333333336,73.20208333333333,190.18045
28.302083333333336,73.30208333333333,193.95253
28.302083333333336,73.40208333333334,190.38124
28.302083333333336,73.50208333333333,196.35205
28.302083333333336,73.60208333333333,202.41577
28.302083333333336,73.70208333333333,206.65129
28.302083333333336,73.80208333333333,210.9708
28.302083333333336,73.90208333333334,222.75783
28.302083333333336,74.00208333333333,229.56244
28.302083333333336,74.10208333333333,239.35422
28.302083333333336,74.20208333333333,242.5284
28.302083333333336,74.30208333333333,252.29343
28.302083333333336,74.40208333333334,271.8927
28.302083333333336,74.50208333333333,281.81873
28.302083333333336,74.60208333333333,281.9583
28.302083333333336,74.70208333333333,290.8331
28.302083333333336,74.80208333333333,287.3651
28.302083333333336,74.90208333333334,285.7081
28.302083333333336,75.00208333333333,293.48752
28.302083333333336,75.10208333333334,295.27026
28.302083333333336,75.20208333333333,290.98587
28.302083333333336,75.30208333333333,290.63672
28.302083333333336,75.40208333333334,293.73413
28.402083333333334,69.60208333333333,76.9968
28.402083333333334,69.70208333333333,72.51218
28.402083333333334,69.80208333333333,78.27671
28.402083333333334,69.90208333333334,79.024445
28.402083333333334,70.00208333333333,78.26729
28.402083333333334,70.10208333333333,79.24289
28.402083333333334,70.20208333333333,80.974625
28.402083333333334,70.30208333333333,81.91276
28.402083333333334,70.40208333333334,81.43475
28.402083333333334,70.50208333333333,84.26987
28.402083333333334,70.60208333333333,83.61947
28.402083333333334,70.70208333333333,88.46755
28.402083333333334,70.80208333333333,91.07085
28.402083333333334,70.90208333333334,95.65911
28.402083333333334,71.00208333333333,97.98707
28.402083333333334,71.10208333333333,98.63956
28.402083333333334,71.20208333333333,104.64831
28.402083333333334,71.30208333333333,106.58156
28.402083333333334,71.40208333333334,107.20893
28.402083333333334,71.50208333333333,115.30689
28.402083333333334,71.60208333333333,114.54925
28.402083333333334,71.70208333333333,111.78111
28.402083333333334,71.80208333333333,119.7912
28.402083333333334,71.90208333333334,115.40414
28.402083333333334,72.00208333333333,121.95267
28.402083333333334,72.10208333333333,121.03627
28.402083333333334,72.20208333333333,123.80111
28.402083333333334,72.30208333333333,121.97587
28.402083333333334,72.40208333333334,119.43195
28.402083333333334,72.50208333333333,137.79266
28.402083333333334,72.60208333333333,145.88475
28.402083333333334,72.70208333333333,152.6464
28.402083333333334,72.80208333333333,167.0812
28.402083333333334,72.90208333333334,173.63672
28.402083333333334,73.00208333333333,177.18622
28.402083333333334,73.10208333333333,192.08272
28.402083333333334,73.20208333333333,203.50005
28.402083333333334,73.30208333333333,205.10289
28.402083333333334,73.40208333333334,214.68573
28.402083333333334,73.50208333333333,209.16275
28.402083333333334,73.60208333333333,197.22458
28.402083333333334,73.70208333333333,218.45097
28.402083333333334,73.80208333333333,226.52142
28.402083333333334,73.90208333333334,217.82431
28.402083333333334,74.00208333333333,229.70622
28.402083333333334,74.10208333333333,230.88022
28.402083333333334,74.20208333333333,237.3328
28.402083333333334,74.30208333333333,237.23276
28.402083333333334,74.40208333333334,266.54477
28.402083333333334,74.50208333333333,257.39627
28.402083333333334,74.60208333333333,267.74094
28.402083333333334,74.70208333333333,269.3819
28.402083333333334,74.80208333333333,273.00226
28.402083333333334,74.90208333333334,274.46017
28.402083333333334,75.00208333333333,282.1074
28.402083333333334,75.10208333333334,279.8141
28.402083333333334,75.20208333333333,276.31366
28.402083333333334,75.30208333333333,277.90054
28.402083333333334,75.40208333333334,276.0432
28.50208333333333,69.60208333333333,79.041466
28.50208333333333,69.70208333333333,84.84853
28.50208333333333,69.80208333333333,79.70142
28.50208333333333,69.90208333333334,81.55427
28.50208333333333,70.00208333333333,81.92671
28.50208333333333,70.10208333333333,81.90111
28.50208333333333,70.20208333333333,82.3252
28.50208333333333,70.30208333333333,84.25582
28.50208333333333,70.40208333333334,84.26373
28.50208333333333,70.50208333333333,83.34493
28.50208333333333,70.60208333333333,84.2612
28.50208333333333,70.70208333333333,86.68818
28.50208333333333,70.80208333333333,98.156975
28.50208333333333,70.90208333333334,92.09102
28.50208333333333,71.00208333333333,94.13969
28.50208333333333,71.10208333333333,98.93369
28.50208333333333,71.20208333333333,106.38973
28.50208333333333,71.30208333333333,103.22658
28.50208333333333,71.40208333333334,105.36222
28.50208333333333,71.50208333333333,116.98164
28.50208333333333,71.60208333333333,109.68738
28.50208333333333,71.70208333333333,117.907776
28.50208333333333,71.80208333333333,124.38809
28.50208333333333,71.90208333333334,125.0804
28.50208333333333,72.00208333333333,121.8316
28.50208333333333,72.10208333333333,117.71294
28.50208333333333,72.20208333333333,122.16636
28.50208333333333,72.30208333333333,118.03502
28.50208333333333,72.40208333333334,134.54826
28.50208333333333,72.50208333333333,132.98947
28.50208333333333,72.60208333333333,131.5532
28.50208333333333,72.70208333333333,147.75632
28.50208333333333,72.80208333333333,159.11916
28.50208333333333,72.90208333333334,164.05467
28.50208333333333,73.00208333333333,172.69511
28.50208333333333,73.10208333333333,191.58755
28.50208333333333,73.20208333333333,197.09088
28.50208333333333,73.30208333333333,206.86249
28.50208333333333,73.40208333333334,209.34996
28.50208333333333,73.50208333333333,211.99529
28.50208333333333,73.60208333333333,213.07605
28.50208333333333,73.70208333333333,199.78716
28.50208333333333,73.80208333333333,199.30244
28.50208333333333,73.90208333333334,208.03458
28.50208333333333,74.00208333333333,216.29698
28.50208333333333,74.10208333333333,229.56609
28.50208333333333,74.20208333333333,219.62485
28.50208333333333,74.30208333333333,225.58347
28.50208333333333,74.40208333333334,236.52151
28.50208333333333,74.50208333333333,249.48943
28.50208333333333,74.60208333333333,247.2592
28.50208333333333,74.70208333333333,256.16107
28.50208333333333,74.80208333333333,252.8236
28.50208333333333,74.90208333333334,257.93
28.50208333333333,75.00208333333333,257.80392
28.50208333333333,75.10208333333334,260.7984
28.50208333333333,75.20208333333333,259.2364
28.50208333333333,75.30208333333333,258.96408
28.50208333333333,75.40208333333334,260.09933
28.602083333333333,69.60208333333333,127.604355
28.602083333333333,69.70208333333333,112.3012
28.602083333333333,69.80208333333333,91.33773
28.602083333333333,69.90208333333334,81.991776
28.602083333333333,70.00208333333333,83.24671
28.602083333333333,70.10208333333333,83.66929
28.602083333333333,70.20208333333333,85.88289
28.602083333333333,70.30208333333333,85.52489
28.602083333333333,70.40208333333334,85.99391
28.602083333333333,70.50208333333333,86.97658
28.602083333333333,70.60208333333333,87.21467
28.602083333333333,70.70208333333333,87.532486
28.602083333333333,70.80208333333333,89.55049
28.602083333333333,70.90208333333334,93.4288
28.602083333333333,71.00208333333333,93.35862
28.602083333333333,71.10208333333333,97.43049
28.602083333333333,71.20208333333333,103.19622
28.602083333333333,71.30208333333333,103.21978
28.602083333333333,71.40208333333334,105.35929
28.602083333333333,71.50208333333333,111.55151
28.602083333333333,71.60208333333333,113.24245
28.602083333333333,71.70208333333333,112.85951
28.602083333333333,71.80208333333333,113.99374
28.602083333333333,71.90208333333334,119.45196
28.602083333333333,72.00208333333333,115.34462
28.602083333333333,72.10208333333333,119.10165
28.602083333333333,72.20208333333333,120.05262
28.602083333333333,72.30208333333333,128.47893
28.602083333333333,72.40208333333334,128.50058
28.602083333333333,72.50208333333333,134.73747
28.602083333333333,72.60208333333333,130.09618
28.602083333333333,72.70208333333333,137.81462
28.602083333333333,72.80208333333333,165.46022
28.602083333333333,72.90208333333334,158.98715
28.602083333333333,73.00208333333333,182.41818
28.602083333333333,73.10208333333333,179.4616
28.602083333333333,73.20208333333333,199.40556
28.602083333333333,73.30208333333333,199.70595
28.602083333333333,73.40208333333334,207.79178
28.602083333333333,73.50208333333333,211.04147
28.602083333333333,73.60208333333333,205.718
28.602083333333333,73.70208333333333,191.7019
28.602083333333333,73.80208333333333,196.20036
28.602083333333333,73.90208333333334,200.37445
28.602083333333333,74.00208333333333,210.20857
28.602083333333333,74.10208333333333,215.82817
28.602083333333333,74.20208333333333,214.70992
28.602083333333333,74.30208333333333,213.28804
28.602083333333333,74.40208333333334,222.77303
28.602083333333333,74.50208333333333,233.7335
28.602083333333333,74.60208333333333,235.41058
28.602083333333333,74.70208333333333,232.37271
28.602083333333333,74.80208333333333,235.8359
28.602083333333333,74.90208333333334,235.8261
28.602083333333333,75.00208333333333,236.66898
28.602083333333333,75.10208333333334,242.68253
28.602083333333333,75.20208333333333,244.2368
28.602083333333333,75.30208333333333,242.6068
28.602083333333333,75.40208333333334,245.75458
28.702083333333334,69.60208333333333,231.21222
28.702083333333334,69.70208333333333,172.06555
28.702083333333334,69.80208333333333,86.89178
28.702083333333334,69.90208333333334,82.77698
28.702083333333334,70.00208333333333,83.697556
28.702083333333334,70.10208333333333,81.86667
28.702083333333334,70.20208333333333,86.70702
28.702083333333334,70.30208333333333,89.55782
28.702083333333334,70.40208333333334,87.5552
28.702083333333334,70.50208333333333,86.86511
28.702083333333334,70.60208333333333,88.95196
28.702083333333334,70.70208333333333,89.54302
28.702083333333334,70.80208333333333,90.41547
28.702083333333334,70.90208333333334,93.62595
28.702083333333334,71.00208333333333,96.79591
28.702083333333334,71.10208333333333,96.90285
28.702083333333334,71.20208333333333,99.77702
28.702083333333334,71.30208333333333,101.86702
28.702083333333334,71.40208333333334,105.991554
28.702083333333334,71.50208333333333,111.12262
28.702083333333334,71.60208333333333,107.17245
28.702083333333334,71.70208333333333,110.98511
28.702083333333334,71.80208333333333,116.6992
28.702083333333334,71.90208333333334,116.43445
28.702083333333334,72.00208333333333,122.59267
28.702083333333334,72.10208333333333,118.07755
28.702083333333334,72.20208333333333,119.202354
28.702083333333334,72.30208333333333,126.203735
28.702083333333334,72.40208333333334,126.79013
28.702083333333334,72.50208333333333,134.86586
28.702083333333334,72.60208333333333,133.57076
28.702083333333334,72.70208333333333,140.85022
28.702083333333334,72.80208333333333,138.2676
28.702083333333334,72.90208333333334,149.67525
28.702083333333334,73.00208333333333,160.17204
28.702083333333334,73.10208333333333,172.28049
28.702083333333334,73.20208333333333,192.966
28.702083333333334,73.30208333333333,198.95241
28.702083333333334,73.40208333333334,212.68115
28.702083333333334,73.50208333333333,207.1624
28.702083333333334,73.60208333333333,211.68938
28.702083333333334,73.70208333333333,200.87485
28.702083333333334,73.80208333333333,204.84982
28.702083333333334,73.90208333333334,197.45546
28.702083333333334,74.00208333333333,200.77156
28.702083333333334,74.10208333333333,205.79773
28.702083333333334,74.20208333333333,210.18835
28.702083333333334,74.30208333333333,217.97902
28.702083333333334,74.40208333333334,220.8436
28.702083333333334,74.50208333333333,225.30716
28.702083333333334,74.60208333333333,234.06947
28.702083333333334,74.70208333333333,230.85547
28.702083333333334,74.80208333333333,227.06223
28.702083333333334,74.90208333333334,228.0725
28.702083333333334,75.00208333333333,236.43045
28.702083333333334,75.10208333333334,224.56738
28.702083333333334,75.20208333333333,227.13773
28.702083333333334,75.30208333333333,235.5339
28.702083333333334,75.40208333333334,233.74347
28.802083333333336,69.60208333333333,266.2046
28.802083333333336,69.70208333333333,208.16951
28.802083333333336,69.80208333333333,153.64427
28.802083333333336,69.90208333333334,98.65867
28.802083333333336,70.00208333333333,86.83493
28.802083333333336,70.10208333333333,87.6504
28.802083333333336,70.20208333333333,84.98449
28.802083333333336,70.30208333333333,88.18947
28.802083333333336,70.40208333333334,89.32382
28.802083333333336,70.50208333333333,89.82671
28.802083333333336,70.60208333333333,89.71631
28.802083333333336,70.70208333333333,91.18618
28.802083333333336,70.80208333333333,89.62853
28.802083333333336,70.90208333333334,93.65587
28.802083333333336,71.00208333333333,97.86049
28.802083333333336,71.10208333333333,99.13391
28.802083333333336,71.20208333333333,101.3196
28.802083333333336,71.30208333333333,103.442444
28.802083333333336,71.40208333333334,109.289154
28.802083333333336,71.50208333333333,107.803825
28.802083333333336,71.60208333333333,110.65818
28.802083333333336,71.70208333333333,115.26582
28.802083333333336,71.80208333333333,112.9316
28.802083333333336,71.90208333333334,115.3088
28.802083333333336,72.00208333333333,119.092354
28.802083333333336,72.10208333333333,120.144714
28.802083333333336,72.20208333333333,122.35876
28.802083333333336,72.30208333333333,124.70715
28.802083333333336,72.40208333333334,131.17316
28.802083333333336,72.50208333333333,132.95227
28.802083333333336,72.60208333333333,133.49115
28.802083333333336,72.70208333333333,135.80667
28.802083333333336,72.80208333333333,138.89853
28.802083333333336,72.90208333333334,140.30128
28.802083333333336,73.00208333333333,150.27475
28.802083333333336,73.10208333333333,153.54796
28.802083333333336,73.20208333333333,173.93457
28.802083333333336,73.30208333333333,183.82684
28.802083333333336,73.40208333333334,190.77098
28.802083333333336,73.50208333333333,202.58258
28.802083333333336,73.60208333333333,201.93765
28.802083333333336,73.70208333333333,199.06342
28.802083333333336,73.80208333333333,200.28983
28.802083333333336,73.90208333333334,198.32707
28.802083333333336,74.00208333333333,202.46649
28.802083333333336,74.10208333333333,206.36035
28.802083333333336,74.20208333333333,210.17418
28.802083333333336,74.30208333333333,207.22964
28.802083333333336,74.40208333333334,209.28516
28.802083333333336,74.50208333333333,214.22632
28.802083333333336,74.60208333333333,218.65334
28.802083333333336,74.70208333333333,227.69444
28.802083333333336,74.80208333333333,220.69577
28.802083333333336,74.90208333333334,215.99205
28.802083333333336,75.00208333333333,217.33786
28.802083333333336,75.10208333333334,213.37315
28.802083333333336,75.20208333333333,214.66537
28.802083333333336,75.30208333333333,219.06364
28.802083333333336,75.40208333333334,220.07285
28.902083333333334,69.60208333333333,409.1642
28.902083333333334,69.70208333333333,219.33063
28.902083333333334,69.80208333333333,220.33511
28.902083333333334,69.90208333333334,111.55471
28.902083333333334,70.00208333333333,95.65298
28.902083333333334,70.10208333333333,93.46245
28.902083333333334,70.20208333333333,89.51466
28.902083333333334,70.30208333333333,89.87867
28.902083333333334,70.40208333333334,89.73867
28.902083333333334,70.50208333333333,91.304
28.902083333333334,70.60208333333333,92.15018
28.902083333333334,70.70208333333333,92.23009
28.902083333333334,70.80208333333333,92.428535
28.902083333333334,70.90208333333334,92.656975
28.902083333333334,71.00208333333333,97.493065
28.902083333333334,71.10208333333333,99.3332
28.902083333333334,71.20208333333333,101.51622
28.902083333333334,71.30208333333333,104.53369
28.902083333333334,71.40208333333334,105.87284
28.902083333333334,71.50208333333333,108.67427
28.902083333333334,71.60208333333333,117.74053
28.902083333333334,71.70208333333333,112.97449
28.902083333333334,71.80208333333333,116.510086
28.902083333333334,71.90208333333334,115.85316
28.902083333333334,72.00208333333333,118.98413
28.902083333333334,72.10208333333333,121.50085
28.902083333333334,72.20208333333333,121.88849
28.902083333333334,72.30208333333333,125.621956
28.902083333333334,72.40208333333334,127.54093
28.902083333333334,72.50208333333333,133.39258
28.902083333333334,72.60208333333333,133.58618
28.902083333333334,72.70208333333333,137.70392
28.902083333333334,72.80208333333333,140.36978
28.902083333333334,72.90208333333334,143.19395
28.902083333333334,73.00208333333333,144.23436
28.902083333333334,73.10208333333333,145.21217
28.902083333333334,73.20208333333333,157.4468
28.902083333333334,73.30208333333333,168.82849
28.902083333333334,73.40208333333334,181.776
28.902083333333334,73.50208333333333,190.9416
28.902083333333334,73.60208333333333,198.3567
28.902083333333334,73.70208333333333,205.55014
28.902083333333334,73.80208333333333,203.862
28.902083333333334,73.90208333333334,202.4128
28.902083333333334,74.00208333333333,205.49667
28.902083333333334,74.10208333333333,207.40475
28.902083333333334,74.20208333333333,198.67088
28.902083333333334,74.30208333333333,198.57712
28.902083333333334,74.40208333333334,199.16756
28.902083333333334,74.50208333333333,211.48627
28.902083333333334,74.60208333333333,215.2508
28.902083333333334,74.70208333333333,210.84467
28.902083333333334,74.80208333333333,211.2628
28.902083333333334,74.90208333333334,215.01044
28.902083333333334,75.00208333333333,200.9417
28.902083333333334,75.10208333333334,199.22018
28.902083333333334,75.20208333333333,206.34573
28.902083333333334,75.30208333333333,208.85498
28.902083333333334,75.40208333333334,204.05489
29.00208333333333,69.60208333333333,489.1782
29.00208333333333,69.70208333333333,428.93417
29.00208333333333,69.80208333333333,280.25592
29.00208333333333,69.90208333333334,148.32231
29.00208333333333,70.00208333333333,115.68013
29.00208333333333,70.10208333333333,103.00782
29.00208333333333,70.20208333333333,94.10547
29.00208333333333,70.30208333333333,91.44996
29.00208333333333,70.40208333333334,91.70142
29.00208333333333,70.50208333333333,92.39053
29.00208333333333,70.60208333333333,94.01186
29.00208333333333,70.70208333333333,94.40724
29.00208333333333,70.80208333333333,94.97649
29.00208333333333,70.90208333333334,94.52489
29.00208333333333,71.00208333333333,97.735466
29.00208333333333,71.10208333333333,101.002
29.00208333333333,71.20208333333333,102.80929
29.00208333333333,71.30208333333333,105.86022
29.00208333333333,71.40208333333334,107.29587
29.00208333333333,71.50208333333333,109.981064
29.00208333333333,71.60208333333333,113.25311
29.00208333333333,71.70208333333333,115.30707
29.00208333333333,71.80208333333333,117.98458
29.00208333333333,71.90208333333334,119.938354
29.00208333333333,72.00208333333333,122.82369
29.00208333333333,72.10208333333333,127.78222
29.00208333333333,72.20208333333333,125.4804
29.00208333333333,72.30208333333333,126.72667
29.00208333333333,72.40208333333334,129.8936
29.00208333333333,72.50208333333333,141.29951
29.00208333333333,72.60208333333333,134.2777
29.00208333333333,72.70208333333333,138.06618
29.00208333333333,72.80208333333333,143.54529
29.00208333333333,72.90208333333334,144.68938
29.00208333333333,73.00208333333333,146.45667
29.00208333333333,73.10208333333333,153.9627
29.00208333333333,73.20208333333333,149.66489
29.00208333333333,73.30208333333333,160.08249
29.00208333333333,73.40208333333334,167.30582
29.00208333333333,73.50208333333333,176.0969
29.00208333333333,73.60208333333333,193.29266
29.00208333333333,73.70208333333333,198.17804
29.00208333333333,73.80208333333333,202.2752
29.00208333333333,73.90208333333334,198.28462
29.00208333333333,74.00208333333333,209.91231
29.00208333333333,74.10208333333333,199.47067
29.00208333333333,74.20208333333333,198.57938
29.00208333333333,74.30208333333333,187.94017
29.00208333333333,74.40208333333334,190.53093
29.00208333333333,74.50208333333333,200.9112
29.00208333333333,74.60208333333333,195.86525
29.00208333333333,74.70208333333333,194.31044
29.00208333333333,74.80208333333333,192.47987
29.00208333333333,74.90208333333334,204.85089
29.00208333333333,75.00208333333333,199.14853
29.00208333333333,75.10208333333334,200.21712
29.00208333333333,75.20208333333333,203.34885
29.00208333333333,75.30208333333333,209.40196
29.00208333333333,75.40208333333334,217.83307
29.102083333333333,69.60208333333333,583.77075
29.102083333333333,69.70208333333333,1141.172
29.102083333333333,69.80208333333333,715.5699
29.102083333333333,69.90208333333334,220.11049
29.102083333333333,70.00208333333333,137.52516
29.102083333333333,70.10208333333333,115.77929
29.102083333333333,70.20208333333333,98.47022
29.102083333333333,70.30208333333333,93.530975
29.102083333333333,70.40208333333334,93.320045
29.102083333333333,70.50208333333333,95.48724
29.102083333333333,70.60208333333333,95.72173
29.102083333333333,70.70208333333333,95.9508
29.102083333333333,70.80208333333333,97.29769
29.102083333333333,70.90208333333334,98.1988
29.102083333333333,71.00208333333333,96.10871
29.102083333333333,71.10208333333333,100.73511
29.102083333333333,71.20208333333333,105.60369
29.102083333333333,71.30208333333333,105.68511
29.102083333333333,71.40208333333334,110.28169
29.102083333333333,71.50208333333333,116.364975
29.102083333333333,71.60208333333333,117.15933
29.102083333333333,71.70208333333333,117.46676
29.102083333333333,71.80208333333333,117.972664
29.102083333333333,71.90208333333334,119.269775
29.102083333333333,72.00208333333333,121.218315
29.102083333333333,72.10208333333333,124.2968
29.102083333333333,72.20208333333333,130.26743
29.102083333333333,72.30208333333333,127.93395
29.102083333333333,72.40208333333334,131.44316
29.102083333333333,72.50208333333333,135.27614
29.102083333333333,72.60208333333333,136.70306
29.102083333333333,72.70208333333333,139.45093
29.102083333333333,72.80208333333333,142.8492
29.102083333333333,72.90208333333334,148.2576
29.102083333333333,73.00208333333333,148.06227
29.102083333333333,73.10208333333333,150.52582
29.102083333333333,73.20208333333333,153.4384
29.102083333333333,73.30208333333333,159.10426
29.102083333333333,73.40208333333334,154.51027
29.102083333333333,73.50208333333333,160.33289
29.102083333333333,73.60208333333333,183.00298
29.102083333333333,73.70208333333333,189.5572
29.102083333333333,73.80208333333333,189.96205
29.102083333333333,73.90208333333334,195.05716
29.102083333333333,74.00208333333333,201.29378
29.102083333333333,74.10208333333333,197.49889
29.102083333333333,74.20208333333333,187.8693
29.102083333333333,74.30208333333333,184.40134
29.102083333333333,74.40208333333334,183.16835
29.102083333333333,74.50208333333333,191.22058
29.102083333333333,74.60208333333333,196.37392
29.102083333333333,74.70208333333333,192.5748
29.102083333333333,74.80208333333333,193.84418
29.102083333333333,74.90208333333334,195.15942
29.102083333333333,75.00208333333333,205.71556
29.102083333333333,75.10208333333334,196.68262
29.102083333333333,75.20208333333333,218.58925
29.102083333333333,75.30208333333333,204.81613
29.102083333333333,75.40208333333334,205.50667
29.202083333333334,69.60208333333333,757.8678
29.202083333333334,69.70208333333333,629.15314
29.202083333333334,69.80208333333333,568.3263
29.202083333333334,69.90208333333334,371.0928
29.202083333333334,70.00208333333333,173.22365
29.202083333333334,70.10208333333333,134.82373
29.202083333333334,70.20208333333333,105.84325
29.202083333333334,70.30208333333333,98.02556
29.202083333333334,70.40208333333334,95.74338
29.202083333333334,70.50208333333333,97.16973
29.202083333333334,70.60208333333333,97.100044
29.202083333333334,70.70208333333333,96.495026
29.202083333333334,70.80208333333333,99.30422
29.202083333333334,70.90208333333334,100.49885
29.202083333333334,71.00208333333333,100.52924
29.202083333333334,71.10208333333333,101.651955
29.202083333333334,71.20208333333333,103.02111
29.202083333333334,71.30208333333333,106.82933
29.202083333333334,71.40208333333334,109.36804
29.202083333333334,71.50208333333333,114.32289
29.202083333333334,71.60208333333333,118.38973
29.202083333333334,71.70208333333333,115.88133
29.202083333333334,71.80208333333333,120.867065
29.202083333333334,71.90208333333334,120.66787
29.202083333333334,72.00208333333333,126.76093
29.202083333333334,72.10208333333333,127.56289
29.202083333333334,72.20208333333333,127.45484
29.202083333333334,72.30208333333333,130.56334
29.202083333333334,72.40208333333334,132.9421
29.202083333333334,72.50208333333333,138.92783
29.202083333333334,72.60208333333333,138.12755
29.202083333333334,72.70208333333333,141.63431
29.202083333333334,72.80208333333333,143.19186
29.202083333333334,72.90208333333334,145.0636
29.202083333333334,73.00208333333333,147.41298
29.202083333333334,73.10208333333333,151.43173
29.202083333333334,73.20208333333333,151.9468
29.202083333333334,73.30208333333333,155.13115
29.202083333333334,73.40208333333334,158.20427
29.202083333333334,73.50208333333333,160.52733
29.202083333333334,73.60208333333333,175.1245
29.202083333333334,73.70208333333333,169.76245
29.202083333333334,73.80208333333333,175.58995
29.202083333333334,73.90208333333334,185.82928
29.202083333333334,74.00208333333333,203.2447
29.202083333333334,74.10208333333333,191.48529
29.202083333333334,74.20208333333333,188.4812
29.202083333333334,74.30208333333333,190.6232
29.202083333333334,74.40208333333334,193.91444
29.202083333333334,74.50208333333333,190.72298
29.202083333333334,74.60208333333333,189.63649
29.202083333333334,74.70208333333333,194.20497
29.202083333333334,74.80208333333333,195.14151
29.202083333333334,74.90208333333334,194.58556
29.202083333333334,75.00208333333333,198.16275
29.202083333333334,75.10208333333334,200.49017
29.202083333333334,75.20208333333333,201.70804
29.202083333333334,75.30208333333333,204.66187
29.202083333333334,75.40208333333334,205.31058
29.302083333333336,69.60208333333333,772.52637
29.302083333333336,69.70208333333333,747.996
29.302083333333336,69.80208333333333,650.7249
29.302083333333336,69.90208333333334,596.5771
29.302083333333336,70.00208333333333,331.4295
29.302083333333336,70.10208333333333,159.5008
29.302083333333336,70.20208333333333,119.378265
29.302083333333336,70.30208333333333,107.79658
29.302083333333336,70.40208333333334,99.58804
29.302083333333336,70.50208333333333,98.441376
29.302083333333336,70.60208333333333,99.77227
29.302083333333336,70.70208333333333,98.6516
29.302083333333336,70.80208333333333,100.04867
29.302083333333336,70.90208333333334,101.23929
29.302083333333336,71.00208333333333,101.574135
29.302083333333336,71.10208333333333,102.136086
29.302083333333336,71.20208333333333,105.64116
29.302083333333336,71.30208333333333,108.955246
29.302083333333336,71.40208333333334,111.08573
29.302083333333336,71.50208333333333,112.669334
29.302083333333336,71.60208333333333,114.69334
29.302083333333336,71.70208333333333,117.06209
29.302083333333336,71.80208333333333,121.65249
29.302083333333336,71.90208333333334,123.083115
29.302083333333336,72.00208333333333,124.91995
29.302083333333336,72.10208333333333,126.7452
29.302083333333336,72.20208333333333,128.79303
29.302083333333336,72.30208333333333,131.78232
29.302083333333336,72.40208333333334,141.91312
29.302083333333336,72.50208333333333,137.4072
29.302083333333336,72.60208333333333,141.67178
29.302083333333336,72.70208333333333,142.88103
29.302083333333336,72.80208333333333,143.9616
29.302083333333336,72.90208333333334,147.34938
29.302083333333336,73.00208333333333,148.80196
29.302083333333336,73.10208333333333,150.82338
29.302083333333336,73.20208333333333,160.02623
29.302083333333336,73.30208333333333,155.68845
29.302083333333336,73.40208333333334,159.53383
29.302083333333336,73.50208333333333,162.37436
29.302083333333336,73.60208333333333,162.58244
29.302083333333336,73.70208333333333,169.0352
29.302083333333336,73.80208333333333,168.55049
29.302083333333336,73.90208333333334,186.76231
29.302083333333336,74.00208333333333,181.66293
29.302083333333336,74.10208333333333,186.31667
29.302083333333336,74.20208333333333,195.4584
29.302083333333336,74.30208333333333,174.71916
29.302083333333336,74.40208333333334,188.94702
29.302083333333336,74.50208333333333,188.9468
29.302083333333336,74.60208333333333,190.9941
29.302083333333336,74.70208333333333,194.46303
29.302083333333336,74.80208333333333,194.83289
29.302083333333336,74.90208333333334,199.426
29.302083333333336,75.00208333333333,199.07071
29.302083333333336,75.10208333333334,200.04631
29.302083333333336,75.20208333333333,203.60933
29.302083333333336,75.30208333333333,203.68373
29.302083333333336,75.40208333333334,207.9836
29.402083333333334,69.60208333333333,910.8472
29.402083333333334,69.70208333333333,733.75415
29.402083333333334,69.80208333333333,985.01276
29.402083333333334,69.90208333333334,448.7835
29.402083333333334,70.00208333333333,348.44302
29.402083333333334,70.10208333333333,172.68822
29.402083333333334,70.20208333333333,137.88675
29.402083333333334,70.30208333333333,118.87084
29.402083333333334,70.40208333333334,105.579865
29.402083333333334,70.50208333333333,101.54991
29.402083333333334,70.60208333333333,102.513115
29.402083333333334,70.70208333333333,101.28178
29.402083333333334,70.80208333333333,101.72307
29.402083333333334,70.90208333333334,102.27493
29.402083333333334,71.00208333333333,103.74226
29.402083333333334,71.10208333333333,104.785866
29.402083333333334,71.20208333333333,106.64244
29.402083333333334,71.30208333333333,108.726265
29.402083333333334,71.40208333333334,110.60173
29.402083333333334,71.50208333333333,112.03169
29.402083333333334,71.60208333333333,115.07316
29.402083333333334,71.70208333333333,116.46182
29.402083333333334,71.80208333333333,122.621155
29.402083333333334,71.90208333333334,123.77586
29.402083333333334,72.00208333333333,128.02026
29.402083333333334,72.10208333333333,129.46217
29.402083333333334,72.20208333333333,130.35649
29.402083333333334,72.30208333333333,132.4392
29.402083333333334,72.40208333333334,138.06702
29.402083333333334,72.50208333333333,139.05663
29.402083333333334,72.60208333333333,140.77444
29.402083333333334,72.70208333333333,143.13649
29.402083333333334,72.80208333333333,144.39725
29.402083333333334,72.90208333333334,146.36009
29.402083333333334,73.00208333333333,149.73155
29.402083333333334,73.10208333333333,155.0784
29.402083333333334,73.20208333333333,155.57445
29.402083333333334,73.30208333333333,162.60045
29.402083333333334,73.40208333333334,162.0873
29.402083333333334,73.50208333333333,163.82787
29.402083333333334,73.60208333333333,165.66747
29.402083333333334,73.70208333333333,170.17369
29.402083333333334,73.80208333333333,173.0359
29.402083333333334,73.90208333333334,174.31711
29.402083333333334,74.00208333333333,173.8245
29.402083333333334,74.10208333333333,179.22525
29.402083333333334,74.20208333333333,182.06769
29.402083333333334,74.30208333333333,185.36649
29.402083333333334,74.40208333333334,185.63596
29.402083333333334,74.50208333333333,188.31183
29.402083333333334,74.60208333333333,200.2839
29.402083333333334,74.70208333333333,193.47774
29.402083333333334,74.80208333333333,194.94733
29.402083333333334,74.90208333333334,198.44974
29.402083333333334,75.00208333333333,198.40543
29.402083333333334,75.10208333333334,201.68831
29.402083333333334,75.20208333333333,204.41805
29.402083333333334,75.30208333333333,209.88667
29.402083333333334,75.40208333333334,210.40378
29.50208333333333,69.60208333333333,709.7328
29.50208333333333,69.70208333333333,712.7299
29.50208333333333,69.80208333333333,884.014
29.50208333333333,69.90208333333334,1089.8943
29.50208333333333,70.00208333333333,289.88092
29.50208333333333,70.10208333333333,161.838
29.50208333333333,70.20208333333333,142.618
29.50208333333333,70.30208333333333,128.5676
29.50208333333333,70.40208333333334,115.60609
29.50208333333333,70.50208333333333,105.574844
29.50208333333333,70.60208333333333,104.82618
29.50208333333333,70.70208333333333,103.3128
29.50208333333333,70.80208333333333,106.584625
29.50208333333333,70.90208333333334,107.07804
29.50208333333333,71.00208333333333,105.20915
29.50208333333333,71.10208333333333,106.48071
29.50208333333333,71.20208333333333,105.628136
29.50208333333333,71.30208333333333,106.82782
29.50208333333333,71.40208333333334,109.935646
29.50208333333333,71.50208333333333,111.940445
29.50208333333333,71.60208333333333,115.60191
29.50208333333333,71.70208333333333,117.66227
29.50208333333333,71.80208333333333,117.792046
29.50208333333333,71.90208333333334,118.308975
29.50208333333333,72.00208333333333,120.225555
29.50208333333333,72.10208333333333,128.10089
29.50208333333333,72.20208333333333,132.89435
29.50208333333333,72.30208333333333,133.00467
29.50208333333333,72.40208333333334,135.7064
29.50208333333333,72.50208333333333,141.53938
29.50208333333333,72.60208333333333,142.32942
29.50208333333333,72.70208333333333,144.08667
29.50208333333333,72.80208333333333,146.15671
29.50208333333333,72.90208333333334,148.82262
29.50208333333333,73.00208333333333,150.20871
29.50208333333333,73.10208333333333,154.5843
29.50208333333333,73.20208333333333,157.08693
29.50208333333333,73.30208333333333,158.7308
29.50208333333333,73.40208333333334,162.9177
29.50208333333333,73.50208333333333,165.36525
29.50208333333333,73.60208333333333,165.9548
29.50208333333333,73.70208333333333,170.87209
29.50208333333333,73.80208333333333,171.66747
29.50208333333333,73.90208333333334,175.65729
29.50208333333333,74.00208333333333,177.01404
29.50208333333333,74.10208333333333,177.62027
29.50208333333333,74.20208333333333,181.83075
29.50208333333333,74.30208333333333,184.5599
29.50208333333333,74.40208333333334,185.95027
29.50208333333333,74.50208333333333,187.0092
29.50208333333333,74.60208333333333,191.27142
29.50208333333333,74.70208333333333,193.67783
29.50208333333333,74.80208333333333,193.36374
29.50208333333333,74.90208333333334,197.74133
29.50208333333333,75.00208333333333,198.02995
29.50208333333333,75.10208333333334,202.15924
29.50208333333333,75.20208333333333,203.63951
29.50208333333333,75.30208333333333,207.28502
29.50208333333333,75.40208333333334,208.50179
29.602083333333333,69.60208333333333,922.6245
29.602083333333333,69.70208333333333,1014.46643
29.602083333333333,69.80208333333333,1159.2943
29.602083333333333,69.90208333333334,1126.3147
29.602083333333333,70.00208333333333,390.7617
29.602083333333333,70.10208333333333,175.21196
29.602083333333333,70.20208333333333,152.54431
29.602083333333333,70.30208333333333,127.739914
29.602083333333333,70.40208333333334,114.16942
29.602083333333333,70.50208333333333,107.06004
29.602083333333333,70.60208333333333,105.188225
29.602083333333333,70.70208333333333,105.5
29.602083333333333,70.80208333333333,108.39969
29.602083333333333,70.90208333333334,109.40822
29.602083333333333,71.00208333333333,109.10698
29.602083333333333,71.10208333333333,108.99964
29.602083333333333,71.20208333333333,108.88454
29.602083333333333,71.30208333333333,110.487335
29.602083333333333,71.40208333333334,111.72409
29.602083333333333,71.50208333333333,113.350624
29.602083333333333,71.60208333333333,115.18604
29.602083333333333,71.70208333333333,117.89631
29.602083333333333,71.80208333333333,120.49964
29.602083333333333,71.90208333333334,123.524574
29.602083333333333,72.00208333333333,125.2532
29.602083333333333,72.10208333333333,125.84533
29.602083333333333,72.20208333333333,127.14929
29.602083333333333,72.30208333333333,129.52951
29.602083333333333,72.40208333333334,137.73604
29.602083333333333,72.50208333333333,141.81134
29.602083333333333,72.60208333333333,143.8917
29.602083333333333,72.70208333333333,143.9183
29.602083333333333,72.80208333333333,148.24454
29.602083333333333,72.90208333333334,149.31
29.602083333333333,73.00208333333333,151.34702
29.602083333333333,73.10208333333333,153.90675
29.602083333333333,73.20208333333333,157.18694
29.602083333333333,73.30208333333333,158.06702
29.602083333333333,73.40208333333334,161.87831
29.602083333333333,73.50208333333333,164.1004
29.602083333333333,73.60208333333333,165.97649
29.602083333333333,73.70208333333333,169.00769
29.602083333333333,73.80208333333333,172.37991
29.602083333333333,73.90208333333334,174.52826
29.602083333333333,74.00208333333333,177.26657
29.602083333333333,74.10208333333333,179.19173
29.602083333333333,74.20208333333333,181.16316
29.602083333333333,74.30208333333333,182.32858
29.602083333333333,74.40208333333334,184.3185
29.602083333333333,74.50208333333333,189.27893
29.602083333333333,74.60208333333333,186.05356
29.602083333333333,74.70208333333333,194.99965
29.602083333333333,74.80208333333333,196.46796
29.602083333333333,74.90208333333334,198.54524
29.602083333333333,75.00208333333333,201.75555
29.602083333333333,75.10208333333334,202.90048
29.602083333333333,75.20208333333333,205.96568
29.602083333333333,75.30208333333333,208.34111
29.602083333333333,75.40208333333334,210.04875
29.702083333333334,69.60208333333333,1140.606
29.702083333333334,69.70208333333333,873.3977
29.702083333333334,69.80208333333333,1302.2067
29.702083333333334,69.90208333333334,1360.5663
29.702083333333334,70.00208333333333,580.6231
29.702083333333334,70.10208333333333,238.07462
29.702083333333334,70.20208333333333,183.73018
29.702083333333334,70.30208333333333,153.95444
29.702083333333334,70.40208333333334,127.93991
29.702083333333334,70.50208333333333,109.542175
29.702083333333334,70.60208333333333,108.70885
29.702083333333334,70.70208333333333,108.812225
29.702083333333334,70.80208333333333,111.28373
29.702083333333334,70.90208333333334,111.64222
29.702083333333334,71.00208333333333,110.34418
29.702083333333334,71.10208333333333,110.29191
29.702083333333334,71.20208333333333,111.26831
29.702083333333334,71.30208333333333,112.5036
29.702083333333334,71.40208333333334,113.110756
29.702083333333334,71.50208333333333,115.41858
29.702083333333334,71.60208333333333,118.33529
29.702083333333334,71.70208333333333,118.61191
29.702083333333334,71.80208333333333,121.03231
29.702083333333334,71.90208333333334,122.94795
29.702083333333334,72.00208333333333,125.31187
29.702083333333334,72.10208333333333,128.84822
29.702083333333334,72.20208333333333,127.156845
29.702083333333334,72.30208333333333,131.03125
29.702083333333334,72.40208333333334,132.7447
29.702083333333334,72.50208333333333,135.59645
29.702083333333334,72.60208333333333,140.94186
29.702083333333334,72.70208333333333,149.44435
29.702083333333334,72.80208333333333,149.57814
29.702083333333334,72.90208333333334,150.1083
29.702083333333334,73.00208333333333,154.9984
29.702083333333334,73.10208333333333,155.14848
29.702083333333334,73.20208333333333,158.9828
29.702083333333334,73.30208333333333,161.38528
29.702083333333334,73.40208333333334,162.80551
29.702083333333334,73.50208333333333,163.47813
29.702083333333334,73.60208333333333,167.89218
29.702083333333334,73.70208333333333,169.65343
29.702083333333334,73.80208333333333,173.77164
29.702083333333334,73.90208333333334,175.28511
29.702083333333334,74.00208333333333,178.25342
29.702083333333334,74.10208333333333,179.75484
29.702083333333334,74.20208333333333,182.35654
29.702083333333334,74.30208333333333,184.58698
29.702083333333334,74.40208333333334,187.35814
29.702083333333334,74.50208333333333,189.5136
29.702083333333334,74.60208333333333,193.49391
29.702083333333334,74.70208333333333,194.1027
29.702083333333334,74.80208333333333,197.03587
29.702083333333334,74.90208333333334,199.59924
29.702083333333334,75.00208333333333,202.482
29.702083333333334,75.10208333333334,204.74649
29.702083333333334,75.20208333333333,205.97537
29.702083333333334,75.30208333333333,208.94124
29.702083333333334,75.40208333333334,210.52512
29.802083333333336,69.60208333333333,1132.0477
29.802083333333336,69.70208333333333,977.0799
29.802083333333336,69.80208333333333,986.9926
29.802083333333336,69.90208333333334,1354.5012
29.802083333333336,70.00208333333333,1232.9086
29.802083333333336,70.10208333333333,416.8698
29.802083333333336,70.20208333333333,238.23592
29.802083333333336,70.30208333333333,188.02774
29.802083333333336,70.40208333333334,144.414
29.802083333333336,70.50208333333333,113.81102
29.802083333333336,70.60208333333333,112.19591
29.802083333333336,70.70208333333333,111.95698
29.802083333333336,70.80208333333333,112.81564
29.802083333333336,70.90208333333334,114.45693
29.802083333333336,71.00208333333333,112.765915
29.802083333333336,71.10208333333333,110.65507
29.802083333333336,71.20208333333333,113.151245
29.802083333333336,71.30208333333333,113.9928
29.802083333333336,71.40208333333334,114.254135
29.802083333333336,71.50208333333333,116.36631
29.802083333333336,71.60208333333333,118.447685
29.802083333333336,71.70208333333333,120.07711
29.802083333333336,71.80208333333333,121.7364
29.802083333333336,71.90208333333334,125.03725
29.802083333333336,72.00208333333333,126.93729
29.802083333333336,72.10208333333333,128.90605
29.802083333333336,72.20208333333333,131.54462
29.802083333333336,72.30208333333333,131.50787
29.802083333333336,72.40208333333334,134.80351
29.802083333333336,72.50208333333333,136.48769
29.802083333333336,72.60208333333333,139.10533
29.802083333333336,72.70208333333333,141.28378
29.802083333333336,72.80208333333333,142.01631
29.802083333333336,72.90208333333334,147.55333
29.802083333333336,73.00208333333333,156.57382
29.802083333333336,73.10208333333333,157.23346
29.802083333333336,73.20208333333333,160.5319
29.802083333333336,73.30208333333333,161.53973
29.802083333333336,73.40208333333334,164.08138
29.802083333333336,73.50208333333333,167.45964
29.802083333333336,73.60208333333333,171.25365
29.802083333333336,73.70208333333333,169.91556
29.802083333333336,73.80208333333333,172.38524
29.802083333333336,73.90208333333334,175.26933
29.802083333333336,74.00208333333333,177.38449
29.802083333333336,74.10208333333333,181.59155
29.802083333333336,74.20208333333333,182.39072
29.802083333333336,74.30208333333333,185.77338
29.802083333333336,74.40208333333334,187.71008
29.802083333333336,74.50208333333333,190.83653
29.802083333333336,74.60208333333333,193.34106
29.802083333333336,74.70208333333333,196.73787
29.802083333333336,74.80208333333333,198.81071
29.802083333333336,74.90208333333334,201.75604
29.802083333333336,75.00208333333333,204.84898
29.802083333333336,75.10208333333334,206.19542
29.802083333333336,75.20208333333333,207.9519
29.802083333333336,75.30208333333333,211.42409
29.802083333333336,75.40208333333334,212.73315
